second,bucket,sessions
1970/01/01 06:00:03,udp,1
1970/01/01 06:00:17,tcp-syn,5
1970/01/01 06:00:23,udp,4
1970/01/01 06:00:24,tcp-syn,2
1970/01/01 06:00:29,udp,1
1970/01/01 06:00:46,tcp-syn,1
1970/01/01 06:00:51,udp,2
1970/01/01 06:00:52,tcp-syn,1
1970/01/01 06:00:53,tcp-syn,1
1970/01/01 06:01:02,tcp-syn,1
1970/01/01 06:01:05,tcp-syn,1
1970/01/01 06:01:16,tcp-syn,2
1970/01/01 06:01:24,tcp-syn,1
1970/01/01 06:01:25,tcp-syn,3
1970/01/01 06:01:33,tcp-syn,2
1970/01/01 06:01:34,tcp-syn,2
1970/01/01 06:01:35,tcp-syn,2
1970/01/01 06:01:37,udp,2
1970/01/01 06:01:43,tcp-syn,2
1970/01/01 06:01:43,udp,1
1970/01/01 06:01:55,tcp-syn,1
1970/01/01 06:01:59,tcp-syn,1
1970/01/01 06:02:01,tcp-syn,3
1970/01/01 06:02:03,tcp-syn,1
1970/01/01 06:02:04,udp,1
1970/01/01 06:02:06,tcp-syn,1
1970/01/01 06:02:14,tcp-syn,1
1970/01/01 06:02:20,tcp-syn,1
1970/01/01 06:02:26,tcp-syn,1
1970/01/01 06:02:26,udp,1
1970/01/01 06:02:31,tcp-syn,2
1970/01/01 06:02:34,tcp-syn,1
1970/01/01 06:02:38,tcp-syn,1
1970/01/01 06:02:43,udp,1
1970/01/01 06:02:53,tcp-syn,1
1970/01/01 06:03:02,tcp-syn,1
1970/01/01 06:03:15,tcp-syn,1
1970/01/01 06:03:16,tcp-syn,1
1970/01/01 06:03:20,tcp-syn,1
1970/01/01 06:03:21,tcp-syn,1
1970/01/01 06:03:26,tcp-syn,2
1970/01/01 06:03:28,tcp-syn,2
1970/01/01 06:03:35,tcp-syn,2
1970/01/01 06:03:43,tcp-syn,1
1970/01/01 06:03:59,tcp-syn,1
1970/01/01 06:04:03,tcp-syn,1
1970/01/01 06:04:09,tcp-syn,1
1970/01/01 06:04:12,tcp-syn,4
1970/01/01 06:04:15,tcp-syn,2
1970/01/01 06:04:20,tcp-syn,2
1970/01/01 06:04:28,tcp-syn,1
1970/01/01 06:04:34,tcp-syn,1
1970/01/01 06:04:39,udp,1
1970/01/01 06:04:42,udp,2
1970/01/01 06:04:43,udp,2
1970/01/01 06:04:47,tcp-syn,1
1970/01/01 06:04:48,tcp-syn,2
1970/01/01 06:04:50,udp,5
1970/01/01 06:04:53,tcp-syn,1
1970/01/01 06:05:01,tcp-syn,2
1970/01/01 06:05:06,tcp-syn,1
1970/01/01 06:05:13,tcp-syn,1
1970/01/01 06:05:15,tcp-syn,1
1970/01/01 06:05:17,tcp-syn,1
1970/01/01 06:05:19,udp,1
1970/01/01 06:05:30,tcp-syn,2
1970/01/01 06:05:38,tcp-syn,1
1970/01/01 06:05:43,udp,1
1970/01/01 06:05:47,tcp-syn,1
1970/01/01 06:05:54,tcp-syn,5
1970/01/01 06:06:00,tcp-syn,1
1970/01/01 06:06:01,tcp-syn,1
1970/01/01 06:06:08,tcp-syn,1
1970/01/01 06:06:10,tcp-syn,1
1970/01/01 06:06:19,tcp-syn,2
1970/01/01 06:06:30,tcp-syn,2
1970/01/01 06:06:31,tcp-syn,1
1970/01/01 06:06:34,tcp-syn,1
1970/01/01 06:06:37,tcp-syn,2
1970/01/01 06:06:44,udp,1
1970/01/01 06:06:48,tcp-syn,1
1970/01/01 06:06:52,tcp-syn,1
1970/01/01 06:06:56,icmp,1
1970/01/01 06:06:57,tcp-syn,1
1970/01/01 06:06:57,udp,1
1970/01/01 06:07:15,udp,1
1970/01/01 06:07:16,tcp-syn,2
1970/01/01 06:07:21,tcp-syn,2
1970/01/01 06:07:28,tcp-syn,1
1970/01/01 06:07:32,tcp-syn,5
1970/01/01 06:07:46,tcp-syn,1
1970/01/01 06:07:53,tcp-syn,2
1970/01/01 06:07:54,tcp-syn,1
1970/01/01 06:08:08,tcp-syn,1
1970/01/01 06:08:18,tcp-syn,1
1970/01/01 06:08:19,tcp-syn,1
1970/01/01 06:08:26,tcp-syn,1
1970/01/01 06:08:33,tcp-syn,1
1970/01/01 06:08:34,tcp-syn,1
1970/01/01 06:08:37,tcp-syn,1
1970/01/01 06:08:41,tcp-syn,2
1970/01/01 06:08:50,tcp-syn,1
1970/01/01 06:08:54,tcp-syn,1
1970/01/01 06:08:56,tcp-syn,2
1970/01/01 06:08:59,udp,1
1970/01/01 06:09:01,tcp-syn,1
1970/01/01 06:09:04,tcp-syn,1
1970/01/01 06:09:07,tcp-syn,3
1970/01/01 06:09:13,udp,3
1970/01/01 06:09:23,tcp-syn,1
1970/01/01 06:09:28,tcp-syn,2
1970/01/01 06:09:34,tcp-syn,1
1970/01/01 06:09:40,tcp-syn,2
1970/01/01 06:09:43,tcp-syn,2
1970/01/01 06:10:01,tcp-syn,1
1970/01/01 06:10:03,tcp-syn,1
1970/01/01 06:10:07,udp,5
1970/01/01 06:10:13,tcp-syn,1
1970/01/01 06:10:18,tcp-syn,1
1970/01/01 06:10:21,tcp-syn,2
1970/01/01 06:10:22,udp,1
1970/01/01 06:10:23,tcp-syn,1
1970/01/01 06:10:24,tcp-syn,4
1970/01/01 06:10:25,tcp-syn,1
1970/01/01 06:10:32,tcp-syn,1
1970/01/01 06:10:33,tcp-syn,1
1970/01/01 06:10:36,tcp-syn,1
1970/01/01 06:10:40,icmp,2
1970/01/01 06:10:44,tcp-syn,1
1970/01/01 06:10:56,tcp-syn,2
1970/01/01 06:10:56,udp,2
1970/01/01 06:10:59,tcp-syn,1
1970/01/01 06:11:03,tcp-syn,1
1970/01/01 06:11:04,tcp-syn,1
1970/01/01 06:11:06,tcp-syn,2
1970/01/01 06:11:12,tcp-syn,2
1970/01/01 06:11:19,udp,1
1970/01/01 06:11:19,icmp,1
1970/01/01 06:11:29,tcp-syn,2
1970/01/01 06:11:32,tcp-syn,1
1970/01/01 06:11:38,tcp-syn,2
1970/01/01 06:11:41,tcp-syn,1
1970/01/01 06:11:46,tcp-syn,1
1970/01/01 06:11:47,tcp-syn,1
1970/01/01 06:11:56,tcp-syn,2
1970/01/01 06:11:59,tcp-syn,2
1970/01/01 06:12:00,tcp-syn,1
1970/01/01 06:12:02,tcp-syn,2
1970/01/01 06:12:04,tcp-syn,1
1970/01/01 06:12:12,tcp-syn,1
1970/01/01 06:12:29,tcp-syn,2
1970/01/01 06:12:51,tcp-syn,1
1970/01/01 06:12:53,tcp-syn,1
1970/01/01 06:12:55,tcp-syn,2
1970/01/01 06:13:03,tcp-syn,1
1970/01/01 06:13:05,tcp-syn,2
1970/01/01 06:13:06,udp,2
1970/01/01 06:13:09,tcp-syn,2
1970/01/01 06:13:10,tcp-syn,1
1970/01/01 06:13:11,tcp-syn,1
1970/01/01 06:13:17,tcp-syn,1
1970/01/01 06:13:20,tcp-syn,1
1970/01/01 06:13:26,tcp-syn,2
1970/01/01 06:13:27,tcp-syn,2
1970/01/01 06:13:32,tcp-syn,1
1970/01/01 06:13:33,tcp-syn,1
1970/01/01 06:13:35,tcp-syn,2
1970/01/01 06:13:44,tcp-syn,1
1970/01/01 06:14:02,tcp-syn,2
1970/01/01 06:14:04,tcp-syn,1
1970/01/01 06:14:06,other-ip,1
1970/01/01 06:14:08,tcp-syn,1
1970/01/01 06:14:09,tcp-syn,1
1970/01/01 06:14:18,tcp-syn,1
1970/01/01 06:14:20,tcp-syn,1
1970/01/01 06:14:30,tcp-syn,1
1970/01/01 06:14:31,tcp-syn,2
1970/01/01 06:14:37,udp,1
1970/01/01 06:14:40,tcp-syn,1
1970/01/01 06:14:41,tcp-syn,1
1970/01/01 06:14:42,tcp-syn,3
1970/01/01 06:14:44,udp,1
1970/01/01 06:14:52,tcp-syn,1
1970/01/01 06:14:58,tcp-syn,1
1970/01/01 06:14:58,icmp,1
1970/01/01 06:15:01,tcp-syn,1
1970/01/01 06:15:13,tcp-syn,2
1970/01/01 06:15:14,tcp-syn,1
1970/01/01 06:15:26,tcp-syn,1
1970/01/01 06:15:27,tcp-syn,2
1970/01/01 06:15:35,tcp-syn,1
1970/01/01 06:15:36,tcp-syn,1
1970/01/01 06:15:44,tcp-syn,1
1970/01/01 06:15:50,tcp-syn,1
1970/01/01 06:15:53,tcp-syn,1
1970/01/01 06:15:54,tcp-syn,2
1970/01/01 06:15:55,tcp-syn,2
1970/01/01 06:16:03,tcp-syn,1
1970/01/01 06:16:12,tcp-syn,3
1970/01/01 06:16:21,tcp-syn,2
1970/01/01 06:16:27,tcp-syn,1
1970/01/01 06:16:34,tcp-syn,2
1970/01/01 06:16:36,tcp-syn,2
1970/01/01 06:16:41,tcp-syn,1
1970/01/01 06:16:46,tcp-syn,1
1970/01/01 06:16:46,udp,1
1970/01/01 06:16:51,tcp-syn,3
1970/01/01 06:16:53,tcp-syn,2
1970/01/01 06:16:54,tcp-syn,2
1970/01/01 06:16:56,tcp-syn,1
1970/01/01 06:16:57,tcp-syn,2
1970/01/01 06:17:01,tcp-syn,1
1970/01/01 06:17:01,icmp,1
1970/01/01 06:17:03,tcp-syn,2
1970/01/01 06:17:19,tcp-syn,1
1970/01/01 06:17:32,tcp-syn,2
1970/01/01 06:17:33,tcp-syn,1
1970/01/01 06:17:39,tcp-syn,1
1970/01/01 06:17:46,tcp-syn,2
1970/01/01 06:17:48,tcp-syn,2
1970/01/01 06:17:51,tcp-syn,2
1970/01/01 06:18:02,tcp-syn,1
1970/01/01 06:18:06,tcp-syn,1
1970/01/01 06:18:20,tcp-syn,2
1970/01/01 06:18:24,tcp-syn,1
1970/01/01 06:18:26,udp,1
1970/01/01 06:18:35,tcp-syn,1
1970/01/01 06:18:39,tcp-syn,1
1970/01/01 06:18:42,tcp-syn,5
1970/01/01 06:18:49,tcp-syn,4
1970/01/01 06:18:55,tcp-syn,1
1970/01/01 06:19:09,tcp-syn,2
1970/01/01 06:19:10,tcp-syn,1
1970/01/01 06:19:14,tcp-syn,1
1970/01/01 06:19:19,tcp-syn,1
1970/01/01 06:19:20,tcp-syn,1
1970/01/01 06:19:23,tcp-syn,1
1970/01/01 06:19:34,tcp-syn,1
1970/01/01 06:19:38,tcp-syn,2
1970/01/01 06:19:38,udp,1
1970/01/01 06:19:40,tcp-syn,1
1970/01/01 06:19:41,udp,2
1970/01/01 06:19:46,tcp-syn,1
1970/01/01 06:19:47,tcp-syn,1
1970/01/01 06:19:50,tcp-syn,1
1970/01/01 06:19:55,udp,1
1970/01/01 06:19:59,udp,1
1970/01/01 06:20:12,tcp-syn,1
1970/01/01 06:20:13,udp,1
1970/01/01 06:20:20,tcp-syn,2
1970/01/01 06:20:20,icmp,1
1970/01/01 06:20:22,tcp-syn,1
1970/01/01 06:20:26,tcp-syn,2
1970/01/01 06:20:27,tcp-syn,1
1970/01/01 06:20:32,tcp-syn,1
1970/01/01 06:20:34,tcp-syn,1
1970/01/01 06:20:39,udp,1
1970/01/01 06:20:42,tcp-syn,2
1970/01/01 06:20:52,tcp-syn,1
1970/01/01 06:20:56,tcp-syn,1
1970/01/01 06:21:11,udp,6
1970/01/01 06:21:12,tcp-syn,2
1970/01/01 06:21:17,tcp-syn,1
1970/01/01 06:21:23,udp,1
1970/01/01 06:21:24,tcp-syn,1
1970/01/01 06:21:28,tcp-syn,2
1970/01/01 06:21:31,tcp-syn,1
1970/01/01 06:21:43,tcp-syn,2
1970/01/01 06:21:45,tcp-syn,1
1970/01/01 06:21:55,tcp-syn,1
1970/01/01 06:22:05,tcp-syn,1
1970/01/01 06:22:07,tcp-syn,2
1970/01/01 06:22:17,tcp-syn,1
1970/01/01 06:22:17,udp,1
1970/01/01 06:22:18,tcp-syn,2
1970/01/01 06:22:22,tcp-syn,1
1970/01/01 06:22:23,tcp-syn,1
1970/01/01 06:22:24,tcp-syn,1
1970/01/01 06:22:26,tcp-syn,1
1970/01/01 06:22:28,udp,2
1970/01/01 06:22:30,tcp-syn,1
1970/01/01 06:22:31,tcp-syn,1
1970/01/01 06:22:32,tcp-syn,1
1970/01/01 06:22:38,tcp-syn,1
1970/01/01 06:22:44,tcp-syn,1
1970/01/01 06:22:51,tcp-syn,1
1970/01/01 06:22:55,other-ip,1
1970/01/01 06:22:58,udp,1
1970/01/01 06:23:08,tcp-syn,1
1970/01/01 06:23:12,tcp-syn,2
1970/01/01 06:23:15,tcp-syn,1
1970/01/01 06:23:17,tcp-syn,5
1970/01/01 06:23:33,tcp-syn,1
1970/01/01 06:23:39,tcp-syn,1
1970/01/01 06:23:44,tcp-syn,1
1970/01/01 06:23:48,tcp-syn,2
1970/01/01 06:24:00,icmp,1
1970/01/01 06:24:05,tcp-syn,1
1970/01/01 06:24:12,tcp-syn,2
1970/01/01 06:24:18,tcp-syn,2
1970/01/01 06:24:25,tcp-syn,1
1970/01/01 06:24:35,tcp-syn,1
1970/01/01 06:24:37,tcp-syn,2
1970/01/01 06:24:39,tcp-syn,2
1970/01/01 06:24:41,tcp-syn,1
1970/01/01 06:24:42,tcp-syn,2
1970/01/01 06:24:46,tcp-syn,5
1970/01/01 06:24:48,tcp-syn,1
1970/01/01 06:25:07,tcp-syn,1
1970/01/01 06:25:10,udp,1
1970/01/01 06:25:18,tcp-syn,1
1970/01/01 06:25:20,tcp-syn,2
1970/01/01 06:25:25,tcp-syn,1
1970/01/01 06:25:33,tcp-syn,1
1970/01/01 06:25:34,tcp-syn,2
1970/01/01 06:25:35,tcp-syn,2
1970/01/01 06:25:42,tcp-syn,1
1970/01/01 06:25:47,tcp-syn,2
1970/01/01 06:25:49,tcp-syn,2
1970/01/01 06:25:51,tcp-syn,1
1970/01/01 06:25:52,tcp-syn,1
1970/01/01 06:26:07,tcp-syn,2
1970/01/01 06:26:08,tcp-syn,2
1970/01/01 06:26:09,tcp-syn,1
1970/01/01 06:26:11,udp,2
1970/01/01 06:26:15,tcp-syn,1
1970/01/01 06:26:32,tcp-syn,1
1970/01/01 06:26:33,tcp-syn,1
1970/01/01 06:26:39,udp,1
1970/01/01 06:26:40,tcp-syn,1
1970/01/01 06:26:43,icmp,2
1970/01/01 06:26:45,tcp-syn,1
1970/01/01 06:26:50,tcp-syn,2
1970/01/01 06:26:51,tcp-syn,5
1970/01/01 06:27:03,tcp-syn,5
1970/01/01 06:27:14,udp,2
1970/01/01 06:27:21,tcp-syn,1
1970/01/01 06:27:23,udp,6
1970/01/01 06:27:24,tcp-syn,2
1970/01/01 06:27:45,tcp-syn,1
1970/01/01 06:27:48,tcp-syn,1
1970/01/01 06:27:50,tcp-syn,2
1970/01/01 06:27:54,tcp-syn,2
1970/01/01 06:27:57,tcp-syn,1
1970/01/01 06:28:02,tcp-syn,1
1970/01/01 06:28:03,tcp-syn,1
1970/01/01 06:28:07,tcp-syn,1
1970/01/01 06:28:08,tcp-syn,2
1970/01/01 06:28:09,tcp-syn,2
1970/01/01 06:28:10,tcp-syn,1
1970/01/01 06:28:13,tcp-syn,1
1970/01/01 06:28:15,tcp-syn,1
1970/01/01 06:28:17,tcp-syn,1
1970/01/01 06:28:19,tcp-syn,1
1970/01/01 06:28:27,tcp-syn,1
1970/01/01 06:28:33,tcp-syn,1
1970/01/01 06:28:35,tcp-syn,1
1970/01/01 06:28:40,tcp-syn,2
1970/01/01 06:28:41,tcp-syn,1
1970/01/01 06:28:50,tcp-syn,1
1970/01/01 06:28:51,tcp-syn,5
1970/01/01 06:28:52,tcp-syn,1
1970/01/01 06:28:56,icmp,1
1970/01/01 06:28:59,tcp-syn,1
1970/01/01 06:29:04,tcp-syn,1
1970/01/01 06:29:08,tcp-syn,1
1970/01/01 06:29:09,tcp-syn,2
1970/01/01 06:29:10,tcp-syn,2
1970/01/01 06:29:26,tcp-syn,2
1970/01/01 06:29:30,tcp-syn,1
1970/01/01 06:29:34,tcp-syn,1
1970/01/01 06:29:36,tcp-syn,1
1970/01/01 06:29:39,tcp-syn,1
1970/01/01 06:29:53,tcp-syn,1
1970/01/01 06:29:57,tcp-syn,1
1970/01/01 06:30:01,udp,1
1970/01/01 06:30:02,tcp-syn,1
1970/01/01 06:30:10,tcp-syn,2
1970/01/01 06:30:12,tcp-syn,1
1970/01/01 06:30:14,tcp-syn,1
1970/01/01 06:30:17,tcp-syn,1
1970/01/01 06:30:18,tcp-syn,1
1970/01/01 06:30:23,tcp-syn,1
1970/01/01 06:30:36,tcp-syn,2
1970/01/01 06:30:40,tcp-syn,1
1970/01/01 06:30:46,tcp-syn,1
1970/01/01 06:30:52,tcp-syn,3
1970/01/01 06:30:56,tcp-syn,2
1970/01/01 06:30:58,tcp-syn,2
1970/01/01 06:30:59,tcp-syn,2
1970/01/01 06:31:14,udp,1
1970/01/01 06:31:16,tcp-syn,1
1970/01/01 06:31:17,tcp-syn,1
1970/01/01 06:31:18,tcp-syn,1
1970/01/01 06:31:26,tcp-syn,2
1970/01/01 06:31:27,tcp-syn,2
1970/01/01 06:31:29,tcp-syn,1
1970/01/01 06:31:30,tcp-syn,2
1970/01/01 06:31:38,udp,2
1970/01/01 06:31:45,tcp-syn,1
1970/01/01 06:31:48,tcp-syn,1
1970/01/01 06:31:51,udp,1
1970/01/01 06:31:52,tcp-syn,1
1970/01/01 06:31:53,tcp-syn,1
1970/01/01 06:31:53,udp,1
1970/01/01 06:31:55,tcp-syn,1
1970/01/01 06:32:03,tcp-syn,1
1970/01/01 06:32:04,tcp-syn,2
1970/01/01 06:32:07,udp,1
1970/01/01 06:32:08,udp,4
1970/01/01 06:32:11,tcp-syn,2
1970/01/01 06:32:18,tcp-syn,1
1970/01/01 06:32:19,tcp-syn,1
1970/01/01 06:32:26,tcp-syn,2
1970/01/01 06:32:28,tcp-syn,2
1970/01/01 06:32:33,tcp-syn,2
1970/01/01 06:32:38,tcp-syn,1
1970/01/01 06:32:43,icmp,2
1970/01/01 06:32:44,tcp-syn,1
1970/01/01 06:32:49,tcp-syn,2
1970/01/01 06:33:00,tcp-syn,1
1970/01/01 06:33:02,tcp-syn,2
1970/01/01 06:33:03,tcp-syn,1
1970/01/01 06:33:13,tcp-syn,3
1970/01/01 06:33:19,tcp-syn,2
1970/01/01 06:33:22,tcp-syn,1
1970/01/01 06:33:24,tcp-syn,1
1970/01/01 06:33:25,tcp-syn,1
1970/01/01 06:33:32,tcp-syn,1
1970/01/01 06:33:49,tcp-syn,1
1970/01/01 06:33:57,tcp-syn,2
1970/01/01 06:34:00,tcp-syn,2
1970/01/01 06:34:06,tcp-syn,2
1970/01/01 06:34:07,tcp-syn,2
1970/01/01 06:34:08,tcp-syn,2
1970/01/01 06:34:22,tcp-syn,2
1970/01/01 06:34:33,tcp-syn,1
1970/01/01 06:34:37,tcp-syn,1
1970/01/01 06:34:38,tcp-syn,3
1970/01/01 06:34:40,tcp-syn,1
1970/01/01 06:34:44,tcp-syn,1
1970/01/01 06:34:46,tcp-syn,1
1970/01/01 06:34:47,tcp-syn,1
1970/01/01 06:34:49,tcp-syn,1
1970/01/01 06:34:54,udp,1
1970/01/01 06:34:56,tcp-syn,2
1970/01/01 06:34:57,tcp-syn,1
1970/01/01 06:35:05,tcp-syn,1
1970/01/01 06:35:07,tcp-syn,1
1970/01/01 06:35:08,tcp-syn,2
1970/01/01 06:35:10,tcp-syn,1
1970/01/01 06:35:14,tcp-syn,1
1970/01/01 06:35:16,tcp-syn,1
1970/01/01 06:35:17,udp,2
1970/01/01 06:35:20,tcp-syn,2
1970/01/01 06:35:25,tcp-syn,2
1970/01/01 06:35:33,tcp-syn,2
1970/01/01 06:35:35,tcp-syn,1
1970/01/01 06:35:38,tcp-syn,1
1970/01/01 06:35:39,tcp-syn,1
1970/01/01 06:35:45,tcp-syn,1
1970/01/01 06:35:49,tcp-syn,1
1970/01/01 06:35:54,tcp-syn,2
1970/01/01 06:35:55,tcp-syn,1
1970/01/01 06:36:03,tcp-syn,1
1970/01/01 06:36:05,tcp-syn,1
1970/01/01 06:36:10,tcp-syn,1
1970/01/01 06:36:12,tcp-syn,1
1970/01/01 06:36:15,tcp-syn,1
1970/01/01 06:36:17,tcp-syn,1
1970/01/01 06:36:19,tcp-syn,1
1970/01/01 06:36:23,tcp-syn,1
1970/01/01 06:36:28,tcp-syn,1
1970/01/01 06:36:30,tcp-syn,1
1970/01/01 06:36:38,icmp,1
1970/01/01 06:36:45,tcp-syn,1
1970/01/01 06:36:50,tcp-syn,1
1970/01/01 06:36:54,tcp-syn,2
1970/01/01 06:36:59,tcp-syn,2
1970/01/01 06:37:06,tcp-syn,1
1970/01/01 06:37:11,udp,1
1970/01/01 06:37:12,udp,6
1970/01/01 06:37:22,tcp-syn,1
1970/01/01 06:37:25,tcp-syn,2
1970/01/01 06:37:32,tcp-syn,1
1970/01/01 06:37:47,tcp-syn,2
1970/01/01 06:37:48,tcp-syn,2
1970/01/01 06:37:56,tcp-syn,1
1970/01/01 06:37:59,tcp-syn,1
1970/01/01 06:38:00,tcp-syn,1
1970/01/01 06:38:04,tcp-syn,2
1970/01/01 06:38:05,tcp-syn,1
1970/01/01 06:38:12,tcp-syn,2
1970/01/01 06:38:13,tcp-syn,2
1970/01/01 06:38:14,tcp-syn,2
1970/01/01 06:38:16,tcp-syn,1
1970/01/01 06:38:20,tcp-syn,2
1970/01/01 06:38:27,tcp-syn,1
1970/01/01 06:38:33,tcp-syn,2
1970/01/01 06:38:44,tcp-syn,1
1970/01/01 06:38:47,tcp-syn,1
1970/01/01 06:38:55,tcp-syn,2
1970/01/01 06:39:08,tcp-syn,2
1970/01/01 06:39:09,udp,2
1970/01/01 06:39:11,tcp-syn,1
1970/01/01 06:39:16,tcp-syn,1
1970/01/01 06:39:18,udp,1
1970/01/01 06:39:21,tcp-syn,2
1970/01/01 06:39:27,tcp-syn,2
1970/01/01 06:39:32,udp,1
1970/01/01 06:39:49,udp,1
1970/01/01 06:39:51,tcp-syn,2
1970/01/01 06:39:52,tcp-syn,2
1970/01/01 06:39:54,udp,1
1970/01/01 06:40:14,tcp-syn,2
1970/01/01 06:40:22,tcp-syn,5
1970/01/01 06:40:23,tcp-syn,2
1970/01/01 06:40:26,tcp-syn,2
1970/01/01 06:40:28,tcp-syn,2
1970/01/01 06:40:36,tcp-syn,1
1970/01/01 06:40:37,tcp-syn,1
1970/01/01 06:40:40,tcp-syn,1
1970/01/01 06:40:56,tcp-syn,1
1970/01/01 06:40:57,tcp-syn,1
1970/01/01 06:40:58,tcp-syn,1
1970/01/01 06:41:01,tcp-syn,2
1970/01/01 06:41:24,tcp-syn,1
1970/01/01 06:41:54,tcp-syn,1
1970/01/01 06:41:56,tcp-syn,2
1970/01/01 06:42:07,tcp-syn,2
1970/01/01 06:42:12,tcp-syn,1
1970/01/01 06:42:33,tcp-syn,1
1970/01/01 06:42:34,tcp-syn,1
1970/01/01 06:42:34,other-ip,1
1970/01/01 06:42:35,tcp-syn,2
1970/01/01 06:42:43,tcp-syn,1
1970/01/01 06:42:51,tcp-syn,2
1970/01/01 06:42:55,tcp-syn,5
1970/01/01 06:42:57,tcp-syn,1
1970/01/01 06:43:01,udp,1
1970/01/01 06:43:10,tcp-syn,1
1970/01/01 06:43:14,tcp-syn,1
1970/01/01 06:43:17,tcp-syn,2
1970/01/01 06:43:18,tcp-syn,1
1970/01/01 06:43:21,tcp-syn,2
1970/01/01 06:43:23,tcp-syn,2
1970/01/01 06:43:28,tcp-syn,2
1970/01/01 06:43:34,tcp-syn,1
1970/01/01 06:43:36,tcp-syn,3
1970/01/01 06:43:39,tcp-syn,2
1970/01/01 06:43:43,tcp-syn,1
1970/01/01 06:43:53,tcp-syn,1
1970/01/01 06:43:54,tcp-syn,1
1970/01/01 06:43:55,tcp-syn,1
1970/01/01 06:44:04,tcp-syn,1
1970/01/01 06:44:06,tcp-syn,2
1970/01/01 06:44:14,tcp-syn,1
1970/01/01 06:44:16,tcp-syn,1
1970/01/01 06:44:22,udp,1
1970/01/01 06:44:23,tcp-syn,2
1970/01/01 06:44:27,tcp-syn,1
1970/01/01 06:44:29,tcp-syn,1
1970/01/01 06:44:31,tcp-syn,1
1970/01/01 06:44:36,tcp-syn,1
1970/01/01 06:44:39,tcp-syn,4
1970/01/01 06:44:44,tcp-syn,2
1970/01/01 06:44:50,tcp-syn,1
1970/01/01 06:44:56,tcp-syn,1
1970/01/01 06:44:58,tcp-syn,1
1970/01/01 06:45:05,tcp-syn,1
1970/01/01 06:45:13,tcp-syn,2
1970/01/01 06:45:18,tcp-syn,1
1970/01/01 06:45:29,tcp-syn,1
1970/01/01 06:45:30,tcp-syn,1
1970/01/01 06:45:43,tcp-syn,2
1970/01/01 06:45:47,tcp-syn,2
1970/01/01 06:45:55,tcp-syn,1
1970/01/01 06:45:58,tcp-syn,1
1970/01/01 06:46:01,tcp-syn,1
1970/01/01 06:46:08,tcp-syn,1
1970/01/01 06:46:12,tcp-syn,1
1970/01/01 06:46:19,tcp-syn,1
1970/01/01 06:46:19,other-ip,1
1970/01/01 06:46:32,tcp-syn,2
1970/01/01 06:46:41,tcp-syn,1
1970/01/01 06:46:53,tcp-syn,1
1970/01/01 06:46:55,tcp-syn,1
1970/01/01 06:46:57,tcp-syn,1
1970/01/01 06:47:04,tcp-syn,2
1970/01/01 06:47:05,tcp-syn,1
1970/01/01 06:47:15,udp,3
1970/01/01 06:47:25,other-ip,1
1970/01/01 06:47:26,tcp-syn,1
1970/01/01 06:47:30,tcp-syn,1
1970/01/01 06:47:40,tcp-syn,2
1970/01/01 06:47:44,tcp-syn,1
1970/01/01 06:47:45,tcp-syn,1
1970/01/01 06:47:50,udp,2
1970/01/01 06:47:57,tcp-syn,1
1970/01/01 06:48:07,tcp-syn,1
1970/01/01 06:48:14,tcp-syn,1
1970/01/01 06:48:15,tcp-syn,2
1970/01/01 06:48:21,udp,1
1970/01/01 06:48:24,tcp-syn,2
1970/01/01 06:48:25,tcp-syn,1
1970/01/01 06:48:27,tcp-syn,1
1970/01/01 06:48:28,tcp-syn,2
1970/01/01 06:48:32,tcp-syn,2
1970/01/01 06:48:42,tcp-syn,1
1970/01/01 06:48:43,tcp-syn,1
1970/01/01 06:48:45,tcp-syn,1
1970/01/01 06:49:06,tcp-syn,1
1970/01/01 06:49:18,tcp-syn,2
1970/01/01 06:49:21,tcp-syn,4
1970/01/01 06:49:23,tcp-syn,1
1970/01/01 06:49:23,udp,2
1970/01/01 06:49:25,tcp-syn,1
1970/01/01 06:49:31,tcp-syn,2
1970/01/01 06:49:53,tcp-syn,1
1970/01/01 06:49:54,tcp-syn,1
1970/01/01 06:50:11,tcp-syn,1
1970/01/01 06:50:15,tcp-syn,1
1970/01/01 06:50:16,tcp-syn,1
1970/01/01 06:50:24,tcp-syn,1
1970/01/01 06:50:25,tcp-syn,1
1970/01/01 06:50:26,tcp-syn,1
1970/01/01 06:50:30,tcp-syn,2
1970/01/01 06:50:32,tcp-syn,2
1970/01/01 06:50:39,tcp-syn,1
1970/01/01 06:50:42,udp,1
1970/01/01 06:50:44,tcp-syn,1
1970/01/01 06:50:45,tcp-syn,3
1970/01/01 06:50:50,tcp-syn,1
1970/01/01 06:50:51,tcp-syn,2
1970/01/01 06:51:05,tcp-syn,2
1970/01/01 06:51:06,tcp-syn,2
1970/01/01 06:51:08,tcp-syn,1
1970/01/01 06:51:10,tcp-syn,2
1970/01/01 06:51:17,tcp-syn,2
1970/01/01 06:51:24,tcp-syn,1
1970/01/01 06:51:27,tcp-syn,1
1970/01/01 06:51:28,tcp-syn,2
1970/01/01 06:51:38,tcp-syn,1
1970/01/01 06:51:44,tcp-syn,2
1970/01/01 06:51:51,tcp-syn,5
1970/01/01 06:51:58,tcp-syn,2
1970/01/01 06:52:01,tcp-syn,1
1970/01/01 06:52:04,tcp-syn,1
1970/01/01 06:52:10,tcp-syn,1
1970/01/01 06:52:13,udp,1
1970/01/01 06:52:14,tcp-syn,2
1970/01/01 06:52:14,udp,6
1970/01/01 06:52:16,tcp-syn,2
1970/01/01 06:52:23,tcp-syn,1
1970/01/01 06:52:25,tcp-syn,1
1970/01/01 06:52:31,tcp-syn,1
1970/01/01 06:52:42,tcp-syn,1
1970/01/01 06:52:45,tcp-syn,1
1970/01/01 06:52:48,udp,1
1970/01/01 06:52:52,tcp-syn,1
1970/01/01 06:53:04,tcp-syn,1
1970/01/01 06:53:13,udp,1
1970/01/01 06:53:15,tcp-syn,1
1970/01/01 06:53:17,tcp-syn,1
1970/01/01 06:53:17,udp,1
1970/01/01 06:53:18,tcp-syn,1
1970/01/01 06:53:26,tcp-syn,1
1970/01/01 06:53:31,tcp-syn,2
1970/01/01 06:53:35,tcp-syn,1
1970/01/01 06:53:40,tcp-syn,1
1970/01/01 06:53:48,tcp-syn,1
1970/01/01 06:53:51,tcp-syn,1
1970/01/01 06:54:00,tcp-syn,2
1970/01/01 06:54:01,tcp-syn,1
1970/01/01 06:54:04,tcp-syn,1
1970/01/01 06:54:06,tcp-syn,1
1970/01/01 06:54:07,tcp-syn,2
1970/01/01 06:54:08,udp,2
1970/01/01 06:54:12,tcp-syn,1
1970/01/01 06:54:18,tcp-syn,1
1970/01/01 06:54:20,tcp-syn,2
1970/01/01 06:54:23,tcp-syn,1
1970/01/01 06:54:29,tcp-syn,1
1970/01/01 06:54:32,tcp-syn,2
1970/01/01 06:54:35,udp,1
1970/01/01 06:54:38,tcp-syn,1
1970/01/01 06:54:43,tcp-syn,1
1970/01/01 06:54:44,tcp-syn,1
1970/01/01 06:54:48,tcp-syn,1
1970/01/01 06:54:55,tcp-syn,1
1970/01/01 06:55:10,tcp-syn,1
1970/01/01 06:55:13,tcp-syn,5
1970/01/01 06:55:14,tcp-syn,1
1970/01/01 06:55:18,tcp-syn,2
1970/01/01 06:55:20,tcp-syn,1
1970/01/01 06:55:22,tcp-syn,1
1970/01/01 06:55:25,tcp-syn,1
1970/01/01 06:55:26,udp,6
1970/01/01 06:55:29,tcp-syn,2
1970/01/01 06:55:33,tcp-syn,1
1970/01/01 06:55:50,tcp-syn,1
1970/01/01 06:55:55,tcp-syn,1
1970/01/01 06:56:00,tcp-syn,2
1970/01/01 06:56:05,tcp-syn,2
1970/01/01 06:56:07,tcp-syn,1
1970/01/01 06:56:08,tcp-syn,1
1970/01/01 06:56:22,tcp-syn,1
1970/01/01 06:56:25,tcp-syn,1
1970/01/01 06:56:37,tcp-syn,1
1970/01/01 06:56:48,tcp-syn,1
1970/01/01 06:56:57,tcp-syn,1
1970/01/01 06:56:59,tcp-syn,1
1970/01/01 06:57:02,tcp-syn,1
1970/01/01 06:57:05,tcp-syn,1
1970/01/01 06:57:11,tcp-syn,2
1970/01/01 06:57:12,tcp-syn,2
1970/01/01 06:57:14,tcp-syn,1
1970/01/01 06:57:20,udp,1
1970/01/01 06:57:35,tcp-syn,2
1970/01/01 06:57:43,udp,1
1970/01/01 06:57:45,tcp-syn,2
1970/01/01 06:57:48,tcp-syn,2
1970/01/01 06:57:50,tcp-syn,1
1970/01/01 06:58:03,tcp-syn,2
1970/01/01 06:58:08,tcp-syn,2
1970/01/01 06:58:13,tcp-syn,1
1970/01/01 06:58:17,tcp-syn,1
1970/01/01 06:58:19,tcp-syn,1
1970/01/01 06:58:19,udp,1
1970/01/01 06:58:25,tcp-syn,2
1970/01/01 06:58:29,tcp-syn,1
1970/01/01 06:58:41,tcp-syn,1
1970/01/01 06:58:43,tcp-syn,1
1970/01/01 06:58:45,tcp-syn,1
1970/01/01 06:58:52,tcp-syn,1
1970/01/01 06:58:55,tcp-syn,2
1970/01/01 06:59:02,tcp-syn,1
1970/01/01 06:59:09,tcp-syn,2
1970/01/01 06:59:10,tcp-syn,1
1970/01/01 06:59:12,tcp-syn,1
1970/01/01 06:59:21,tcp-syn,1
1970/01/01 06:59:31,tcp-syn,1
1970/01/01 06:59:34,tcp-syn,1
1970/01/01 06:59:49,udp,3
1970/01/01 06:59:50,tcp-syn,1
1970/01/01 06:59:54,tcp-syn,2
1970/01/01 06:59:57,tcp-syn,1
1970/01/01 07:00:06,tcp-syn,1
1970/01/01 07:00:07,tcp-syn,1
1970/01/01 07:00:12,tcp-syn,4
1970/01/01 07:00:13,tcp-syn,1
1970/01/01 07:00:17,tcp-syn,1
1970/01/01 07:00:26,tcp-syn,2
1970/01/01 07:00:29,tcp-syn,1
1970/01/01 07:00:34,tcp-syn,2
1970/01/01 07:00:39,tcp-syn,2
1970/01/01 07:00:41,tcp-syn,1
1970/01/01 07:00:48,tcp-syn,2
1970/01/01 07:01:00,tcp-syn,1
1970/01/01 07:01:06,tcp-syn,1
1970/01/01 07:01:09,tcp-syn,1
1970/01/01 07:01:15,tcp-syn,2
1970/01/01 07:01:21,tcp-syn,1
1970/01/01 07:01:29,tcp-syn,5
1970/01/01 07:01:34,tcp-syn,1
1970/01/01 07:01:36,tcp-syn,2
1970/01/01 07:01:38,tcp-syn,2
1970/01/01 07:01:46,tcp-syn,4
1970/01/01 07:01:48,udp,1
1970/01/01 07:01:50,tcp-syn,2
1970/01/01 07:01:51,tcp-syn,1
1970/01/01 07:01:58,tcp-syn,1
1970/01/01 07:02:08,tcp-syn,1
1970/01/01 07:02:14,tcp-syn,2
1970/01/01 07:02:15,tcp-syn,1
1970/01/01 07:02:17,tcp-syn,1
1970/01/01 07:02:23,tcp-syn,1
1970/01/01 07:02:26,tcp-syn,2
1970/01/01 07:02:28,tcp-syn,1
1970/01/01 07:02:31,tcp-syn,3
1970/01/01 07:02:35,tcp-syn,2
1970/01/01 07:02:38,tcp-syn,1
1970/01/01 07:02:39,tcp-syn,1
1970/01/01 07:02:42,tcp-syn,2
1970/01/01 07:02:58,tcp-syn,2
1970/01/01 07:02:59,tcp-syn,2
1970/01/01 07:03:01,tcp-syn,4
1970/01/01 07:03:08,tcp-syn,1
1970/01/01 07:03:11,tcp-syn,2
1970/01/01 07:03:12,tcp-syn,1
1970/01/01 07:03:13,tcp-syn,1
1970/01/01 07:03:17,tcp-syn,1
1970/01/01 07:03:21,tcp-syn,1
1970/01/01 07:03:23,tcp-syn,1
1970/01/01 07:03:23,udp,1
1970/01/01 07:03:25,tcp-syn,1
1970/01/01 07:03:26,tcp-syn,2
1970/01/01 07:03:34,tcp-syn,1
1970/01/01 07:03:37,icmp,2
1970/01/01 07:03:41,tcp-syn,1
1970/01/01 07:03:42,tcp-syn,2
1970/01/01 07:03:43,tcp-syn,1
1970/01/01 07:03:44,tcp-syn,2
1970/01/01 07:03:45,tcp-syn,1
1970/01/01 07:03:46,tcp-syn,2
1970/01/01 07:03:56,udp,1
1970/01/01 07:03:58,tcp-syn,1
1970/01/01 07:04:12,tcp-syn,2
1970/01/01 07:04:15,tcp-syn,4
1970/01/01 07:04:27,tcp-syn,1
1970/01/01 07:04:28,tcp-syn,1
1970/01/01 07:04:32,tcp-syn,1
1970/01/01 07:04:38,tcp-syn,1
1970/01/01 07:04:39,tcp-syn,1
1970/01/01 07:04:40,tcp-syn,1
1970/01/01 07:04:40,icmp,1
1970/01/01 07:04:54,icmp,2
1970/01/01 07:04:58,tcp-syn,1
1970/01/01 07:04:59,tcp-syn,1
1970/01/01 07:05:01,tcp-syn,2
1970/01/01 07:05:05,tcp-syn,1
1970/01/01 07:05:08,udp,6
1970/01/01 07:05:10,tcp-syn,1
1970/01/01 07:05:11,tcp-syn,1
1970/01/01 07:05:11,udp,1
1970/01/01 07:05:13,tcp-syn,1
1970/01/01 07:05:15,udp,1
1970/01/01 07:05:16,tcp-syn,2
1970/01/01 07:05:18,tcp-syn,1
1970/01/01 07:05:20,tcp-syn,1
1970/01/01 07:05:21,tcp-syn,1
1970/01/01 07:05:37,tcp-syn,1
1970/01/01 07:05:49,tcp-syn,2
1970/01/01 07:05:55,tcp-syn,4
1970/01/01 07:06:00,tcp-syn,1
1970/01/01 07:06:04,tcp-syn,1
1970/01/01 07:06:06,tcp-syn,1
1970/01/01 07:06:18,tcp-syn,2
1970/01/01 07:06:19,tcp-syn,2
1970/01/01 07:06:21,tcp-syn,1
1970/01/01 07:06:29,tcp-syn,2
1970/01/01 07:06:32,tcp-syn,2
1970/01/01 07:06:42,tcp-syn,1
1970/01/01 07:06:43,tcp-syn,1
1970/01/01 07:06:44,tcp-syn,1
1970/01/01 07:06:48,tcp-syn,2
1970/01/01 07:06:50,tcp-syn,1
1970/01/01 07:06:56,tcp-syn,1
1970/01/01 07:06:57,tcp-syn,1
1970/01/01 07:07:07,tcp-syn,1
1970/01/01 07:07:09,tcp-syn,1
1970/01/01 07:07:10,tcp-syn,1
1970/01/01 07:07:12,udp,1
1970/01/01 07:07:14,tcp-syn,2
1970/01/01 07:07:17,tcp-syn,2
1970/01/01 07:07:22,tcp-syn,1
1970/01/01 07:07:28,tcp-syn,1
1970/01/01 07:07:31,udp,2
1970/01/01 07:07:52,tcp-syn,2
1970/01/01 07:08:00,udp,1
1970/01/01 07:08:07,tcp-syn,1
1970/01/01 07:08:09,udp,1
1970/01/01 07:08:11,tcp-syn,2
1970/01/01 07:08:13,tcp-syn,2
1970/01/01 07:08:18,tcp-syn,2
1970/01/01 07:08:19,tcp-syn,1
1970/01/01 07:08:20,tcp-syn,1
1970/01/01 07:08:22,tcp-syn,1
1970/01/01 07:08:30,tcp-syn,2
1970/01/01 07:08:34,udp,1
1970/01/01 07:08:46,tcp-syn,2
1970/01/01 07:08:51,tcp-syn,1
1970/01/01 07:08:54,udp,1
1970/01/01 07:09:06,tcp-syn,3
1970/01/01 07:09:13,tcp-syn,1
1970/01/01 07:09:16,tcp-syn,1
1970/01/01 07:09:17,tcp-syn,2
1970/01/01 07:09:31,tcp-syn,1
1970/01/01 07:09:32,tcp-syn,1
1970/01/01 07:09:37,tcp-syn,1
1970/01/01 07:09:38,tcp-syn,5
1970/01/01 07:09:39,tcp-syn,2
1970/01/01 07:09:40,tcp-syn,1
1970/01/01 07:09:47,tcp-syn,1
1970/01/01 07:09:50,tcp-syn,2
1970/01/01 07:10:06,tcp-syn,1
1970/01/01 07:10:08,tcp-syn,1
1970/01/01 07:10:15,tcp-syn,1
1970/01/01 07:10:24,tcp-syn,1
1970/01/01 07:10:37,tcp-syn,1
1970/01/01 07:10:47,tcp-syn,1
1970/01/01 07:10:51,tcp-syn,1
1970/01/01 07:10:52,tcp-syn,2
1970/01/01 07:11:13,udp,2
1970/01/01 07:11:15,tcp-syn,2
1970/01/01 07:11:20,tcp-syn,1
1970/01/01 07:11:22,tcp-syn,1
1970/01/01 07:11:33,udp,1
1970/01/01 07:11:38,udp,2
1970/01/01 07:11:55,tcp-syn,1
1970/01/01 07:12:02,tcp-syn,1
1970/01/01 07:12:04,tcp-syn,1
1970/01/01 07:12:05,tcp-syn,1
1970/01/01 07:12:08,tcp-syn,2
1970/01/01 07:12:09,tcp-syn,1
1970/01/01 07:12:17,tcp-syn,2
1970/01/01 07:12:23,tcp-syn,2
1970/01/01 07:12:24,tcp-syn,1
1970/01/01 07:12:32,tcp-syn,1
1970/01/01 07:12:36,tcp-syn,1
1970/01/01 07:12:37,tcp-syn,1
1970/01/01 07:12:38,tcp-syn,1
1970/01/01 07:12:41,tcp-syn,2
1970/01/01 07:12:44,tcp-syn,2
1970/01/01 07:12:45,tcp-syn,2
1970/01/01 07:13:02,tcp-syn,4
1970/01/01 07:13:03,tcp-syn,1
1970/01/01 07:13:09,tcp-syn,1
1970/01/01 07:13:11,tcp-syn,2
1970/01/01 07:13:11,udp,6
1970/01/01 07:13:12,tcp-syn,1
1970/01/01 07:13:17,tcp-syn,2
1970/01/01 07:13:18,tcp-syn,1
1970/01/01 07:13:22,tcp-syn,1
1970/01/01 07:13:26,tcp-syn,2
1970/01/01 07:13:38,tcp-syn,3
1970/01/01 07:13:39,tcp-syn,1
1970/01/01 07:13:43,tcp-syn,1
1970/01/01 07:13:49,tcp-syn,1
1970/01/01 07:13:52,tcp-syn,1
1970/01/01 07:13:56,tcp-syn,1
1970/01/01 07:14:01,tcp-syn,1
1970/01/01 07:14:06,tcp-syn,2
1970/01/01 07:14:07,tcp-syn,5
1970/01/01 07:14:07,udp,1
1970/01/01 07:14:08,tcp-syn,1
1970/01/01 07:14:11,tcp-syn,1
1970/01/01 07:14:21,tcp-syn,2
1970/01/01 07:14:23,tcp-syn,2
1970/01/01 07:14:24,tcp-syn,1
1970/01/01 07:14:31,tcp-syn,1
1970/01/01 07:14:35,tcp-syn,1
1970/01/01 07:14:38,tcp-syn,1
1970/01/01 07:14:47,tcp-syn,1
1970/01/01 07:14:56,tcp-syn,2
1970/01/01 07:14:59,udp,2
1970/01/01 07:15:00,tcp-syn,4
1970/01/01 07:15:12,tcp-syn,1
1970/01/01 07:15:34,tcp-syn,1
1970/01/01 07:15:37,tcp-syn,2
1970/01/01 07:15:40,tcp-syn,1
1970/01/01 07:15:42,tcp-syn,2
1970/01/01 07:15:49,tcp-syn,1
1970/01/01 07:15:50,tcp-syn,1
1970/01/01 07:15:57,udp,1
1970/01/01 07:15:58,tcp-syn,1
1970/01/01 07:16:03,tcp-syn,2
1970/01/01 07:16:04,tcp-syn,3
1970/01/01 07:16:08,tcp-syn,1
1970/01/01 07:16:10,tcp-syn,2
1970/01/01 07:16:19,tcp-syn,1
1970/01/01 07:16:24,tcp-syn,2
1970/01/01 07:16:30,tcp-syn,1
1970/01/01 07:16:39,tcp-syn,1
1970/01/01 07:16:48,tcp-syn,2
1970/01/01 07:16:53,tcp-syn,1
1970/01/01 07:16:54,tcp-syn,2
1970/01/01 07:16:57,udp,1
1970/01/01 07:16:58,udp,2
1970/01/01 07:16:59,tcp-syn,2
1970/01/01 07:17:01,tcp-syn,1
1970/01/01 07:17:02,tcp-syn,1
1970/01/01 07:17:06,udp,1
1970/01/01 07:17:07,tcp-syn,1
1970/01/01 07:17:08,tcp-syn,1
1970/01/01 07:17:13,tcp-syn,2
1970/01/01 07:17:14,tcp-syn,1
1970/01/01 07:17:19,tcp-syn,1
1970/01/01 07:17:23,tcp-syn,1
1970/01/01 07:17:28,tcp-syn,1
1970/01/01 07:17:33,tcp-syn,1
1970/01/01 07:17:35,tcp-syn,2
1970/01/01 07:17:40,tcp-syn,1
1970/01/01 07:17:43,tcp-syn,2
1970/01/01 07:17:49,tcp-syn,2
1970/01/01 07:17:57,udp,2
1970/01/01 07:17:57,icmp,1
1970/01/01 07:17:58,tcp-syn,1
1970/01/01 07:17:59,tcp-syn,1
1970/01/01 07:18:00,tcp-syn,2
1970/01/01 07:18:02,tcp-syn,2
1970/01/01 07:18:23,tcp-syn,1
1970/01/01 07:18:34,udp,1
1970/01/01 07:18:40,tcp-syn,1
1970/01/01 07:18:45,tcp-syn,1
1970/01/01 07:18:46,tcp-syn,1
1970/01/01 07:18:46,icmp,1
1970/01/01 07:18:50,tcp-syn,2
1970/01/01 07:18:51,tcp-syn,1
1970/01/01 07:18:54,tcp-syn,1
1970/01/01 07:19:02,tcp-syn,1
1970/01/01 07:19:06,tcp-syn,1
1970/01/01 07:19:08,tcp-syn,2
1970/01/01 07:19:15,tcp-syn,1
1970/01/01 07:19:19,tcp-syn,1
1970/01/01 07:19:22,tcp-syn,1
1970/01/01 07:19:24,tcp-syn,2
1970/01/01 07:19:26,tcp-syn,1
1970/01/01 07:19:44,tcp-syn,1
1970/01/01 07:19:46,tcp-syn,1
1970/01/01 07:19:51,tcp-syn,1
1970/01/01 07:19:58,tcp-syn,1
1970/01/01 07:20:05,tcp-syn,1
1970/01/01 07:20:07,tcp-syn,1
1970/01/01 07:20:08,tcp-syn,1
1970/01/01 07:20:15,tcp-syn,1
1970/01/01 07:20:16,tcp-syn,2
1970/01/01 07:20:20,tcp-syn,1
1970/01/01 07:20:26,tcp-syn,1
1970/01/01 07:20:32,tcp-syn,1
1970/01/01 07:20:34,tcp-syn,1
1970/01/01 07:20:41,tcp-syn,5
1970/01/01 07:20:45,tcp-syn,1
1970/01/01 07:20:46,tcp-syn,1
1970/01/01 07:20:49,tcp-syn,1
1970/01/01 07:20:50,tcp-syn,2
1970/01/01 07:20:53,tcp-syn,1
1970/01/01 07:20:58,tcp-syn,1
1970/01/01 07:21:00,tcp-syn,1
1970/01/01 07:21:01,tcp-syn,2
1970/01/01 07:21:04,tcp-syn,1
1970/01/01 07:21:05,tcp-syn,1
1970/01/01 07:21:14,tcp-syn,1
1970/01/01 07:21:16,tcp-syn,2
1970/01/01 07:21:18,tcp-syn,1
1970/01/01 07:21:24,tcp-syn,2
1970/01/01 07:21:25,tcp-syn,1
1970/01/01 07:21:28,tcp-syn,2
1970/01/01 07:21:30,tcp-syn,1
1970/01/01 07:21:31,udp,1
1970/01/01 07:21:32,tcp-syn,1
1970/01/01 07:21:36,tcp-syn,1
1970/01/01 07:21:37,tcp-syn,1
1970/01/01 07:21:42,tcp-syn,1
1970/01/01 07:21:43,tcp-syn,1
1970/01/01 07:21:46,tcp-syn,2
1970/01/01 07:21:49,tcp-syn,1
1970/01/01 07:22:06,tcp-syn,1
1970/01/01 07:22:13,tcp-syn,1
1970/01/01 07:22:27,tcp-syn,1
1970/01/01 07:22:36,tcp-syn,1
1970/01/01 07:22:41,tcp-syn,3
1970/01/01 07:22:43,tcp-syn,1
1970/01/01 07:22:52,tcp-syn,1
1970/01/01 07:22:53,tcp-syn,1
1970/01/01 07:22:54,tcp-syn,2
1970/01/01 07:22:55,tcp-syn,2
1970/01/01 07:22:56,tcp-syn,1
1970/01/01 07:23:05,tcp-syn,1
1970/01/01 07:23:06,udp,1
1970/01/01 07:23:13,tcp-syn,1
1970/01/01 07:23:20,udp,1
1970/01/01 07:23:25,tcp-syn,1
1970/01/01 07:23:33,tcp-syn,1
1970/01/01 07:23:34,tcp-syn,1
1970/01/01 07:23:39,tcp-syn,2
1970/01/01 07:23:45,tcp-syn,1
1970/01/01 07:23:47,tcp-syn,1
1970/01/01 07:23:53,tcp-syn,1
1970/01/01 07:23:56,tcp-syn,1
1970/01/01 07:23:58,tcp-syn,2
1970/01/01 07:24:06,tcp-syn,1
1970/01/01 07:24:12,tcp-syn,1
1970/01/01 07:24:13,tcp-syn,1
1970/01/01 07:24:15,tcp-syn,1
1970/01/01 07:24:17,tcp-syn,1
1970/01/01 07:24:23,tcp-syn,1
1970/01/01 07:24:26,tcp-syn,2
1970/01/01 07:24:31,tcp-syn,2
1970/01/01 07:24:35,tcp-syn,1
1970/01/01 07:24:36,tcp-syn,2
1970/01/01 07:24:38,tcp-syn,1
1970/01/01 07:24:38,udp,2
1970/01/01 07:24:48,tcp-syn,2
1970/01/01 07:24:49,tcp-syn,2
1970/01/01 07:24:50,tcp-syn,1
1970/01/01 07:24:52,tcp-syn,1
1970/01/01 07:25:04,tcp-syn,1
1970/01/01 07:25:23,tcp-syn,1
1970/01/01 07:25:24,tcp-syn,1
1970/01/01 07:25:25,tcp-syn,1
1970/01/01 07:25:28,tcp-syn,1
1970/01/01 07:25:32,tcp-syn,2
1970/01/01 07:25:35,tcp-syn,1
1970/01/01 07:25:38,tcp-syn,2
1970/01/01 07:25:39,tcp-syn,2
1970/01/01 07:25:47,tcp-syn,1
1970/01/01 07:25:50,tcp-syn,1
1970/01/01 07:25:56,tcp-syn,1
1970/01/01 07:26:03,tcp-syn,1
1970/01/01 07:26:06,tcp-syn,1
1970/01/01 07:26:07,icmp,1
1970/01/01 07:26:08,tcp-syn,1
1970/01/01 07:26:25,tcp-syn,1
1970/01/01 07:26:41,tcp-syn,1
1970/01/01 07:26:48,tcp-syn,1
1970/01/01 07:26:50,tcp-syn,1
1970/01/01 07:26:51,tcp-syn,1
1970/01/01 07:26:54,udp,1
1970/01/01 07:26:55,tcp-syn,2
1970/01/01 07:26:57,tcp-syn,1
1970/01/01 07:27:09,tcp-syn,2
1970/01/01 07:27:12,tcp-syn,1
1970/01/01 07:27:13,tcp-syn,1
1970/01/01 07:27:14,tcp-syn,1
1970/01/01 07:27:20,tcp-syn,1
1970/01/01 07:27:22,tcp-syn,1
1970/01/01 07:27:27,tcp-syn,2
1970/01/01 07:27:28,tcp-syn,2
1970/01/01 07:27:36,tcp-syn,1
1970/01/01 07:27:38,tcp-syn,1
1970/01/01 07:27:42,tcp-syn,1
1970/01/01 07:27:44,udp,1
1970/01/01 07:27:47,tcp-syn,2
1970/01/01 07:27:49,tcp-syn,5
1970/01/01 07:28:15,tcp-syn,2
1970/01/01 07:28:16,tcp-syn,1
1970/01/01 07:28:17,tcp-syn,1
1970/01/01 07:28:25,tcp-syn,2
1970/01/01 07:28:50,tcp-syn,1
1970/01/01 07:28:51,tcp-syn,1
1970/01/01 07:29:02,tcp-syn,1
1970/01/01 07:29:02,udp,1
1970/01/01 07:29:07,tcp-syn,1
1970/01/01 07:29:11,tcp-syn,1
1970/01/01 07:29:14,tcp-syn,1
1970/01/01 07:29:15,tcp-syn,1
1970/01/01 07:29:17,tcp-syn,1
1970/01/01 07:29:28,tcp-syn,1
1970/01/01 07:29:32,tcp-syn,1
1970/01/01 07:29:33,tcp-syn,2
1970/01/01 07:29:35,tcp-syn,1
1970/01/01 07:29:37,tcp-syn,2
1970/01/01 07:29:39,tcp-syn,2
1970/01/01 07:29:40,icmp,2
1970/01/01 07:29:47,tcp-syn,1
1970/01/01 07:29:57,tcp-syn,2
1970/01/01 07:30:10,tcp-syn,1
1970/01/01 07:30:12,tcp-syn,2
1970/01/01 07:30:15,tcp-syn,1
1970/01/01 07:30:16,udp,1
1970/01/01 07:30:22,udp,1
1970/01/01 07:30:29,tcp-syn,2
1970/01/01 07:30:30,tcp-syn,1
1970/01/01 07:30:33,tcp-syn,3
1970/01/01 07:30:36,tcp-syn,1
1970/01/01 07:30:41,tcp-syn,1
1970/01/01 07:30:43,tcp-syn,1
1970/01/01 07:30:48,tcp-syn,1
1970/01/01 07:30:50,tcp-syn,1
1970/01/01 07:30:53,tcp-syn,2
1970/01/01 07:30:56,icmp,3
1970/01/01 07:30:59,tcp-syn,2
1970/01/01 07:31:02,tcp-syn,1
1970/01/01 07:31:07,tcp-syn,1
1970/01/01 07:31:12,tcp-syn,3
1970/01/01 07:31:23,tcp-syn,2
1970/01/01 07:31:25,udp,1
1970/01/01 07:31:28,tcp-syn,1
1970/01/01 07:31:45,tcp-syn,1
1970/01/01 07:31:47,tcp-syn,2
1970/01/01 07:31:50,tcp-syn,2
1970/01/01 07:31:55,tcp-syn,2
1970/01/01 07:31:56,tcp-syn,1
1970/01/01 07:32:02,tcp-syn,1
1970/01/01 07:32:04,tcp-syn,1
1970/01/01 07:32:09,tcp-syn,1
1970/01/01 07:32:10,tcp-syn,2
1970/01/01 07:32:15,tcp-syn,1
1970/01/01 07:32:23,tcp-syn,2
1970/01/01 07:32:24,tcp-syn,1
1970/01/01 07:32:26,udp,1
1970/01/01 07:32:37,tcp-syn,1
1970/01/01 07:32:38,tcp-syn,1
1970/01/01 07:32:45,tcp-syn,1
1970/01/01 07:32:48,tcp-syn,1
1970/01/01 07:32:53,tcp-syn,1
1970/01/01 07:33:02,tcp-syn,1
1970/01/01 07:33:05,tcp-syn,1
1970/01/01 07:33:07,tcp-syn,1
1970/01/01 07:33:14,tcp-syn,2
1970/01/01 07:33:19,tcp-syn,1
1970/01/01 07:33:23,tcp-syn,1
1970/01/01 07:33:27,tcp-syn,2
1970/01/01 07:33:30,icmp,2
1970/01/01 07:33:31,tcp-syn,2
1970/01/01 07:33:36,tcp-syn,1
1970/01/01 07:33:42,tcp-syn,1
1970/01/01 07:33:51,tcp-syn,1
1970/01/01 07:33:52,tcp-syn,1
1970/01/01 07:34:03,tcp-syn,1
1970/01/01 07:34:06,tcp-syn,1
1970/01/01 07:34:14,tcp-syn,1
1970/01/01 07:34:16,tcp-syn,1
1970/01/01 07:34:22,tcp-syn,1
1970/01/01 07:34:25,tcp-syn,1
1970/01/01 07:34:28,tcp-syn,1
1970/01/01 07:34:37,tcp-syn,1
1970/01/01 07:34:40,tcp-syn,2
1970/01/01 07:34:41,tcp-syn,2
1970/01/01 07:34:42,tcp-syn,5
1970/01/01 07:34:45,tcp-syn,2
1970/01/01 07:34:47,tcp-syn,2
1970/01/01 07:34:47,udp,1
1970/01/01 07:34:48,tcp-syn,2
1970/01/01 07:34:53,tcp-syn,1
1970/01/01 07:35:09,tcp-syn,1
1970/01/01 07:35:13,tcp-syn,2
1970/01/01 07:35:15,tcp-syn,1
1970/01/01 07:35:19,tcp-syn,2
1970/01/01 07:35:41,tcp-syn,3
1970/01/01 07:35:44,tcp-syn,2
1970/01/01 07:35:45,tcp-syn,1
1970/01/01 07:35:48,tcp-syn,1
1970/01/01 07:35:53,tcp-syn,1
1970/01/01 07:35:57,tcp-syn,1
1970/01/01 07:35:58,tcp-syn,1
1970/01/01 07:35:59,udp,2
1970/01/01 07:36:03,udp,2
1970/01/01 07:36:05,tcp-syn,2
1970/01/01 07:36:08,tcp-syn,2
1970/01/01 07:36:09,tcp-syn,1
1970/01/01 07:36:10,tcp-syn,1
1970/01/01 07:36:13,udp,1
1970/01/01 07:36:14,tcp-syn,2
1970/01/01 07:36:16,tcp-syn,1
1970/01/01 07:36:25,tcp-syn,2
1970/01/01 07:36:28,tcp-syn,2
1970/01/01 07:36:32,tcp-syn,2
1970/01/01 07:36:33,tcp-syn,2
1970/01/01 07:36:39,tcp-syn,1
1970/01/01 07:36:48,tcp-syn,1
1970/01/01 07:36:49,tcp-syn,1
1970/01/01 07:36:56,tcp-syn,1
1970/01/01 07:36:58,udp,2
1970/01/01 07:37:00,tcp-syn,2
1970/01/01 07:37:16,tcp-syn,1
1970/01/01 07:37:16,udp,2
1970/01/01 07:37:21,tcp-syn,1
1970/01/01 07:37:23,tcp-syn,1
1970/01/01 07:37:34,tcp-syn,1
1970/01/01 07:37:41,tcp-syn,1
1970/01/01 07:37:50,tcp-syn,2
1970/01/01 07:37:51,tcp-syn,2
1970/01/01 07:37:55,tcp-syn,1
1970/01/01 07:37:57,tcp-syn,1
1970/01/01 07:38:01,tcp-syn,2
1970/01/01 07:38:07,tcp-syn,1
1970/01/01 07:38:09,tcp-syn,1
1970/01/01 07:38:11,udp,2
1970/01/01 07:38:13,tcp-syn,1
1970/01/01 07:38:20,tcp-syn,2
1970/01/01 07:38:25,tcp-syn,1
1970/01/01 07:38:26,tcp-syn,1
1970/01/01 07:38:46,tcp-syn,1
1970/01/01 07:38:49,tcp-syn,1
1970/01/01 07:38:50,tcp-syn,1
1970/01/01 07:38:54,tcp-syn,1
1970/01/01 07:38:56,tcp-syn,1
1970/01/01 07:38:57,tcp-syn,1
1970/01/01 07:39:02,udp,1
1970/01/01 07:39:13,tcp-syn,1
1970/01/01 07:39:18,tcp-syn,2
1970/01/01 07:39:22,tcp-syn,1
1970/01/01 07:39:28,tcp-syn,1
1970/01/01 07:39:40,tcp-syn,1
1970/01/01 07:39:45,tcp-syn,1
1970/01/01 07:39:48,tcp-syn,1
1970/01/01 07:39:50,tcp-syn,2
1970/01/01 07:39:53,tcp-syn,1
1970/01/01 07:39:55,tcp-syn,2
1970/01/01 07:40:00,udp,1
1970/01/01 07:40:11,tcp-syn,4
1970/01/01 07:40:12,tcp-syn,1
1970/01/01 07:40:19,tcp-syn,2
1970/01/01 07:40:22,tcp-syn,1
1970/01/01 07:40:26,tcp-syn,2
1970/01/01 07:40:27,tcp-syn,1
1970/01/01 07:40:30,tcp-syn,2
1970/01/01 07:40:38,tcp-syn,1
1970/01/01 07:40:39,tcp-syn,1
1970/01/01 07:40:41,tcp-syn,1
1970/01/01 07:40:41,udp,1
1970/01/01 07:40:44,tcp-syn,2
1970/01/01 07:40:46,icmp,1
1970/01/01 07:40:47,tcp-syn,1
1970/01/01 07:40:48,tcp-syn,5
1970/01/01 07:40:52,tcp-syn,3
1970/01/01 07:40:56,tcp-syn,2
1970/01/01 07:41:00,tcp-syn,2
1970/01/01 07:41:09,tcp-syn,2
1970/01/01 07:41:13,icmp,1
1970/01/01 07:41:16,tcp-syn,2
1970/01/01 07:41:18,tcp-syn,2
1970/01/01 07:41:19,tcp-syn,1
1970/01/01 07:41:30,tcp-syn,1
1970/01/01 07:41:51,tcp-syn,2
1970/01/01 07:41:55,tcp-syn,1
1970/01/01 07:41:59,tcp-syn,1
1970/01/01 07:42:01,tcp-syn,1
1970/01/01 07:42:10,tcp-syn,2
1970/01/01 07:42:18,tcp-syn,1
1970/01/01 07:42:27,tcp-syn,1
1970/01/01 07:42:29,tcp-syn,1
1970/01/01 07:42:35,tcp-syn,1
1970/01/01 07:42:40,tcp-syn,1
1970/01/01 07:42:41,tcp-syn,2
1970/01/01 07:42:42,tcp-syn,2
1970/01/01 07:42:43,tcp-syn,1
1970/01/01 07:42:44,tcp-syn,1
1970/01/01 07:42:51,tcp-syn,1
1970/01/01 07:42:52,tcp-syn,2
1970/01/01 07:42:54,tcp-syn,2
1970/01/01 07:42:57,tcp-syn,1
1970/01/01 07:43:01,tcp-syn,1
1970/01/01 07:43:03,udp,2
1970/01/01 07:43:12,tcp-syn,2
1970/01/01 07:43:14,tcp-syn,4
1970/01/01 07:43:22,tcp-syn,1
1970/01/01 07:43:22,udp,1
1970/01/01 07:43:23,tcp-syn,2
1970/01/01 07:43:25,tcp-syn,5
1970/01/01 07:43:27,udp,1
1970/01/01 07:43:34,tcp-syn,2
1970/01/01 07:43:40,tcp-syn,1
1970/01/01 07:43:40,udp,1
1970/01/01 07:43:49,tcp-syn,2
1970/01/01 07:43:52,udp,1
1970/01/01 07:43:55,tcp-syn,1
1970/01/01 07:43:59,tcp-syn,1
1970/01/01 07:44:04,tcp-syn,1
1970/01/01 07:44:09,tcp-syn,2
1970/01/01 07:44:13,tcp-syn,2
1970/01/01 07:44:15,tcp-syn,2
1970/01/01 07:44:17,tcp-syn,1
1970/01/01 07:44:26,tcp-syn,1
1970/01/01 07:44:28,tcp-syn,2
1970/01/01 07:44:32,tcp-syn,4
1970/01/01 07:44:39,tcp-syn,1
1970/01/01 07:44:41,tcp-syn,1
1970/01/01 07:44:42,tcp-syn,4
1970/01/01 07:44:43,tcp-syn,1
1970/01/01 07:44:53,tcp-syn,1
1970/01/01 07:44:55,tcp-syn,1
1970/01/01 07:44:58,tcp-syn,2
1970/01/01 07:44:59,tcp-syn,1
1970/01/01 07:45:02,tcp-syn,1
1970/01/01 07:45:02,udp,1
1970/01/01 07:45:05,tcp-syn,2
1970/01/01 07:45:06,tcp-syn,1
1970/01/01 07:45:12,tcp-syn,2
1970/01/01 07:45:13,tcp-syn,1
1970/01/01 07:45:19,tcp-syn,1
1970/01/01 07:45:24,tcp-syn,1
1970/01/01 07:45:33,tcp-syn,1
1970/01/01 07:45:34,tcp-syn,1
1970/01/01 07:45:38,tcp-syn,4
1970/01/01 07:45:42,tcp-syn,2
1970/01/01 07:45:49,tcp-syn,5
1970/01/01 07:46:10,tcp-syn,1
1970/01/01 07:46:11,tcp-syn,1
1970/01/01 07:46:15,tcp-syn,1
1970/01/01 07:46:16,tcp-syn,1
1970/01/01 07:46:17,tcp-syn,2
1970/01/01 07:46:20,tcp-syn,1
1970/01/01 07:46:26,tcp-syn,2
1970/01/01 07:46:37,tcp-syn,1
1970/01/01 07:46:55,tcp-syn,1
1970/01/01 07:47:03,tcp-syn,1
1970/01/01 07:47:14,tcp-syn,2
1970/01/01 07:47:23,tcp-syn,2
1970/01/01 07:47:28,tcp-syn,1
1970/01/01 07:47:39,tcp-syn,3
1970/01/01 07:47:40,tcp-syn,1
1970/01/01 07:47:43,tcp-syn,2
1970/01/01 07:47:48,tcp-syn,1
1970/01/01 07:47:49,udp,2
1970/01/01 07:47:51,tcp-syn,1
1970/01/01 07:47:58,tcp-syn,2
1970/01/01 07:48:00,tcp-syn,2
1970/01/01 07:48:04,tcp-syn,1
1970/01/01 07:48:06,udp,1
1970/01/01 07:48:09,tcp-syn,1
1970/01/01 07:48:13,tcp-syn,2
1970/01/01 07:48:15,tcp-syn,5
1970/01/01 07:48:21,tcp-syn,1
1970/01/01 07:48:24,tcp-syn,1
1970/01/01 07:48:26,udp,2
1970/01/01 07:48:38,tcp-syn,1
1970/01/01 07:48:44,tcp-syn,1
1970/01/01 07:48:50,tcp-syn,1
1970/01/01 07:48:59,tcp-syn,2
1970/01/01 07:49:02,udp,2
1970/01/01 07:49:04,tcp-syn,1
1970/01/01 07:49:07,tcp-syn,1
1970/01/01 07:49:09,tcp-syn,1
1970/01/01 07:49:14,tcp-syn,2
1970/01/01 07:49:22,tcp-syn,2
1970/01/01 07:49:24,tcp-syn,1
1970/01/01 07:49:31,tcp-syn,1
1970/01/01 07:49:34,tcp-syn,1
1970/01/01 07:49:43,tcp-syn,1
1970/01/01 07:49:47,tcp-syn,1
1970/01/01 07:49:51,tcp-syn,4
1970/01/01 07:49:53,udp,1
1970/01/01 07:50:00,tcp-syn,2
1970/01/01 07:50:05,tcp-syn,1
1970/01/01 07:50:09,tcp-syn,2
1970/01/01 07:50:19,tcp-syn,1
1970/01/01 07:50:25,tcp-syn,1
1970/01/01 07:50:34,tcp-syn,1
1970/01/01 07:50:35,tcp-syn,1
1970/01/01 07:50:37,icmp,1
1970/01/01 07:50:41,tcp-syn,1
1970/01/01 07:50:47,udp,1
1970/01/01 07:50:48,tcp-syn,1
1970/01/01 07:50:50,tcp-syn,1
1970/01/01 07:50:52,tcp-syn,1
1970/01/01 07:50:55,tcp-syn,1
1970/01/01 07:50:57,tcp-syn,2
1970/01/01 07:50:58,tcp-syn,1
1970/01/01 07:51:00,tcp-syn,1
1970/01/01 07:51:04,tcp-syn,2
1970/01/01 07:51:09,icmp,1
1970/01/01 07:51:10,tcp-syn,1
1970/01/01 07:51:12,tcp-syn,1
1970/01/01 07:51:27,tcp-syn,1
1970/01/01 07:51:28,tcp-syn,1
1970/01/01 07:51:32,tcp-syn,1
1970/01/01 07:51:35,udp,1
1970/01/01 07:51:36,tcp-syn,1
1970/01/01 07:51:40,tcp-syn,1
1970/01/01 07:51:46,tcp-syn,2
1970/01/01 07:51:50,tcp-syn,1
1970/01/01 07:51:54,tcp-syn,2
1970/01/01 07:51:59,tcp-syn,1
1970/01/01 07:52:02,udp,1
1970/01/01 07:52:03,tcp-syn,1
1970/01/01 07:52:06,tcp-syn,1
1970/01/01 07:52:13,tcp-syn,1
1970/01/01 07:52:20,tcp-syn,2
1970/01/01 07:52:26,tcp-syn,1
1970/01/01 07:52:28,udp,2
1970/01/01 07:52:29,tcp-syn,1
1970/01/01 07:52:35,udp,2
1970/01/01 07:52:38,tcp-syn,1
1970/01/01 07:52:39,tcp-syn,1
1970/01/01 07:52:40,tcp-syn,1
1970/01/01 07:52:48,tcp-syn,4
1970/01/01 07:52:57,tcp-syn,1
1970/01/01 07:52:59,tcp-syn,1
1970/01/01 07:52:59,udp,1
1970/01/01 07:53:00,tcp-syn,1
1970/01/01 07:53:05,tcp-syn,1
1970/01/01 07:53:10,tcp-syn,1
1970/01/01 07:53:11,tcp-syn,1
1970/01/01 07:53:19,tcp-syn,2
1970/01/01 07:53:23,tcp-syn,1
1970/01/01 07:53:25,tcp-syn,1
1970/01/01 07:53:38,tcp-syn,1
1970/01/01 07:53:47,icmp,1
1970/01/01 07:53:53,tcp-syn,1
1970/01/01 07:53:57,udp,2
1970/01/01 07:54:00,tcp-syn,2
1970/01/01 07:54:02,tcp-syn,1
1970/01/01 07:54:04,tcp-syn,1
1970/01/01 07:54:09,tcp-syn,1
1970/01/01 07:54:12,tcp-syn,1
1970/01/01 07:54:16,tcp-syn,1
1970/01/01 07:54:18,tcp-syn,1
1970/01/01 07:54:21,tcp-syn,2
1970/01/01 07:54:24,tcp-syn,4
1970/01/01 07:54:28,tcp-syn,1
1970/01/01 07:54:30,tcp-syn,3
1970/01/01 07:54:32,udp,1
1970/01/01 07:54:37,tcp-syn,1
1970/01/01 07:54:44,tcp-syn,2
1970/01/01 07:54:46,tcp-syn,1
1970/01/01 07:54:48,tcp-syn,1
1970/01/01 07:54:53,udp,2
1970/01/01 07:54:54,tcp-syn,1
1970/01/01 07:55:09,tcp-syn,1
1970/01/01 07:55:10,tcp-syn,3
1970/01/01 07:55:19,tcp-syn,2
1970/01/01 07:55:21,tcp-syn,1
1970/01/01 07:55:23,tcp-syn,2
1970/01/01 07:55:29,tcp-syn,1
1970/01/01 07:55:42,tcp-syn,1
1970/01/01 07:55:44,tcp-syn,1
1970/01/01 07:55:52,tcp-syn,1
1970/01/01 07:55:53,tcp-syn,2
1970/01/01 07:55:59,icmp,1
1970/01/01 07:56:01,tcp-syn,1
1970/01/01 07:56:03,tcp-syn,1
1970/01/01 07:56:10,tcp-syn,1
1970/01/01 07:56:23,tcp-syn,1
1970/01/01 07:56:25,tcp-syn,2
1970/01/01 07:56:32,tcp-syn,1
1970/01/01 07:56:34,tcp-syn,2
1970/01/01 07:56:36,tcp-syn,1
1970/01/01 07:56:41,tcp-syn,1
1970/01/01 07:56:43,tcp-syn,2
1970/01/01 07:56:49,tcp-syn,1
1970/01/01 07:56:54,tcp-syn,1
1970/01/01 07:56:55,tcp-syn,1
1970/01/01 07:56:57,tcp-syn,1
1970/01/01 07:57:05,tcp-syn,1
1970/01/01 07:57:06,tcp-syn,2
1970/01/01 07:57:17,tcp-syn,1
1970/01/01 07:57:24,tcp-syn,1
1970/01/01 07:57:26,tcp-syn,1
1970/01/01 07:57:35,udp,1
1970/01/01 07:57:38,tcp-syn,2
1970/01/01 07:57:40,tcp-syn,1
1970/01/01 07:57:46,tcp-syn,1
1970/01/01 07:57:47,tcp-syn,1
1970/01/01 07:57:51,tcp-syn,1
1970/01/01 07:57:52,tcp-syn,1
1970/01/01 07:57:54,tcp-syn,2
1970/01/01 07:57:56,tcp-syn,1
1970/01/01 07:57:56,udp,1
1970/01/01 07:58:01,tcp-syn,2
1970/01/01 07:58:06,tcp-syn,1
1970/01/01 07:58:13,udp,6
1970/01/01 07:58:14,tcp-syn,1
1970/01/01 07:58:18,tcp-syn,5
1970/01/01 07:58:22,tcp-syn,1
1970/01/01 07:58:29,tcp-syn,1
1970/01/01 07:58:31,udp,1
1970/01/01 07:58:36,tcp-syn,2
1970/01/01 07:58:41,tcp-syn,1
1970/01/01 07:58:45,tcp-syn,1
1970/01/01 07:58:58,tcp-syn,1
1970/01/01 07:59:10,tcp-syn,3
1970/01/01 07:59:15,tcp-syn,1
1970/01/01 07:59:22,tcp-syn,1
1970/01/01 07:59:25,tcp-syn,1
1970/01/01 07:59:26,tcp-syn,1
1970/01/01 07:59:28,tcp-syn,1
1970/01/01 07:59:41,tcp-syn,1
1970/01/01 07:59:45,tcp-syn,1
1970/01/01 07:59:48,tcp-syn,2
1970/01/01 07:59:55,tcp-syn,1
1970/01/01 08:00:02,tcp-syn,1
1970/01/01 08:00:03,udp,1
1970/01/01 08:00:10,tcp-syn,1
1970/01/01 08:00:14,tcp-syn,1
1970/01/01 08:00:16,tcp-syn,1
1970/01/01 08:00:19,tcp-syn,1
1970/01/01 08:00:20,tcp-syn,1
1970/01/01 08:00:29,tcp-syn,5
1970/01/01 08:00:30,tcp-syn,1
1970/01/01 08:00:33,tcp-syn,2
1970/01/01 08:00:36,tcp-syn,2
1970/01/01 08:00:38,tcp-syn,2
1970/01/01 08:00:41,tcp-syn,2
1970/01/01 08:00:52,tcp-syn,1
1970/01/01 08:00:55,tcp-syn,1
1970/01/01 08:00:56,tcp-syn,1
1970/01/01 08:00:59,tcp-syn,1
1970/01/01 08:01:02,tcp-syn,1
1970/01/01 08:01:02,udp,1
1970/01/01 08:01:03,tcp-syn,2
1970/01/01 08:01:10,tcp-syn,1
1970/01/01 08:01:14,tcp-syn,1
1970/01/01 08:01:18,other-ip,1
1970/01/01 08:01:19,udp,1
1970/01/01 08:01:24,tcp-syn,1
1970/01/01 08:01:26,tcp-syn,2
1970/01/01 08:01:35,tcp-syn,4
1970/01/01 08:01:44,tcp-syn,1
1970/01/01 08:01:45,tcp-syn,1
1970/01/01 08:01:46,tcp-syn,1
1970/01/01 08:01:56,tcp-syn,2
1970/01/01 08:02:01,tcp-syn,2
1970/01/01 08:02:06,tcp-syn,1
1970/01/01 08:02:19,tcp-syn,2
1970/01/01 08:02:24,tcp-syn,1
1970/01/01 08:02:25,tcp-syn,2
1970/01/01 08:02:31,tcp-syn,2
1970/01/01 08:02:49,tcp-syn,1
1970/01/01 08:02:52,udp,1
1970/01/01 08:03:00,tcp-syn,1
1970/01/01 08:03:04,tcp-syn,1
1970/01/01 08:03:06,tcp-syn,1
1970/01/01 08:03:12,tcp-syn,1
1970/01/01 08:03:20,tcp-syn,2
1970/01/01 08:03:22,tcp-syn,1
1970/01/01 08:03:28,tcp-syn,1
1970/01/01 08:03:30,tcp-syn,2
1970/01/01 08:03:38,tcp-syn,1
1970/01/01 08:03:40,tcp-syn,2
1970/01/01 08:03:44,tcp-syn,2
1970/01/01 08:03:48,tcp-syn,2
1970/01/01 08:03:53,tcp-syn,3
1970/01/01 08:03:57,tcp-syn,4
1970/01/01 08:03:58,tcp-syn,2
1970/01/01 08:04:09,tcp-syn,2
1970/01/01 08:04:13,tcp-syn,1
1970/01/01 08:04:26,tcp-syn,1
1970/01/01 08:04:41,tcp-syn,1
1970/01/01 08:04:43,tcp-syn,1
1970/01/01 08:04:45,udp,2
1970/01/01 08:04:49,tcp-syn,2
1970/01/01 08:04:50,udp,1
1970/01/01 08:04:51,tcp-syn,2
1970/01/01 08:05:04,tcp-syn,4
1970/01/01 08:05:08,tcp-syn,1
1970/01/01 08:05:17,tcp-syn,2
1970/01/01 08:05:21,tcp-syn,2
1970/01/01 08:05:28,tcp-syn,1
1970/01/01 08:05:35,tcp-syn,1
1970/01/01 08:05:36,tcp-syn,1
1970/01/01 08:05:46,udp,1
1970/01/01 08:06:01,tcp-syn,1
1970/01/01 08:06:04,tcp-syn,1
1970/01/01 08:06:06,tcp-syn,2
1970/01/01 08:06:07,tcp-syn,1
1970/01/01 08:06:08,tcp-syn,1
1970/01/01 08:06:10,tcp-syn,2
1970/01/01 08:06:13,tcp-syn,5
1970/01/01 08:06:21,tcp-syn,2
1970/01/01 08:06:26,tcp-syn,1
1970/01/01 08:06:27,tcp-syn,1
1970/01/01 08:06:29,udp,1
1970/01/01 08:06:30,tcp-syn,2
1970/01/01 08:06:35,tcp-syn,1
1970/01/01 08:06:47,tcp-syn,1
1970/01/01 08:06:49,tcp-syn,1
1970/01/01 08:06:57,tcp-syn,1
1970/01/01 08:07:08,udp,1
1970/01/01 08:07:10,udp,2
1970/01/01 08:07:22,tcp-syn,1
1970/01/01 08:07:28,tcp-syn,1
1970/01/01 08:07:37,tcp-syn,1
1970/01/01 08:07:40,tcp-syn,2
1970/01/01 08:07:43,tcp-syn,2
1970/01/01 08:07:48,tcp-syn,3
1970/01/01 08:08:01,tcp-syn,1
1970/01/01 08:08:19,tcp-syn,1
1970/01/01 08:08:20,tcp-syn,1
1970/01/01 08:08:24,tcp-syn,1
1970/01/01 08:08:30,tcp-syn,2
1970/01/01 08:08:31,tcp-syn,1
1970/01/01 08:08:32,tcp-syn,3
1970/01/01 08:08:36,tcp-syn,1
1970/01/01 08:08:38,tcp-syn,1
1970/01/01 08:08:43,tcp-syn,2
1970/01/01 08:08:49,tcp-syn,2
1970/01/01 08:08:50,tcp-syn,5
1970/01/01 08:08:54,tcp-syn,2
1970/01/01 08:09:02,tcp-syn,2
1970/01/01 08:09:04,tcp-syn,2
1970/01/01 08:09:05,tcp-syn,1
1970/01/01 08:09:08,tcp-syn,2
1970/01/01 08:09:15,tcp-syn,1
1970/01/01 08:09:20,tcp-syn,1
1970/01/01 08:09:24,tcp-syn,2
1970/01/01 08:09:35,tcp-syn,1
1970/01/01 08:09:42,tcp-syn,1
1970/01/01 08:09:48,tcp-syn,2
1970/01/01 08:09:54,tcp-syn,1
1970/01/01 08:09:55,tcp-syn,1
1970/01/01 08:09:57,tcp-syn,1
1970/01/01 08:09:58,tcp-syn,1
1970/01/01 08:10:02,tcp-syn,4
1970/01/01 08:10:03,tcp-syn,1
1970/01/01 08:10:07,tcp-syn,2
1970/01/01 08:10:15,tcp-syn,2
1970/01/01 08:10:19,tcp-syn,1
1970/01/01 08:10:26,tcp-syn,2
1970/01/01 08:10:27,tcp-syn,1
1970/01/01 08:10:28,tcp-syn,5
1970/01/01 08:10:34,tcp-syn,1
1970/01/01 08:10:51,tcp-syn,1
1970/01/01 08:10:58,tcp-syn,1
1970/01/01 08:11:00,tcp-syn,1
1970/01/01 08:11:02,tcp-syn,1
1970/01/01 08:11:11,tcp-syn,1
1970/01/01 08:11:12,udp,1
1970/01/01 08:11:13,tcp-syn,2
1970/01/01 08:11:16,tcp-syn,2
1970/01/01 08:11:21,tcp-syn,2
1970/01/01 08:11:24,tcp-syn,1
1970/01/01 08:11:26,tcp-syn,2
1970/01/01 08:11:27,tcp-syn,1
1970/01/01 08:11:30,tcp-syn,1
1970/01/01 08:11:33,tcp-syn,2
1970/01/01 08:11:35,tcp-syn,1
1970/01/01 08:11:45,tcp-syn,1
1970/01/01 08:11:48,tcp-syn,2
1970/01/01 08:12:16,tcp-syn,1
1970/01/01 08:12:18,tcp-syn,1
1970/01/01 08:12:22,tcp-syn,2
1970/01/01 08:12:27,tcp-syn,2
1970/01/01 08:12:29,tcp-syn,2
1970/01/01 08:12:34,tcp-syn,1
1970/01/01 08:12:36,tcp-syn,2
1970/01/01 08:12:37,tcp-syn,1
1970/01/01 08:12:39,tcp-syn,1
1970/01/01 08:12:43,tcp-syn,1
1970/01/01 08:12:45,tcp-syn,2
1970/01/01 08:12:47,tcp-syn,1
1970/01/01 08:12:48,tcp-syn,4
1970/01/01 08:12:51,tcp-syn,1
1970/01/01 08:12:55,udp,2
1970/01/01 08:12:58,tcp-syn,1
1970/01/01 08:13:09,udp,1
1970/01/01 08:13:12,tcp-syn,2
1970/01/01 08:13:13,tcp-syn,1
1970/01/01 08:13:20,tcp-syn,1
1970/01/01 08:13:22,tcp-syn,1
1970/01/01 08:13:23,tcp-syn,2
1970/01/01 08:13:23,udp,2
1970/01/01 08:13:26,tcp-syn,1
1970/01/01 08:13:29,tcp-syn,1
1970/01/01 08:13:30,tcp-syn,2
1970/01/01 08:13:31,tcp-syn,1
1970/01/01 08:13:32,tcp-syn,1
1970/01/01 08:13:32,udp,1
1970/01/01 08:13:34,tcp-syn,1
1970/01/01 08:13:38,tcp-syn,3
1970/01/01 08:13:47,tcp-syn,1
1970/01/01 08:13:48,tcp-syn,1
1970/01/01 08:13:55,tcp-syn,1
1970/01/01 08:13:58,tcp-syn,2
1970/01/01 08:14:07,tcp-syn,1
1970/01/01 08:14:10,tcp-syn,1
1970/01/01 08:14:12,tcp-syn,2
1970/01/01 08:14:21,tcp-syn,1
1970/01/01 08:14:23,tcp-syn,1
1970/01/01 08:14:29,tcp-syn,1
1970/01/01 08:14:36,tcp-syn,2
1970/01/01 08:14:39,tcp-syn,2
1970/01/01 08:14:40,udp,1
1970/01/01 08:14:46,tcp-syn,1
1970/01/01 08:15:02,udp,1
1970/01/01 08:15:06,tcp-syn,1
1970/01/01 08:15:11,tcp-syn,2
1970/01/01 08:15:15,tcp-syn,1
1970/01/01 08:15:16,udp,2
1970/01/01 08:15:28,tcp-syn,1
1970/01/01 08:15:31,tcp-syn,3
1970/01/01 08:15:33,tcp-syn,2
1970/01/01 08:15:45,tcp-syn,1
1970/01/01 08:15:52,tcp-syn,1
1970/01/01 08:15:56,tcp-syn,2
1970/01/01 08:16:03,tcp-syn,1
1970/01/01 08:16:12,tcp-syn,1
1970/01/01 08:16:13,tcp-syn,1
1970/01/01 08:16:16,tcp-syn,1
1970/01/01 08:16:20,tcp-syn,3
1970/01/01 08:16:27,tcp-syn,2
1970/01/01 08:16:30,tcp-syn,1
1970/01/01 08:16:43,tcp-syn,4
1970/01/01 08:16:49,tcp-syn,2
1970/01/01 08:16:53,tcp-syn,2
1970/01/01 08:17:00,tcp-syn,2
1970/01/01 08:17:07,tcp-syn,1
1970/01/01 08:17:09,tcp-syn,1
1970/01/01 08:17:15,tcp-syn,1
1970/01/01 08:17:21,tcp-syn,2
1970/01/01 08:17:25,tcp-syn,2
1970/01/01 08:17:30,tcp-syn,1
1970/01/01 08:17:32,tcp-syn,1
1970/01/01 08:17:34,tcp-syn,1
1970/01/01 08:17:40,tcp-syn,1
1970/01/01 08:17:46,udp,1
1970/01/01 08:17:52,tcp-syn,2
1970/01/01 08:17:59,tcp-syn,2
1970/01/01 08:18:00,tcp-syn,1
1970/01/01 08:18:06,tcp-syn,1
1970/01/01 08:18:12,tcp-syn,2
1970/01/01 08:18:17,udp,1
1970/01/01 08:18:18,tcp-syn,1
1970/01/01 08:18:22,udp,2
1970/01/01 08:18:31,tcp-syn,1
1970/01/01 08:18:32,tcp-syn,1
1970/01/01 08:18:33,tcp-syn,1
1970/01/01 08:18:38,tcp-syn,1
1970/01/01 08:18:49,tcp-syn,1
1970/01/01 08:18:56,tcp-syn,2
1970/01/01 08:19:00,tcp-syn,1
1970/01/01 08:19:12,tcp-syn,4
1970/01/01 08:19:18,tcp-syn,1
1970/01/01 08:19:24,tcp-syn,1
1970/01/01 08:19:28,tcp-syn,2
1970/01/01 08:19:29,tcp-syn,5
1970/01/01 08:19:39,tcp-syn,1
1970/01/01 08:19:45,tcp-syn,1
1970/01/01 08:19:54,tcp-syn,1
1970/01/01 08:19:59,tcp-syn,1
1970/01/01 08:20:04,tcp-syn,2
1970/01/01 08:20:08,tcp-syn,2
1970/01/01 08:20:14,udp,1
1970/01/01 08:20:15,tcp-syn,2
1970/01/01 08:20:17,tcp-syn,1
1970/01/01 08:20:23,tcp-syn,1
1970/01/01 08:20:24,tcp-syn,1
1970/01/01 08:20:30,tcp-syn,2
1970/01/01 08:20:44,tcp-syn,1
1970/01/01 08:21:04,tcp-syn,1
1970/01/01 08:21:05,udp,1
1970/01/01 08:21:12,tcp-syn,1
1970/01/01 08:21:15,tcp-syn,2
1970/01/01 08:21:16,tcp-syn,1
1970/01/01 08:21:19,tcp-syn,1
1970/01/01 08:21:23,tcp-syn,1
1970/01/01 08:21:35,tcp-syn,1
1970/01/01 08:21:37,tcp-syn,1
1970/01/01 08:21:39,tcp-syn,1
1970/01/01 08:21:56,tcp-syn,1
1970/01/01 08:21:59,tcp-syn,2
1970/01/01 08:22:00,tcp-syn,2
1970/01/01 08:22:07,tcp-syn,1
1970/01/01 08:22:13,tcp-syn,1
1970/01/01 08:22:15,tcp-syn,1
1970/01/01 08:22:24,tcp-syn,2
1970/01/01 08:22:25,tcp-syn,2
1970/01/01 08:22:27,tcp-syn,1
1970/01/01 08:22:33,tcp-syn,2
1970/01/01 08:22:34,tcp-syn,1
1970/01/01 08:22:35,tcp-syn,2
1970/01/01 08:22:47,tcp-syn,1
1970/01/01 08:22:54,tcp-syn,2
1970/01/01 08:22:58,tcp-syn,1
1970/01/01 08:22:59,tcp-syn,1
1970/01/01 08:23:00,tcp-syn,1
1970/01/01 08:23:01,tcp-syn,2
1970/01/01 08:23:02,tcp-syn,2
1970/01/01 08:23:18,udp,2
1970/01/01 08:23:35,tcp-syn,1
1970/01/01 08:23:46,tcp-syn,1
1970/01/01 08:23:46,udp,2
1970/01/01 08:23:53,tcp-syn,1
1970/01/01 08:23:59,tcp-syn,1
1970/01/01 08:24:00,tcp-syn,1
1970/01/01 08:24:08,tcp-syn,1
1970/01/01 08:24:11,tcp-syn,1
1970/01/01 08:24:31,udp,1
1970/01/01 08:24:51,tcp-syn,1
1970/01/01 08:24:52,tcp-syn,1
1970/01/01 08:24:58,tcp-syn,1
1970/01/01 08:24:59,tcp-syn,1
1970/01/01 08:25:01,tcp-syn,1
1970/01/01 08:25:03,tcp-syn,1
1970/01/01 08:25:05,tcp-syn,1
1970/01/01 08:25:07,tcp-syn,1
1970/01/01 08:25:10,tcp-syn,1
1970/01/01 08:25:11,tcp-syn,1
1970/01/01 08:25:13,tcp-syn,1
1970/01/01 08:25:18,tcp-syn,4
1970/01/01 08:25:18,udp,2
1970/01/01 08:25:19,tcp-syn,1
1970/01/01 08:25:26,tcp-syn,3
1970/01/01 08:25:36,tcp-syn,1
1970/01/01 08:25:41,tcp-syn,1
1970/01/01 08:25:45,tcp-syn,3
1970/01/01 08:25:46,tcp-syn,1
1970/01/01 08:25:47,tcp-syn,1
1970/01/01 08:25:50,tcp-syn,4
1970/01/01 08:25:53,tcp-syn,1
1970/01/01 08:25:55,udp,1
1970/01/01 08:26:02,tcp-syn,1
1970/01/01 08:26:03,tcp-syn,1
1970/01/01 08:26:17,udp,1
1970/01/01 08:26:18,tcp-syn,1
1970/01/01 08:26:19,tcp-syn,1
1970/01/01 08:26:20,tcp-syn,1
1970/01/01 08:26:23,tcp-syn,1
1970/01/01 08:26:24,tcp-syn,1
1970/01/01 08:26:30,tcp-syn,3
1970/01/01 08:26:31,tcp-syn,2
1970/01/01 08:26:39,tcp-syn,1
1970/01/01 08:26:44,udp,1
1970/01/01 08:26:49,tcp-syn,1
1970/01/01 08:26:50,tcp-syn,2
1970/01/01 08:26:52,tcp-syn,1
1970/01/01 08:26:56,tcp-syn,5
1970/01/01 08:27:03,tcp-syn,2
1970/01/01 08:27:04,tcp-syn,2
1970/01/01 08:27:05,tcp-syn,1
1970/01/01 08:27:10,udp,1
1970/01/01 08:27:18,tcp-syn,1
1970/01/01 08:27:22,tcp-syn,1
1970/01/01 08:27:23,icmp,2
1970/01/01 08:27:32,tcp-syn,2
1970/01/01 08:27:35,tcp-syn,1
1970/01/01 08:27:36,tcp-syn,1
1970/01/01 08:27:44,tcp-syn,2
1970/01/01 08:27:48,tcp-syn,1
1970/01/01 08:27:58,tcp-syn,1
1970/01/01 08:28:01,tcp-syn,1
1970/01/01 08:28:02,tcp-syn,1
1970/01/01 08:28:06,tcp-syn,1
1970/01/01 08:28:11,tcp-syn,1
1970/01/01 08:28:19,tcp-syn,2
1970/01/01 08:28:20,tcp-syn,2
1970/01/01 08:28:21,tcp-syn,1
1970/01/01 08:28:23,tcp-syn,1
1970/01/01 08:28:25,tcp-syn,1
1970/01/01 08:28:33,tcp-syn,1
1970/01/01 08:28:48,udp,1
1970/01/01 08:29:00,tcp-syn,1
1970/01/01 08:29:01,tcp-syn,1
1970/01/01 08:29:07,tcp-syn,1
1970/01/01 08:29:10,tcp-syn,1
1970/01/01 08:29:16,tcp-syn,1
1970/01/01 08:29:16,icmp,1
1970/01/01 08:29:19,tcp-syn,1
1970/01/01 08:29:31,tcp-syn,1
1970/01/01 08:29:40,tcp-syn,1
1970/01/01 08:29:46,tcp-syn,1
1970/01/01 08:29:49,tcp-syn,1
1970/01/01 08:29:50,tcp-syn,1
1970/01/01 08:29:51,tcp-syn,4
1970/01/01 08:29:53,tcp-syn,1
1970/01/01 08:29:54,tcp-syn,2
1970/01/01 08:29:55,tcp-syn,1
1970/01/01 08:29:57,tcp-syn,2
1970/01/01 08:29:58,tcp-syn,2
1970/01/01 08:29:59,tcp-syn,1
1970/01/01 08:30:04,tcp-syn,2
1970/01/01 08:30:14,tcp-syn,1
1970/01/01 08:30:18,tcp-syn,1
1970/01/01 08:30:29,tcp-syn,1
1970/01/01 08:30:36,tcp-syn,2
1970/01/01 08:30:39,udp,1
1970/01/01 08:30:50,tcp-syn,1
1970/01/01 08:31:03,tcp-syn,1
1970/01/01 08:31:04,tcp-syn,2
1970/01/01 08:31:05,tcp-syn,1
1970/01/01 08:31:11,tcp-syn,1
1970/01/01 08:31:13,tcp-syn,2
1970/01/01 08:31:15,tcp-syn,3
1970/01/01 08:31:20,tcp-syn,1
1970/01/01 08:31:33,tcp-syn,1
1970/01/01 08:31:34,tcp-syn,1
1970/01/01 08:31:46,tcp-syn,1
1970/01/01 08:31:51,tcp-syn,2
1970/01/01 08:31:55,tcp-syn,1
1970/01/01 08:31:58,tcp-syn,1
1970/01/01 08:32:00,tcp-syn,1
1970/01/01 08:32:10,tcp-syn,2
1970/01/01 08:32:12,tcp-syn,2
1970/01/01 08:32:19,tcp-syn,2
1970/01/01 08:32:28,udp,2
1970/01/01 08:32:30,tcp-syn,1
1970/01/01 08:32:31,tcp-syn,1
1970/01/01 08:32:39,tcp-syn,1
1970/01/01 08:32:40,udp,2
1970/01/01 08:32:45,tcp-syn,1
1970/01/01 08:32:46,tcp-syn,1
1970/01/01 08:32:51,tcp-syn,1
1970/01/01 08:32:54,tcp-syn,1
1970/01/01 08:33:02,tcp-syn,1
1970/01/01 08:33:03,tcp-syn,4
1970/01/01 08:33:07,tcp-syn,1
1970/01/01 08:33:08,tcp-syn,2
1970/01/01 08:33:12,tcp-syn,2
1970/01/01 08:33:13,tcp-syn,1
1970/01/01 08:33:18,tcp-syn,3
1970/01/01 08:33:21,udp,1
1970/01/01 08:33:22,tcp-syn,1
1970/01/01 08:33:24,tcp-syn,1
1970/01/01 08:33:25,tcp-syn,2
1970/01/01 08:33:31,tcp-syn,2
1970/01/01 08:33:32,tcp-syn,1
1970/01/01 08:33:33,tcp-syn,2
1970/01/01 08:33:34,tcp-syn,1
1970/01/01 08:33:38,tcp-syn,2
1970/01/01 08:33:44,tcp-syn,1
1970/01/01 08:33:49,tcp-syn,3
1970/01/01 08:33:52,tcp-syn,1
1970/01/01 08:33:53,tcp-syn,1
1970/01/01 08:33:54,tcp-syn,1
1970/01/01 08:33:55,tcp-syn,1
1970/01/01 08:33:56,tcp-syn,1
1970/01/01 08:34:09,tcp-syn,1
1970/01/01 08:34:10,tcp-syn,1
1970/01/01 08:34:10,udp,2
1970/01/01 08:34:12,tcp-syn,2
1970/01/01 08:34:16,tcp-syn,1
1970/01/01 08:34:23,tcp-syn,2
1970/01/01 08:34:28,tcp-syn,1
1970/01/01 08:34:31,tcp-syn,1
1970/01/01 08:34:38,tcp-syn,1
1970/01/01 08:34:42,tcp-syn,4
1970/01/01 08:34:49,tcp-syn,2
1970/01/01 08:34:50,tcp-syn,1
1970/01/01 08:34:54,tcp-syn,1
1970/01/01 08:34:56,tcp-syn,1
1970/01/01 08:35:03,tcp-syn,1
1970/01/01 08:35:05,tcp-syn,1
1970/01/01 08:35:10,tcp-syn,1
1970/01/01 08:35:13,tcp-syn,1
1970/01/01 08:35:16,tcp-syn,1
1970/01/01 08:35:17,tcp-syn,1
1970/01/01 08:35:23,tcp-syn,1
1970/01/01 08:35:26,tcp-syn,2
1970/01/01 08:35:32,tcp-syn,2
1970/01/01 08:35:33,tcp-syn,1
1970/01/01 08:35:35,tcp-syn,1
1970/01/01 08:35:40,tcp-syn,1
1970/01/01 08:35:54,tcp-syn,1
1970/01/01 08:35:56,tcp-syn,2
1970/01/01 08:36:09,tcp-syn,4
1970/01/01 08:36:12,tcp-syn,2
1970/01/01 08:36:13,tcp-syn,1
1970/01/01 08:36:18,tcp-syn,1
1970/01/01 08:36:21,tcp-syn,2
1970/01/01 08:36:24,tcp-syn,2
1970/01/01 08:36:29,tcp-syn,1
1970/01/01 08:36:34,tcp-syn,2
1970/01/01 08:36:39,tcp-syn,2
1970/01/01 08:36:43,tcp-syn,1
1970/01/01 08:36:45,tcp-syn,1
1970/01/01 08:36:50,tcp-syn,1
1970/01/01 08:36:51,tcp-syn,1
1970/01/01 08:36:57,tcp-syn,2
1970/01/01 08:37:16,tcp-syn,2
1970/01/01 08:37:20,tcp-syn,1
1970/01/01 08:37:21,tcp-syn,1
1970/01/01 08:37:25,tcp-syn,1
1970/01/01 08:37:27,tcp-syn,1
1970/01/01 08:37:44,tcp-syn,4
1970/01/01 08:37:45,tcp-syn,1
1970/01/01 08:37:46,tcp-syn,1
1970/01/01 08:37:57,tcp-syn,1
1970/01/01 08:37:58,tcp-syn,1
1970/01/01 08:38:03,tcp-syn,2
1970/01/01 08:38:07,tcp-syn,2
1970/01/01 08:38:12,tcp-syn,1
1970/01/01 08:38:13,tcp-syn,1
1970/01/01 08:38:15,icmp,1
1970/01/01 08:38:16,tcp-syn,2
1970/01/01 08:38:19,tcp-syn,2
1970/01/01 08:38:31,tcp-syn,1
1970/01/01 08:38:31,icmp,1
1970/01/01 08:38:41,tcp-syn,1
1970/01/01 08:38:42,tcp-syn,1
1970/01/01 08:38:45,icmp,1
1970/01/01 08:38:47,tcp-syn,1
1970/01/01 08:38:48,tcp-syn,1
1970/01/01 08:38:49,tcp-syn,1
1970/01/01 08:38:50,tcp-syn,2
1970/01/01 08:39:08,tcp-syn,2
1970/01/01 08:39:12,tcp-syn,1
1970/01/01 08:39:12,udp,2
1970/01/01 08:39:16,tcp-syn,1
1970/01/01 08:39:18,tcp-syn,1
1970/01/01 08:39:28,tcp-syn,2
1970/01/01 08:39:29,tcp-syn,2
1970/01/01 08:39:30,tcp-syn,2
1970/01/01 08:39:32,tcp-syn,2
1970/01/01 08:39:33,tcp-syn,1
1970/01/01 08:39:40,tcp-syn,1
1970/01/01 08:39:41,tcp-syn,5
1970/01/01 08:39:43,tcp-syn,1
1970/01/01 08:39:54,tcp-syn,1
1970/01/01 08:40:00,tcp-syn,1
1970/01/01 08:40:02,tcp-syn,2
1970/01/01 08:40:03,tcp-syn,1
1970/01/01 08:40:06,tcp-syn,1
1970/01/01 08:40:07,tcp-syn,1
1970/01/01 08:40:14,tcp-syn,1
1970/01/01 08:40:16,tcp-syn,1
1970/01/01 08:40:22,tcp-syn,1
1970/01/01 08:40:24,tcp-syn,1
1970/01/01 08:40:27,tcp-syn,1
1970/01/01 08:40:31,tcp-syn,2
1970/01/01 08:40:36,tcp-syn,2
1970/01/01 08:40:36,udp,1
1970/01/01 08:40:46,tcp-syn,1
1970/01/01 08:41:10,tcp-syn,1
1970/01/01 08:41:11,tcp-syn,1
1970/01/01 08:41:12,tcp-syn,1
1970/01/01 08:41:20,tcp-syn,1
1970/01/01 08:41:21,tcp-syn,1
1970/01/01 08:41:31,tcp-syn,1
1970/01/01 08:41:32,tcp-syn,1
1970/01/01 08:41:35,udp,1
1970/01/01 08:41:38,tcp-syn,1
1970/01/01 08:41:39,tcp-syn,2
1970/01/01 08:41:41,tcp-syn,2
1970/01/01 08:41:47,tcp-syn,1
1970/01/01 08:41:49,udp,2
1970/01/01 08:42:01,tcp-syn,1
1970/01/01 08:42:03,tcp-syn,1
1970/01/01 08:42:08,tcp-syn,1
1970/01/01 08:42:20,udp,1
1970/01/01 08:42:22,tcp-syn,1
1970/01/01 08:42:30,tcp-syn,2
1970/01/01 08:42:34,tcp-syn,1
1970/01/01 08:42:37,tcp-syn,5
1970/01/01 08:42:46,udp,2
1970/01/01 08:42:54,udp,5
1970/01/01 08:42:57,tcp-syn,1
1970/01/01 08:43:03,tcp-syn,2
1970/01/01 08:43:05,tcp-syn,1
1970/01/01 08:43:06,tcp-syn,1
1970/01/01 08:43:12,tcp-syn,2
1970/01/01 08:43:15,tcp-syn,1
1970/01/01 08:43:17,tcp-syn,1
1970/01/01 08:43:19,tcp-syn,1
1970/01/01 08:43:24,tcp-syn,2
1970/01/01 08:43:28,tcp-syn,1
1970/01/01 08:43:34,tcp-syn,1
1970/01/01 08:43:35,icmp,1
1970/01/01 08:43:40,tcp-syn,1
1970/01/01 08:43:46,tcp-syn,1
1970/01/01 08:43:48,tcp-syn,1
1970/01/01 08:43:51,tcp-syn,1
1970/01/01 08:43:52,tcp-syn,1
1970/01/01 08:43:53,tcp-syn,1
1970/01/01 08:44:02,tcp-syn,5
1970/01/01 08:44:03,tcp-syn,1
1970/01/01 08:44:14,tcp-syn,1
1970/01/01 08:44:17,tcp-syn,1
1970/01/01 08:44:21,tcp-syn,2
1970/01/01 08:44:25,udp,1
1970/01/01 08:44:30,tcp-syn,1
1970/01/01 08:44:37,tcp-syn,2
1970/01/01 08:44:38,tcp-syn,1
1970/01/01 08:44:38,udp,1
1970/01/01 08:44:45,tcp-syn,1
1970/01/01 08:44:47,tcp-syn,1
1970/01/01 08:44:48,tcp-syn,1
1970/01/01 08:44:55,tcp-syn,3
1970/01/01 08:44:58,udp,1
1970/01/01 08:45:05,tcp-syn,1
1970/01/01 08:45:06,udp,2
1970/01/01 08:45:07,tcp-syn,1
1970/01/01 08:45:09,tcp-syn,2
1970/01/01 08:45:11,tcp-syn,2
1970/01/01 08:45:19,tcp-syn,1
1970/01/01 08:45:25,tcp-syn,2
1970/01/01 08:45:35,tcp-syn,2
1970/01/01 08:45:35,icmp,2
1970/01/01 08:45:38,tcp-syn,1
1970/01/01 08:45:39,tcp-syn,1
1970/01/01 08:45:42,tcp-syn,2
1970/01/01 08:45:48,tcp-syn,1
1970/01/01 08:45:51,tcp-syn,1
1970/01/01 08:45:54,tcp-syn,1
1970/01/01 08:45:55,tcp-syn,2
1970/01/01 08:45:58,tcp-syn,2
1970/01/01 08:46:02,tcp-syn,1
1970/01/01 08:46:07,tcp-syn,2
1970/01/01 08:46:07,udp,1
1970/01/01 08:46:07,icmp,1
1970/01/01 08:46:17,tcp-syn,1
1970/01/01 08:46:19,udp,2
1970/01/01 08:46:22,tcp-syn,1
1970/01/01 08:46:44,tcp-syn,1
1970/01/01 08:46:55,tcp-syn,1
1970/01/01 08:47:00,tcp-syn,1
1970/01/01 08:47:00,udp,6
1970/01/01 08:47:02,tcp-syn,1
1970/01/01 08:47:14,tcp-syn,1
1970/01/01 08:47:17,tcp-syn,1
1970/01/01 08:47:23,tcp-syn,1
1970/01/01 08:47:25,tcp-syn,2
1970/01/01 08:47:29,tcp-syn,2
1970/01/01 08:47:30,tcp-syn,2
1970/01/01 08:47:33,tcp-syn,2
1970/01/01 08:47:34,tcp-syn,1
1970/01/01 08:47:35,tcp-syn,1
1970/01/01 08:47:46,tcp-syn,2
1970/01/01 08:48:02,tcp-syn,2
1970/01/01 08:48:02,udp,5
1970/01/01 08:48:08,tcp-syn,1
1970/01/01 08:48:10,tcp-syn,1
1970/01/01 08:48:11,tcp-syn,1
1970/01/01 08:48:12,tcp-syn,2
1970/01/01 08:48:18,tcp-syn,2
1970/01/01 08:48:19,tcp-syn,1
1970/01/01 08:48:23,tcp-syn,2
1970/01/01 08:48:26,tcp-syn,1
1970/01/01 08:48:28,tcp-syn,1
1970/01/01 08:48:30,tcp-syn,1
1970/01/01 08:48:40,tcp-syn,1
1970/01/01 08:48:41,tcp-syn,5
1970/01/01 08:48:43,tcp-syn,2
1970/01/01 08:48:44,tcp-syn,1
1970/01/01 08:49:01,tcp-syn,2
1970/01/01 08:49:03,tcp-syn,1
1970/01/01 08:49:07,udp,1
1970/01/01 08:49:10,tcp-syn,1
1970/01/01 08:49:21,tcp-syn,2
1970/01/01 08:49:23,udp,1
1970/01/01 08:49:26,tcp-syn,1
1970/01/01 08:49:27,tcp-syn,2
1970/01/01 08:49:30,tcp-syn,3
1970/01/01 08:49:31,tcp-syn,2
1970/01/01 08:49:31,udp,1
1970/01/01 08:49:33,tcp-syn,1
1970/01/01 08:49:49,tcp-syn,1
1970/01/01 08:49:53,tcp-syn,1
1970/01/01 08:49:56,tcp-syn,1
1970/01/01 08:49:59,udp,2
1970/01/01 08:50:04,tcp-syn,1
1970/01/01 08:50:06,tcp-syn,1
1970/01/01 08:50:07,udp,2
1970/01/01 08:50:10,tcp-syn,1
1970/01/01 08:50:13,tcp-syn,2
1970/01/01 08:50:17,tcp-syn,1
1970/01/01 08:50:22,tcp-syn,2
1970/01/01 08:50:27,tcp-syn,2
1970/01/01 08:50:28,tcp-syn,1
1970/01/01 08:50:31,tcp-syn,1
1970/01/01 08:50:31,udp,1
1970/01/01 08:50:32,tcp-syn,2
1970/01/01 08:50:35,tcp-syn,1
1970/01/01 08:50:37,udp,1
1970/01/01 08:50:40,udp,1
1970/01/01 08:50:44,tcp-syn,2
1970/01/01 08:50:48,tcp-syn,2
1970/01/01 08:50:51,tcp-syn,1
1970/01/01 08:50:54,tcp-syn,2
1970/01/01 08:50:59,tcp-syn,2
1970/01/01 08:51:06,tcp-syn,1
1970/01/01 08:51:22,tcp-syn,1
1970/01/01 08:51:24,tcp-syn,2
1970/01/01 08:51:33,tcp-syn,1
1970/01/01 08:51:35,tcp-syn,2
1970/01/01 08:51:40,tcp-syn,2
1970/01/01 08:51:41,tcp-syn,2
1970/01/01 08:51:44,tcp-syn,5
1970/01/01 08:51:45,tcp-syn,1
1970/01/01 08:51:48,tcp-syn,1
1970/01/01 08:51:54,tcp-syn,1
1970/01/01 08:51:55,tcp-syn,2
1970/01/01 08:52:12,tcp-syn,1
1970/01/01 08:52:14,tcp-syn,2
1970/01/01 08:52:20,tcp-syn,2
1970/01/01 08:52:21,tcp-syn,5
1970/01/01 08:52:24,tcp-syn,1
1970/01/01 08:52:28,udp,1
1970/01/01 08:52:33,tcp-syn,1
1970/01/01 08:52:36,tcp-syn,2
1970/01/01 08:52:40,tcp-syn,4
1970/01/01 08:52:43,tcp-syn,2
1970/01/01 08:52:46,tcp-syn,4
1970/01/01 08:52:49,tcp-syn,2
1970/01/01 08:53:10,tcp-syn,1
1970/01/01 08:53:21,tcp-syn,1
1970/01/01 08:53:23,tcp-syn,1
1970/01/01 08:53:24,tcp-syn,1
1970/01/01 08:53:28,tcp-syn,1
1970/01/01 08:53:29,tcp-syn,1
1970/01/01 08:53:33,tcp-syn,1
1970/01/01 08:53:42,tcp-syn,1
1970/01/01 08:53:51,tcp-syn,1
1970/01/01 08:53:59,tcp-syn,1
1970/01/01 08:54:07,tcp-syn,1
1970/01/01 08:54:24,tcp-syn,2
1970/01/01 08:54:27,tcp-syn,1
1970/01/01 08:54:28,tcp-syn,2
1970/01/01 08:54:32,tcp-syn,1
1970/01/01 08:54:35,udp,1
1970/01/01 08:54:40,tcp-syn,1
1970/01/01 08:54:42,tcp-syn,1
1970/01/01 08:54:44,tcp-syn,1
1970/01/01 08:54:56,tcp-syn,1
1970/01/01 08:54:59,tcp-syn,1
1970/01/01 08:55:03,tcp-syn,1
1970/01/01 08:55:06,tcp-syn,1
1970/01/01 08:55:10,tcp-syn,1
1970/01/01 08:55:15,tcp-syn,1
1970/01/01 08:55:17,tcp-syn,1
1970/01/01 08:55:18,tcp-syn,1
1970/01/01 08:55:25,tcp-syn,1
1970/01/01 08:55:27,tcp-syn,2
1970/01/01 08:55:33,tcp-syn,1
1970/01/01 08:55:40,tcp-syn,1
1970/01/01 08:55:41,tcp-syn,1
1970/01/01 08:55:48,tcp-syn,2
1970/01/01 08:55:49,tcp-syn,2
1970/01/01 08:56:17,tcp-syn,1
1970/01/01 08:56:19,tcp-syn,5
1970/01/01 08:56:29,tcp-syn,1
1970/01/01 08:56:34,tcp-syn,1
1970/01/01 08:56:41,tcp-syn,1
1970/01/01 08:56:47,tcp-syn,2
1970/01/01 08:56:51,tcp-syn,1
1970/01/01 08:56:57,tcp-syn,1
1970/01/01 08:56:58,tcp-syn,1
1970/01/01 08:57:05,icmp,1
1970/01/01 08:57:06,tcp-syn,2
1970/01/01 08:57:07,tcp-syn,2
1970/01/01 08:57:08,tcp-syn,2
1970/01/01 08:57:29,tcp-syn,1
1970/01/01 08:57:30,udp,2
1970/01/01 08:57:37,tcp-syn,2
1970/01/01 08:57:41,tcp-syn,1
1970/01/01 08:57:46,tcp-syn,1
1970/01/01 08:57:53,tcp-syn,1
1970/01/01 08:57:55,tcp-syn,2
1970/01/01 08:57:57,tcp-syn,4
1970/01/01 08:57:58,tcp-syn,1
1970/01/01 08:58:04,tcp-syn,2
1970/01/01 08:58:12,tcp-syn,1
1970/01/01 08:58:13,tcp-syn,2
1970/01/01 08:58:14,tcp-syn,4
1970/01/01 08:58:26,tcp-syn,1
1970/01/01 08:58:27,tcp-syn,1
1970/01/01 08:58:30,tcp-syn,1
1970/01/01 08:58:44,tcp-syn,2
1970/01/01 08:58:56,tcp-syn,5
1970/01/01 08:58:58,tcp-syn,1
1970/01/01 08:58:59,udp,2
1970/01/01 08:59:06,tcp-syn,2
1970/01/01 08:59:15,tcp-syn,1
1970/01/01 08:59:17,tcp-syn,5
1970/01/01 08:59:20,tcp-syn,2
1970/01/01 08:59:22,tcp-syn,1
1970/01/01 08:59:25,tcp-syn,1
1970/01/01 08:59:30,tcp-syn,1
1970/01/01 08:59:35,tcp-syn,1
1970/01/01 08:59:41,tcp-syn,1
1970/01/01 08:59:51,tcp-syn,2
1970/01/01 09:00:01,tcp-syn,1
1970/01/01 09:00:11,tcp-syn,1
1970/01/01 09:00:13,tcp-syn,2
1970/01/01 09:00:24,tcp-syn,2
1970/01/01 09:00:49,tcp-syn,1
1970/01/01 09:00:55,tcp-syn,1
1970/01/01 09:01:03,tcp-syn,1
1970/01/01 09:01:06,tcp-syn,1
1970/01/01 09:01:08,tcp-syn,1
1970/01/01 09:01:10,tcp-syn,1
1970/01/01 09:01:19,tcp-syn,1
1970/01/01 09:01:20,tcp-syn,2
1970/01/01 09:01:21,udp,2
1970/01/01 09:01:25,tcp-syn,2
1970/01/01 09:01:27,tcp-syn,1
1970/01/01 09:01:28,tcp-syn,1
1970/01/01 09:01:32,tcp-syn,1
1970/01/01 09:01:35,tcp-syn,1
1970/01/01 09:01:38,tcp-syn,2
1970/01/01 09:01:41,tcp-syn,2
1970/01/01 09:01:47,tcp-syn,1
1970/01/01 09:01:50,tcp-syn,1
1970/01/01 09:01:52,udp,1
1970/01/01 09:01:59,tcp-syn,2
1970/01/01 09:02:08,udp,3
1970/01/01 09:02:14,tcp-syn,2
1970/01/01 09:02:16,tcp-syn,1
1970/01/01 09:02:17,tcp-syn,2
1970/01/01 09:02:18,tcp-syn,1
1970/01/01 09:02:19,other-ip,1
1970/01/01 09:02:25,tcp-syn,1
1970/01/01 09:02:34,tcp-syn,1
1970/01/01 09:02:36,udp,1
1970/01/01 09:02:40,tcp-syn,1
1970/01/01 09:02:50,tcp-syn,4
1970/01/01 09:02:58,tcp-syn,1
1970/01/01 09:03:02,tcp-syn,2
1970/01/01 09:03:06,tcp-syn,2
1970/01/01 09:03:08,tcp-syn,2
1970/01/01 09:03:09,tcp-syn,1
1970/01/01 09:03:10,tcp-syn,1
1970/01/01 09:03:12,tcp-syn,1
1970/01/01 09:03:14,tcp-syn,2
1970/01/01 09:03:16,tcp-syn,1
1970/01/01 09:03:26,tcp-syn,1
1970/01/01 09:03:27,tcp-syn,1
1970/01/01 09:03:29,tcp-syn,2
1970/01/01 09:03:33,tcp-syn,2
1970/01/01 09:03:34,tcp-syn,1
1970/01/01 09:03:43,tcp-syn,1
1970/01/01 09:03:46,udp,2
1970/01/01 09:03:51,tcp-syn,1
1970/01/01 09:03:58,tcp-syn,2
1970/01/01 09:04:08,tcp-syn,1
1970/01/01 09:04:12,tcp-syn,2
1970/01/01 09:04:13,tcp-syn,1
1970/01/01 09:04:24,tcp-syn,1
1970/01/01 09:04:26,tcp-syn,2
1970/01/01 09:04:29,tcp-syn,4
1970/01/01 09:04:37,udp,2
1970/01/01 09:04:52,tcp-syn,2
1970/01/01 09:04:58,tcp-syn,1
1970/01/01 09:05:00,tcp-syn,1
1970/01/01 09:05:01,tcp-syn,1
1970/01/01 09:05:03,tcp-syn,1
1970/01/01 09:05:04,tcp-syn,1
1970/01/01 09:05:11,tcp-syn,1
1970/01/01 09:05:13,udp,1
1970/01/01 09:05:36,tcp-syn,1
1970/01/01 09:05:37,tcp-syn,1
1970/01/01 09:05:38,tcp-syn,1
1970/01/01 09:05:48,udp,1
1970/01/01 09:05:49,tcp-syn,1
1970/01/01 09:05:50,tcp-syn,1
1970/01/01 09:05:53,tcp-syn,4
1970/01/01 09:05:53,udp,1
1970/01/01 09:05:56,tcp-syn,1
1970/01/01 09:06:01,tcp-syn,2
1970/01/01 09:06:03,tcp-syn,2
1970/01/01 09:06:08,tcp-syn,1
1970/01/01 09:06:19,tcp-syn,1
1970/01/01 09:06:24,udp,2
1970/01/01 09:06:25,tcp-syn,2
1970/01/01 09:06:37,tcp-syn,1
1970/01/01 09:06:45,tcp-syn,2
1970/01/01 09:06:50,tcp-syn,1
1970/01/01 09:06:54,tcp-syn,1
1970/01/01 09:06:56,tcp-syn,1
1970/01/01 09:07:00,tcp-syn,1
1970/01/01 09:07:06,tcp-syn,2
1970/01/01 09:07:16,tcp-syn,1
1970/01/01 09:07:20,tcp-syn,2
1970/01/01 09:07:24,tcp-syn,2
1970/01/01 09:07:32,tcp-syn,1
1970/01/01 09:07:36,tcp-syn,2
1970/01/01 09:07:44,tcp-syn,5
1970/01/01 09:07:50,tcp-syn,4
1970/01/01 09:07:55,tcp-syn,1
1970/01/01 09:07:56,tcp-syn,1
1970/01/01 09:08:09,tcp-syn,2
1970/01/01 09:08:09,udp,1
1970/01/01 09:08:14,tcp-syn,1
1970/01/01 09:08:21,tcp-syn,1
1970/01/01 09:08:23,tcp-syn,2
1970/01/01 09:08:28,tcp-syn,2
1970/01/01 09:08:32,tcp-syn,1
1970/01/01 09:08:35,tcp-syn,3
1970/01/01 09:08:36,tcp-syn,1
1970/01/01 09:08:46,tcp-syn,1
1970/01/01 09:08:50,tcp-syn,2
1970/01/01 09:08:57,udp,1
1970/01/01 09:09:00,tcp-syn,2
1970/01/01 09:09:01,tcp-syn,1
1970/01/01 09:09:05,tcp-syn,1
1970/01/01 09:09:07,udp,5
1970/01/01 09:09:10,tcp-syn,1
1970/01/01 09:09:20,tcp-syn,2
1970/01/01 09:09:38,tcp-syn,1
1970/01/01 09:09:39,tcp-syn,1
1970/01/01 09:09:40,tcp-syn,3
1970/01/01 09:09:44,udp,1
1970/01/01 09:09:47,tcp-syn,2
1970/01/01 09:09:50,tcp-syn,2
1970/01/01 09:09:53,tcp-syn,2
1970/01/01 09:10:00,tcp-syn,1
1970/01/01 09:10:04,tcp-syn,1
1970/01/01 09:10:07,tcp-syn,1
1970/01/01 09:10:20,tcp-syn,2
1970/01/01 09:10:22,tcp-syn,2
1970/01/01 09:10:27,tcp-syn,2
1970/01/01 09:10:38,tcp-syn,2
1970/01/01 09:10:50,tcp-syn,1
1970/01/01 09:10:52,tcp-syn,4
1970/01/01 09:10:57,tcp-syn,1
1970/01/01 09:10:58,tcp-syn,1
1970/01/01 09:10:59,tcp-syn,3
1970/01/01 09:11:05,udp,1
1970/01/01 09:11:11,tcp-syn,1
1970/01/01 09:11:14,tcp-syn,1
1970/01/01 09:11:25,tcp-syn,1
1970/01/01 09:11:26,tcp-syn,2
1970/01/01 09:11:36,tcp-syn,1
1970/01/01 09:11:51,tcp-syn,2
1970/01/01 09:11:52,tcp-syn,2
1970/01/01 09:11:53,tcp-syn,1
1970/01/01 09:11:54,tcp-syn,1
1970/01/01 09:11:58,tcp-syn,1
1970/01/01 09:11:58,udp,1
1970/01/01 09:12:03,tcp-syn,1
1970/01/01 09:12:09,tcp-syn,1
1970/01/01 09:12:10,tcp-syn,1
1970/01/01 09:12:12,tcp-syn,1
1970/01/01 09:12:19,tcp-syn,1
1970/01/01 09:12:30,tcp-syn,1
1970/01/01 09:12:31,tcp-syn,2
1970/01/01 09:12:43,tcp-syn,1
1970/01/01 09:12:47,tcp-syn,1
1970/01/01 09:12:55,tcp-syn,2
1970/01/01 09:13:01,tcp-syn,1
1970/01/01 09:13:04,tcp-syn,1
1970/01/01 09:13:10,tcp-syn,2
1970/01/01 09:13:11,tcp-syn,1
1970/01/01 09:13:12,tcp-syn,2
1970/01/01 09:13:13,tcp-syn,2
1970/01/01 09:13:18,tcp-syn,2
1970/01/01 09:13:21,tcp-syn,1
1970/01/01 09:13:39,tcp-syn,1
1970/01/01 09:13:40,tcp-syn,1
1970/01/01 09:13:47,tcp-syn,1
1970/01/01 09:13:49,tcp-syn,1
1970/01/01 09:13:53,udp,1
1970/01/01 09:13:57,tcp-syn,1
1970/01/01 09:13:58,tcp-syn,2
1970/01/01 09:14:02,tcp-syn,2
1970/01/01 09:14:05,tcp-syn,1
1970/01/01 09:14:16,tcp-syn,2
1970/01/01 09:14:20,tcp-syn,2
1970/01/01 09:14:24,tcp-syn,1
1970/01/01 09:14:27,udp,1
1970/01/01 09:14:30,tcp-syn,2
1970/01/01 09:14:32,tcp-syn,1
1970/01/01 09:14:34,tcp-syn,1
1970/01/01 09:14:43,tcp-syn,1
1970/01/01 09:14:46,udp,1
1970/01/01 09:15:02,tcp-syn,2
1970/01/01 09:15:03,tcp-syn,5
1970/01/01 09:15:07,tcp-syn,2
1970/01/01 09:15:08,tcp-syn,2
1970/01/01 09:15:18,tcp-syn,1
1970/01/01 09:15:21,tcp-syn,1
1970/01/01 09:15:26,tcp-syn,1
1970/01/01 09:15:29,tcp-syn,1
1970/01/01 09:15:30,udp,1
1970/01/01 09:15:32,tcp-syn,1
1970/01/01 09:15:32,icmp,2
1970/01/01 09:15:34,tcp-syn,1
1970/01/01 09:15:38,tcp-syn,2
1970/01/01 09:15:43,tcp-syn,2
1970/01/01 09:15:45,tcp-syn,1
1970/01/01 09:15:46,tcp-syn,2
1970/01/01 09:15:50,tcp-syn,1
1970/01/01 09:15:52,udp,1
1970/01/01 09:15:54,tcp-syn,1
1970/01/01 09:16:04,tcp-syn,1
1970/01/01 09:16:11,tcp-syn,1
1970/01/01 09:16:20,tcp-syn,1
1970/01/01 09:16:22,tcp-syn,1
1970/01/01 09:16:24,tcp-syn,1
1970/01/01 09:16:27,udp,1
1970/01/01 09:16:29,udp,1
1970/01/01 09:16:34,tcp-syn,2
1970/01/01 09:16:43,tcp-syn,2
1970/01/01 09:16:52,tcp-syn,1
1970/01/01 09:16:53,tcp-syn,1
1970/01/01 09:16:55,tcp-syn,1
1970/01/01 09:17:09,tcp-syn,1
1970/01/01 09:17:09,udp,1
1970/01/01 09:17:10,tcp-syn,2
1970/01/01 09:17:18,tcp-syn,2
1970/01/01 09:17:18,udp,2
1970/01/01 09:17:20,tcp-syn,1
1970/01/01 09:17:37,tcp-syn,1
1970/01/01 09:17:39,icmp,1
1970/01/01 09:17:40,tcp-syn,1
1970/01/01 09:17:42,tcp-syn,1
1970/01/01 09:17:48,tcp-syn,1
1970/01/01 09:17:49,tcp-syn,2
1970/01/01 09:17:52,tcp-syn,2
1970/01/01 09:17:59,tcp-syn,1
1970/01/01 09:18:07,tcp-syn,2
1970/01/01 09:18:13,tcp-syn,1
1970/01/01 09:18:18,tcp-syn,2
1970/01/01 09:18:19,tcp-syn,1
1970/01/01 09:18:25,tcp-syn,1
1970/01/01 09:18:29,tcp-syn,1
1970/01/01 09:18:37,tcp-syn,1
1970/01/01 09:18:38,tcp-syn,1
1970/01/01 09:18:43,tcp-syn,1
1970/01/01 09:18:44,tcp-syn,1
1970/01/01 09:18:57,tcp-syn,2
1970/01/01 09:19:07,tcp-syn,2
1970/01/01 09:19:11,tcp-syn,2
1970/01/01 09:19:15,tcp-syn,1
1970/01/01 09:19:19,tcp-syn,1
1970/01/01 09:19:22,tcp-syn,2
1970/01/01 09:19:36,tcp-syn,1
1970/01/01 09:19:39,tcp-syn,2
1970/01/01 09:19:44,tcp-syn,1
1970/01/01 09:19:45,tcp-syn,2
1970/01/01 09:19:47,tcp-syn,1
1970/01/01 09:19:49,tcp-syn,2
1970/01/01 09:19:50,tcp-syn,2
1970/01/01 09:19:53,tcp-syn,1
1970/01/01 09:19:54,tcp-syn,2
1970/01/01 09:20:01,tcp-syn,1
1970/01/01 09:20:04,tcp-syn,1
1970/01/01 09:20:09,tcp-syn,1
1970/01/01 09:20:10,tcp-syn,1
1970/01/01 09:20:11,tcp-syn,1
1970/01/01 09:20:16,tcp-syn,2
1970/01/01 09:20:17,udp,2
1970/01/01 09:20:22,tcp-syn,1
1970/01/01 09:20:29,tcp-syn,1
1970/01/01 09:20:35,udp,1
1970/01/01 09:20:36,tcp-syn,1
1970/01/01 09:20:42,tcp-syn,1
1970/01/01 09:20:47,tcp-syn,2
1970/01/01 09:20:52,tcp-syn,1
1970/01/01 09:20:53,tcp-syn,1
1970/01/01 09:20:54,tcp-syn,1
1970/01/01 09:20:59,tcp-syn,1
1970/01/01 09:21:04,tcp-syn,5
1970/01/01 09:21:16,tcp-syn,2
1970/01/01 09:21:18,tcp-syn,1
1970/01/01 09:21:31,tcp-syn,2
1970/01/01 09:21:32,tcp-syn,2
1970/01/01 09:21:39,tcp-syn,3
1970/01/01 09:21:44,tcp-syn,1
1970/01/01 09:21:54,udp,4
1970/01/01 09:21:55,tcp-syn,2
1970/01/01 09:21:56,tcp-syn,1
1970/01/01 09:21:58,tcp-syn,1
1970/01/01 09:22:02,tcp-syn,2
1970/01/01 09:22:11,tcp-syn,1
1970/01/01 09:22:21,tcp-syn,1
1970/01/01 09:22:26,tcp-syn,4
1970/01/01 09:22:30,tcp-syn,1
1970/01/01 09:22:32,tcp-syn,1
1970/01/01 09:22:33,udp,1
1970/01/01 09:22:34,tcp-syn,1
1970/01/01 09:22:38,tcp-syn,1
1970/01/01 09:22:55,tcp-syn,1
1970/01/01 09:22:58,tcp-syn,1
1970/01/01 09:23:03,tcp-syn,1
1970/01/01 09:23:06,tcp-syn,1
1970/01/01 09:23:15,tcp-syn,2
1970/01/01 09:23:18,tcp-syn,1
1970/01/01 09:23:18,udp,2
1970/01/01 09:23:32,tcp-syn,1
1970/01/01 09:23:33,tcp-syn,1
1970/01/01 09:23:34,tcp-syn,1
1970/01/01 09:23:38,tcp-syn,2
1970/01/01 09:23:41,tcp-syn,1
1970/01/01 09:23:43,tcp-syn,2
1970/01/01 09:23:49,tcp-syn,2
1970/01/01 09:23:50,tcp-syn,1
1970/01/01 09:23:53,tcp-syn,1
1970/01/01 09:23:54,tcp-syn,1
1970/01/01 09:23:56,tcp-syn,2
1970/01/01 09:23:58,tcp-syn,1
1970/01/01 09:24:00,tcp-syn,5
1970/01/01 09:24:01,udp,1
1970/01/01 09:24:04,tcp-syn,2
1970/01/01 09:24:11,tcp-syn,1
1970/01/01 09:24:14,tcp-syn,2
1970/01/01 09:24:14,udp,1
1970/01/01 09:24:18,tcp-syn,1
1970/01/01 09:24:18,udp,1
1970/01/01 09:24:19,tcp-syn,2
1970/01/01 09:24:20,udp,1
1970/01/01 09:24:28,tcp-syn,2
1970/01/01 09:24:36,tcp-syn,2
1970/01/01 09:24:39,tcp-syn,1
1970/01/01 09:24:47,tcp-syn,1
1970/01/01 09:24:56,tcp-syn,1
1970/01/01 09:25:07,tcp-syn,2
1970/01/01 09:25:16,tcp-syn,1
1970/01/01 09:25:18,udp,2
1970/01/01 09:25:21,udp,2
1970/01/01 09:25:24,tcp-syn,1
1970/01/01 09:25:32,tcp-syn,1
1970/01/01 09:25:33,udp,2
1970/01/01 09:25:37,tcp-syn,1
1970/01/01 09:25:42,tcp-syn,2
1970/01/01 09:25:53,udp,2
1970/01/01 09:25:54,tcp-syn,1
1970/01/01 09:26:08,udp,3
1970/01/01 09:26:10,tcp-syn,3
1970/01/01 09:26:22,tcp-syn,1
1970/01/01 09:26:35,tcp-syn,2
1970/01/01 09:26:39,tcp-syn,1
1970/01/01 09:26:51,tcp-syn,1
1970/01/01 09:26:55,udp,1
1970/01/01 09:26:58,tcp-syn,2
1970/01/01 09:27:04,tcp-syn,2
1970/01/01 09:27:12,tcp-syn,1
1970/01/01 09:27:15,tcp-syn,1
1970/01/01 09:27:17,udp,1
1970/01/01 09:27:23,tcp-syn,2
1970/01/01 09:27:25,tcp-syn,2
1970/01/01 09:27:29,tcp-syn,4
1970/01/01 09:27:38,tcp-syn,1
1970/01/01 09:27:42,tcp-syn,1
1970/01/01 09:27:45,tcp-syn,1
1970/01/01 09:27:50,tcp-syn,1
1970/01/01 09:27:53,tcp-syn,2
1970/01/01 09:27:54,tcp-syn,4
1970/01/01 09:28:03,tcp-syn,1
1970/01/01 09:28:04,tcp-syn,2
1970/01/01 09:28:05,tcp-syn,2
1970/01/01 09:28:09,tcp-syn,2
1970/01/01 09:28:16,tcp-syn,1
1970/01/01 09:28:17,tcp-syn,1
1970/01/01 09:28:21,tcp-syn,1
1970/01/01 09:28:26,tcp-syn,1
1970/01/01 09:28:36,tcp-syn,2
1970/01/01 09:28:37,tcp-syn,1
1970/01/01 09:28:48,tcp-syn,2
1970/01/01 09:28:52,tcp-syn,2
1970/01/01 09:28:59,tcp-syn,2
1970/01/01 09:29:03,tcp-syn,1
1970/01/01 09:29:06,tcp-syn,2
1970/01/01 09:29:14,tcp-syn,1
1970/01/01 09:29:17,tcp-syn,1
1970/01/01 09:29:23,tcp-syn,1
1970/01/01 09:29:28,tcp-syn,1
1970/01/01 09:29:33,tcp-syn,1
1970/01/01 09:29:42,tcp-syn,1
1970/01/01 09:29:47,tcp-syn,1
1970/01/01 09:29:49,tcp-syn,1
1970/01/01 09:29:50,udp,1
1970/01/01 09:29:54,tcp-syn,1
1970/01/01 09:29:55,tcp-syn,2
1970/01/01 09:29:59,tcp-syn,1
1970/01/01 09:30:02,tcp-syn,2
1970/01/01 09:30:03,tcp-syn,2
1970/01/01 09:30:06,tcp-syn,2
1970/01/01 09:30:08,tcp-syn,1
1970/01/01 09:30:11,tcp-syn,2
1970/01/01 09:30:16,tcp-syn,1
1970/01/01 09:30:19,tcp-syn,1
1970/01/01 09:30:23,tcp-syn,1
1970/01/01 09:30:26,tcp-syn,1
1970/01/01 09:30:28,icmp,1
1970/01/01 09:30:42,udp,2
1970/01/01 09:30:43,tcp-syn,2
1970/01/01 09:30:44,udp,1
1970/01/01 09:30:54,tcp-syn,1
1970/01/01 09:30:58,tcp-syn,1
1970/01/01 09:31:03,tcp-syn,2
1970/01/01 09:31:05,tcp-syn,1
1970/01/01 09:31:23,tcp-syn,2
1970/01/01 09:31:24,tcp-syn,2
1970/01/01 09:31:29,tcp-syn,1
1970/01/01 09:31:29,udp,2
1970/01/01 09:31:30,udp,1
1970/01/01 09:31:34,tcp-syn,2
1970/01/01 09:31:36,tcp-syn,2
1970/01/01 09:31:39,tcp-syn,1
1970/01/01 09:31:47,tcp-syn,2
1970/01/01 09:32:02,tcp-syn,2
1970/01/01 09:32:11,tcp-syn,1
1970/01/01 09:32:14,udp,1
1970/01/01 09:32:18,tcp-syn,2
1970/01/01 09:32:20,udp,1
1970/01/01 09:32:21,udp,2
1970/01/01 09:32:24,tcp-syn,1
1970/01/01 09:32:28,tcp-syn,1
1970/01/01 09:32:44,tcp-syn,1
1970/01/01 09:32:46,tcp-syn,2
1970/01/01 09:32:49,tcp-syn,1
1970/01/01 09:33:03,tcp-syn,2
1970/01/01 09:33:20,tcp-syn,2
1970/01/01 09:33:21,tcp-syn,1
1970/01/01 09:33:23,tcp-syn,2
1970/01/01 09:33:24,tcp-syn,1
1970/01/01 09:33:31,tcp-syn,3
1970/01/01 09:33:36,tcp-syn,1
1970/01/01 09:33:38,tcp-syn,1
1970/01/01 09:33:44,tcp-syn,2
1970/01/01 09:34:07,tcp-syn,1
1970/01/01 09:34:12,tcp-syn,1
1970/01/01 09:34:16,tcp-syn,2
1970/01/01 09:34:17,udp,1
1970/01/01 09:34:25,tcp-syn,1
1970/01/01 09:34:26,tcp-syn,2
1970/01/01 09:34:28,tcp-syn,1
1970/01/01 09:34:34,tcp-syn,2
1970/01/01 09:34:36,tcp-syn,1
1970/01/01 09:34:37,tcp-syn,2
1970/01/01 09:34:46,tcp-syn,1
1970/01/01 09:34:50,tcp-syn,1
1970/01/01 09:35:00,tcp-syn,1
1970/01/01 09:35:01,tcp-syn,1
1970/01/01 09:35:09,tcp-syn,1
1970/01/01 09:35:16,tcp-syn,1
1970/01/01 09:35:18,tcp-syn,1
1970/01/01 09:35:24,tcp-syn,1
1970/01/01 09:35:26,tcp-syn,1
1970/01/01 09:35:29,tcp-syn,1
1970/01/01 09:35:30,tcp-syn,24
1970/01/01 09:35:33,tcp-syn,1
1970/01/01 09:35:37,tcp-syn,1
1970/01/01 09:35:38,tcp-syn,1
1970/01/01 09:36:02,tcp-syn,1
1970/01/01 09:36:04,tcp-syn,1
1970/01/01 09:36:08,tcp-syn,2
1970/01/01 09:36:17,tcp-syn,1
1970/01/01 09:36:28,tcp-syn,1
1970/01/01 09:36:52,tcp-syn,1
1970/01/01 09:37:01,tcp-syn,1
1970/01/01 09:37:04,tcp-syn,1
1970/01/01 09:37:06,tcp-syn,1
1970/01/01 09:37:09,tcp-syn,1
1970/01/01 09:37:10,udp,2
1970/01/01 09:37:14,tcp-syn,1
1970/01/01 09:37:15,tcp-syn,1
1970/01/01 09:37:30,udp,6
1970/01/01 09:37:31,udp,2
1970/01/01 09:37:34,tcp-syn,3
1970/01/01 09:37:35,tcp-syn,1
1970/01/01 09:37:50,tcp-syn,1
1970/01/01 09:37:54,tcp-syn,2
1970/01/01 09:37:55,tcp-syn,1
1970/01/01 09:37:59,tcp-syn,2
1970/01/01 09:38:05,tcp-syn,1
1970/01/01 09:38:20,tcp-syn,5
1970/01/01 09:38:21,tcp-syn,1
1970/01/01 09:38:24,tcp-syn,1
1970/01/01 09:38:45,tcp-syn,1
1970/01/01 09:38:47,tcp-syn,1
1970/01/01 09:38:48,tcp-syn,2
1970/01/01 09:39:01,tcp-syn,2
1970/01/01 09:39:11,tcp-syn,1
1970/01/01 09:39:19,tcp-syn,1
1970/01/01 09:39:20,tcp-syn,1
1970/01/01 09:39:21,tcp-syn,1
1970/01/01 09:39:26,tcp-syn,1
1970/01/01 09:39:29,tcp-syn,1
1970/01/01 09:39:32,tcp-syn,1
1970/01/01 09:39:33,tcp-syn,1
1970/01/01 09:39:34,tcp-syn,2
1970/01/01 09:39:35,tcp-syn,1
1970/01/01 09:39:37,udp,1
1970/01/01 09:39:44,udp,1
1970/01/01 09:39:45,tcp-syn,1
1970/01/01 09:39:50,tcp-syn,1
1970/01/01 09:39:51,tcp-syn,2
1970/01/01 09:39:52,tcp-syn,2
1970/01/01 09:40:00,tcp-syn,2
1970/01/01 09:40:05,tcp-syn,1
1970/01/01 09:40:06,tcp-syn,2
1970/01/01 09:40:07,tcp-syn,1
1970/01/01 09:40:11,tcp-syn,2
1970/01/01 09:40:12,tcp-syn,2
1970/01/01 09:40:15,tcp-syn,1
1970/01/01 09:40:16,tcp-syn,2
1970/01/01 09:40:20,udp,1
1970/01/01 09:40:23,tcp-syn,1
1970/01/01 09:40:25,tcp-syn,2
1970/01/01 09:40:27,tcp-syn,1
1970/01/01 09:40:35,udp,1
1970/01/01 09:40:42,tcp-syn,2
1970/01/01 09:40:43,tcp-syn,1
1970/01/01 09:40:44,tcp-syn,1
1970/01/01 09:40:45,udp,2
1970/01/01 09:40:46,tcp-syn,1
1970/01/01 09:40:47,udp,2
1970/01/01 09:41:03,udp,2
1970/01/01 09:41:04,udp,1
1970/01/01 09:41:06,tcp-syn,1
1970/01/01 09:41:09,tcp-syn,1
1970/01/01 09:41:13,tcp-syn,1
1970/01/01 09:41:17,tcp-syn,2
1970/01/01 09:41:19,tcp-syn,1
1970/01/01 09:41:22,tcp-syn,1
1970/01/01 09:41:32,tcp-syn,1
1970/01/01 09:41:38,tcp-syn,1
1970/01/01 09:41:41,tcp-syn,3
1970/01/01 09:41:42,tcp-syn,1
1970/01/01 09:41:43,tcp-syn,2
1970/01/01 09:41:45,tcp-syn,1
1970/01/01 09:41:57,tcp-syn,3
1970/01/01 09:42:11,tcp-syn,1
1970/01/01 09:42:12,tcp-syn,2
1970/01/01 09:42:13,tcp-syn,1
1970/01/01 09:42:23,tcp-syn,1
1970/01/01 09:42:27,udp,1
1970/01/01 09:42:29,tcp-syn,1
1970/01/01 09:42:32,udp,1
1970/01/01 09:42:40,tcp-syn,1
1970/01/01 09:42:45,tcp-syn,1
1970/01/01 09:42:50,tcp-syn,1
1970/01/01 09:42:52,tcp-syn,1
1970/01/01 09:42:54,tcp-syn,1
1970/01/01 09:42:55,tcp-syn,1
1970/01/01 09:42:57,tcp-syn,1
1970/01/01 09:43:08,udp,1
1970/01/01 09:43:17,tcp-syn,1
1970/01/01 09:43:18,tcp-syn,2
1970/01/01 09:43:21,tcp-syn,2
1970/01/01 09:43:24,tcp-syn,2
1970/01/01 09:43:28,tcp-syn,1
1970/01/01 09:43:36,udp,2
1970/01/01 09:43:39,tcp-syn,1
1970/01/01 09:43:41,tcp-syn,1
1970/01/01 09:43:42,tcp-syn,1
1970/01/01 09:43:51,tcp-syn,1
1970/01/01 09:43:56,tcp-syn,2
1970/01/01 09:44:06,tcp-syn,1
1970/01/01 09:44:12,tcp-syn,1
1970/01/01 09:44:14,tcp-syn,1
1970/01/01 09:44:24,tcp-syn,1
1970/01/01 09:44:45,tcp-syn,2
1970/01/01 09:44:48,tcp-syn,4
1970/01/01 09:44:54,tcp-syn,2
1970/01/01 09:44:56,tcp-syn,1
1970/01/01 09:45:01,tcp-syn,1
1970/01/01 09:45:04,tcp-syn,2
1970/01/01 09:45:11,tcp-syn,1
1970/01/01 09:45:14,tcp-syn,1
1970/01/01 09:45:21,tcp-syn,1
1970/01/01 09:45:26,tcp-syn,1
1970/01/01 09:45:28,tcp-syn,1
1970/01/01 09:45:29,tcp-syn,1
1970/01/01 09:45:41,tcp-syn,1
1970/01/01 09:45:43,tcp-syn,1
1970/01/01 09:45:47,tcp-syn,1
1970/01/01 09:45:50,tcp-syn,1
1970/01/01 09:45:53,tcp-syn,1
1970/01/01 09:46:03,tcp-syn,1
1970/01/01 09:46:04,udp,2
1970/01/01 09:46:09,tcp-syn,2
1970/01/01 09:46:18,tcp-syn,1
1970/01/01 09:46:19,tcp-syn,1
1970/01/01 09:46:25,tcp-syn,2
1970/01/01 09:46:35,tcp-syn,1
1970/01/01 09:46:41,tcp-syn,2
1970/01/01 09:46:45,tcp-syn,1
1970/01/01 09:46:48,tcp-syn,1
1970/01/01 09:46:48,udp,5
1970/01/01 09:46:50,tcp-syn,2
1970/01/01 09:46:54,tcp-syn,2
1970/01/01 09:47:00,tcp-syn,2
1970/01/01 09:47:05,tcp-syn,5
1970/01/01 09:47:06,tcp-syn,1
1970/01/01 09:47:07,tcp-syn,2
1970/01/01 09:47:10,tcp-syn,1
1970/01/01 09:47:11,tcp-syn,1
1970/01/01 09:47:20,tcp-syn,1
1970/01/01 09:47:25,tcp-syn,2
1970/01/01 09:47:38,tcp-syn,1
1970/01/01 09:47:39,tcp-syn,1
1970/01/01 09:47:46,tcp-syn,1
1970/01/01 09:47:47,tcp-syn,1
1970/01/01 09:47:58,tcp-syn,1
1970/01/01 09:48:01,tcp-syn,1
1970/01/01 09:48:03,tcp-syn,1
1970/01/01 09:48:07,tcp-syn,1
1970/01/01 09:48:09,tcp-syn,2
1970/01/01 09:48:13,tcp-syn,1
1970/01/01 09:48:15,tcp-syn,2
1970/01/01 09:48:18,udp,2
1970/01/01 09:48:19,udp,1
1970/01/01 09:48:22,udp,1
1970/01/01 09:48:27,tcp-syn,1
1970/01/01 09:48:29,tcp-syn,2
1970/01/01 09:48:32,tcp-syn,2
1970/01/01 09:48:34,tcp-syn,1
1970/01/01 09:48:36,tcp-syn,5
1970/01/01 09:48:44,tcp-syn,2
1970/01/01 09:48:51,udp,2
1970/01/01 09:48:56,tcp-syn,1
1970/01/01 09:49:07,tcp-syn,2
1970/01/01 09:49:09,tcp-syn,1
1970/01/01 09:49:15,tcp-syn,1
1970/01/01 09:49:18,tcp-syn,1
1970/01/01 09:49:21,tcp-syn,1
1970/01/01 09:49:22,tcp-syn,1
1970/01/01 09:49:23,tcp-syn,2
1970/01/01 09:49:26,tcp-syn,2
1970/01/01 09:49:28,tcp-syn,1
1970/01/01 09:49:31,tcp-syn,2
1970/01/01 09:49:32,tcp-syn,2
1970/01/01 09:49:35,tcp-syn,1
1970/01/01 09:49:39,tcp-syn,1
1970/01/01 09:49:40,tcp-syn,2
1970/01/01 09:49:46,tcp-syn,1
1970/01/01 09:49:50,tcp-syn,1
1970/01/01 09:49:51,tcp-syn,1
1970/01/01 09:49:57,tcp-syn,1
1970/01/01 09:50:04,tcp-syn,1
1970/01/01 09:50:19,tcp-syn,2
1970/01/01 09:50:23,tcp-syn,2
1970/01/01 09:50:29,tcp-syn,1
1970/01/01 09:50:33,tcp-syn,1
1970/01/01 09:50:45,tcp-syn,1
1970/01/01 09:50:48,udp,1
1970/01/01 09:50:49,tcp-syn,1
1970/01/01 09:50:54,tcp-syn,5
1970/01/01 09:51:01,tcp-syn,2
1970/01/01 09:51:04,udp,1
1970/01/01 09:51:05,tcp-syn,1
1970/01/01 09:51:11,tcp-syn,2
1970/01/01 09:51:17,tcp-syn,2
1970/01/01 09:51:25,tcp-syn,1
1970/01/01 09:51:27,udp,1
1970/01/01 09:51:37,tcp-syn,2
1970/01/01 09:51:39,tcp-syn,2
1970/01/01 09:52:11,tcp-syn,1
1970/01/01 09:52:13,udp,1
1970/01/01 09:52:21,tcp-syn,2
1970/01/01 09:52:27,tcp-syn,1
1970/01/01 09:52:29,tcp-syn,1
1970/01/01 09:52:31,tcp-syn,1
1970/01/01 09:52:46,udp,1
1970/01/01 09:52:49,tcp-syn,1
1970/01/01 09:52:50,udp,1
1970/01/01 09:52:55,udp,3
1970/01/01 09:53:05,tcp-syn,1
1970/01/01 09:53:07,tcp-syn,2
1970/01/01 09:53:08,tcp-syn,1
1970/01/01 09:53:11,tcp-syn,1
1970/01/01 09:53:23,tcp-syn,1
1970/01/01 09:53:38,tcp-syn,1
1970/01/01 09:53:43,tcp-syn,1
1970/01/01 09:53:45,tcp-syn,1
1970/01/01 09:53:48,tcp-syn,9
1970/01/01 09:53:49,tcp-syn,3
1970/01/01 09:53:53,tcp-syn,2
1970/01/01 09:53:54,tcp-syn,5
1970/01/01 09:54:04,tcp-syn,2
1970/01/01 09:54:06,tcp-syn,2
1970/01/01 09:54:17,udp,1
1970/01/01 09:54:19,tcp-syn,2
1970/01/01 09:54:22,tcp-syn,5
1970/01/01 09:54:29,udp,4
1970/01/01 09:54:30,tcp-syn,1
1970/01/01 09:54:31,tcp-syn,2
1970/01/01 09:54:34,tcp-syn,1
1970/01/01 09:54:43,tcp-syn,1
1970/01/01 09:54:48,tcp-syn,1
1970/01/01 09:54:50,tcp-syn,1
1970/01/01 09:54:54,tcp-syn,2
1970/01/01 09:55:03,tcp-syn,1
1970/01/01 09:55:06,tcp-syn,2
1970/01/01 09:55:16,tcp-syn,2
1970/01/01 09:55:20,tcp-syn,1
1970/01/01 09:55:24,tcp-syn,1
1970/01/01 09:55:27,tcp-syn,1
1970/01/01 09:55:30,tcp-syn,1
1970/01/01 09:55:31,tcp-syn,2
1970/01/01 09:55:34,tcp-syn,2
1970/01/01 09:55:38,tcp-syn,1
1970/01/01 09:55:42,tcp-syn,1
1970/01/01 09:55:50,tcp-syn,1
1970/01/01 09:55:54,tcp-syn,1
1970/01/01 09:55:56,tcp-syn,1
1970/01/01 09:56:01,tcp-syn,1
1970/01/01 09:56:10,tcp-syn,1
1970/01/01 09:56:12,udp,1
1970/01/01 09:56:20,tcp-syn,1
1970/01/01 09:56:21,tcp-syn,1
1970/01/01 09:56:34,tcp-syn,2
1970/01/01 09:56:52,tcp-syn,1
1970/01/01 09:56:53,tcp-syn,15
1970/01/01 09:56:57,tcp-syn,1
1970/01/01 09:56:58,tcp-syn,1
1970/01/01 09:57:10,tcp-syn,1
1970/01/01 09:57:17,udp,1
1970/01/01 09:57:21,udp,3
1970/01/01 09:57:25,udp,1
1970/01/01 09:57:36,tcp-syn,1
1970/01/01 09:57:41,tcp-syn,2
1970/01/01 09:57:46,tcp-syn,1
1970/01/01 09:58:02,tcp-syn,1
1970/01/01 09:58:07,tcp-syn,1
1970/01/01 09:58:11,tcp-syn,2
1970/01/01 09:58:15,tcp-syn,5
1970/01/01 09:58:20,tcp-syn,1
1970/01/01 09:58:21,tcp-syn,2
1970/01/01 09:58:21,udp,1
1970/01/01 09:58:23,tcp-syn,2
1970/01/01 09:58:29,tcp-syn,2
1970/01/01 09:58:36,tcp-syn,1
1970/01/01 09:58:50,tcp-syn,1
1970/01/01 09:58:52,tcp-syn,1
1970/01/01 09:58:56,tcp-syn,2
1970/01/01 09:59:04,udp,1
1970/01/01 09:59:14,tcp-syn,2
1970/01/01 09:59:19,tcp-syn,1
1970/01/01 09:59:40,tcp-syn,2
1970/01/01 09:59:55,tcp-syn,2
1970/01/01 10:00:15,tcp-syn,2
1970/01/01 10:00:21,tcp-syn,1
1970/01/01 10:00:22,tcp-syn,1
1970/01/01 10:00:26,udp,1
1970/01/01 10:00:36,tcp-syn,1
1970/01/01 10:00:45,tcp-syn,2
1970/01/01 10:00:46,tcp-syn,1
1970/01/01 10:00:52,tcp-syn,1
1970/01/01 10:00:54,tcp-syn,5
1970/01/01 10:00:55,tcp-syn,1
1970/01/01 10:00:56,tcp-syn,1
1970/01/01 10:00:57,tcp-syn,1
1970/01/01 10:01:00,tcp-syn,2
1970/01/01 10:01:15,tcp-syn,1
1970/01/01 10:01:16,tcp-syn,1
1970/01/01 10:01:29,tcp-syn,2
1970/01/01 10:01:33,tcp-syn,5
1970/01/01 10:01:37,tcp-syn,1
1970/01/01 10:01:38,tcp-syn,1
1970/01/01 10:01:43,udp,1
1970/01/01 10:01:47,tcp-syn,1
1970/01/01 10:01:57,tcp-syn,1
1970/01/01 10:02:11,tcp-syn,1
1970/01/01 10:02:15,tcp-syn,2
1970/01/01 10:02:15,udp,2
1970/01/01 10:02:18,tcp-syn,1
1970/01/01 10:02:23,tcp-syn,1
1970/01/01 10:02:24,tcp-syn,1
1970/01/01 10:02:25,tcp-syn,1
1970/01/01 10:02:29,tcp-syn,1
1970/01/01 10:02:36,tcp-syn,1
1970/01/01 10:02:43,udp,1
1970/01/01 10:02:44,tcp-syn,4
1970/01/01 10:02:47,tcp-syn,1
1970/01/01 10:02:51,tcp-syn,1
1970/01/01 10:02:58,tcp-syn,1
1970/01/01 10:02:59,tcp-syn,1
1970/01/01 10:03:01,udp,1
1970/01/01 10:03:07,tcp-syn,1
1970/01/01 10:03:16,tcp-syn,1
1970/01/01 10:03:25,tcp-syn,1
1970/01/01 10:03:28,tcp-syn,2
1970/01/01 10:03:32,tcp-syn,1
1970/01/01 10:03:36,tcp-syn,5
1970/01/01 10:03:37,tcp-syn,1
1970/01/01 10:03:42,tcp-syn,1
1970/01/01 10:03:46,tcp-syn,1
1970/01/01 10:04:05,tcp-syn,2
1970/01/01 10:04:16,udp,1
1970/01/01 10:04:17,tcp-syn,2
1970/01/01 10:04:24,udp,2
1970/01/01 10:04:26,udp,1
1970/01/01 10:04:28,tcp-syn,3
1970/01/01 10:04:29,tcp-syn,1
1970/01/01 10:04:32,udp,1
1970/01/01 10:04:34,tcp-syn,1
1970/01/01 10:04:36,tcp-syn,2
1970/01/01 10:04:38,tcp-syn,1
1970/01/01 10:04:39,tcp-syn,1
1970/01/01 10:04:40,tcp-syn,1
1970/01/01 10:04:43,tcp-syn,1
1970/01/01 10:04:46,tcp-syn,1
1970/01/01 10:04:56,tcp-syn,1
1970/01/01 10:04:58,tcp-syn,1
1970/01/01 10:05:04,tcp-syn,1
1970/01/01 10:05:06,tcp-syn,1
1970/01/01 10:05:09,tcp-syn,2
1970/01/01 10:05:11,tcp-syn,1
1970/01/01 10:05:18,tcp-syn,2
1970/01/01 10:05:19,tcp-syn,1
1970/01/01 10:05:23,tcp-syn,2
1970/01/01 10:05:24,tcp-syn,1
1970/01/01 10:05:27,tcp-syn,1
1970/01/01 10:05:35,tcp-syn,1
1970/01/01 10:05:41,tcp-syn,4
1970/01/01 10:05:43,tcp-syn,1
1970/01/01 10:05:45,tcp-syn,2
1970/01/01 10:05:52,tcp-syn,1
1970/01/01 10:05:58,tcp-syn,2
1970/01/01 10:06:26,tcp-syn,2
1970/01/01 10:06:33,tcp-syn,1
1970/01/01 10:06:34,tcp-syn,1
1970/01/01 10:06:36,udp,1
1970/01/01 10:06:38,tcp-syn,2
1970/01/01 10:06:40,udp,4
1970/01/01 10:06:43,udp,1
1970/01/01 10:06:44,tcp-syn,1
1970/01/01 10:06:45,tcp-syn,2
1970/01/01 10:06:46,tcp-syn,1
1970/01/01 10:06:47,tcp-syn,1
1970/01/01 10:06:50,tcp-syn,1
1970/01/01 10:06:50,udp,1
1970/01/01 10:06:57,tcp-syn,2
1970/01/01 10:06:58,tcp-syn,1
1970/01/01 10:07:01,tcp-syn,1
1970/01/01 10:07:08,udp,1
1970/01/01 10:07:23,tcp-syn,1
1970/01/01 10:07:25,tcp-syn,1
1970/01/01 10:07:29,tcp-syn,1
1970/01/01 10:07:34,tcp-syn,2
1970/01/01 10:07:37,tcp-syn,1
1970/01/01 10:07:41,tcp-syn,1
1970/01/01 10:07:43,tcp-syn,1
1970/01/01 10:07:53,tcp-syn,1
1970/01/01 10:07:55,tcp-syn,1
1970/01/01 10:07:58,tcp-syn,2
1970/01/01 10:08:02,tcp-syn,1
1970/01/01 10:08:23,tcp-syn,1
1970/01/01 10:08:23,udp,2
1970/01/01 10:08:30,tcp-syn,1
1970/01/01 10:08:38,tcp-syn,1
1970/01/01 10:08:41,tcp-syn,1
1970/01/01 10:08:43,tcp-syn,1
1970/01/01 10:08:50,tcp-syn,2
1970/01/01 10:08:51,tcp-syn,1
1970/01/01 10:08:54,tcp-syn,2
1970/01/01 10:08:57,tcp-syn,2
1970/01/01 10:08:59,tcp-syn,1
1970/01/01 10:09:04,tcp-syn,2
1970/01/01 10:09:05,tcp-syn,1
1970/01/01 10:09:07,tcp-syn,1
1970/01/01 10:09:08,tcp-syn,5
1970/01/01 10:09:09,udp,1
1970/01/01 10:09:11,tcp-syn,1
1970/01/01 10:09:13,tcp-syn,1
1970/01/01 10:09:14,tcp-syn,1
1970/01/01 10:09:15,tcp-syn,1
1970/01/01 10:09:22,tcp-syn,1
1970/01/01 10:09:23,tcp-syn,1
1970/01/01 10:09:25,icmp,1
1970/01/01 10:09:27,tcp-syn,2
1970/01/01 10:09:29,tcp-syn,1
1970/01/01 10:09:30,tcp-syn,1
1970/01/01 10:09:32,tcp-syn,1
1970/01/01 10:09:39,tcp-syn,2
1970/01/01 10:09:47,tcp-syn,2
1970/01/01 10:09:58,tcp-syn,4
1970/01/01 10:10:02,tcp-syn,1
1970/01/01 10:10:11,tcp-syn,1
1970/01/01 10:10:19,tcp-syn,1
1970/01/01 10:10:20,tcp-syn,1
1970/01/01 10:10:22,tcp-syn,5
1970/01/01 10:10:26,tcp-syn,2
1970/01/01 10:10:28,udp,1
1970/01/01 10:10:29,tcp-syn,2
1970/01/01 10:10:30,tcp-syn,1
1970/01/01 10:10:43,tcp-syn,1
1970/01/01 10:10:48,tcp-syn,2
1970/01/01 10:11:00,tcp-syn,2
1970/01/01 10:11:03,tcp-syn,1
1970/01/01 10:11:07,tcp-syn,2
1970/01/01 10:11:09,tcp-syn,1
1970/01/01 10:11:23,tcp-syn,1
1970/01/01 10:11:26,tcp-syn,5
1970/01/01 10:11:28,tcp-syn,2
1970/01/01 10:11:29,tcp-syn,1
1970/01/01 10:11:35,tcp-syn,1
1970/01/01 10:11:38,tcp-syn,1
1970/01/01 10:11:39,tcp-syn,1
1970/01/01 10:11:40,tcp-syn,2
1970/01/01 10:11:44,tcp-syn,2
1970/01/01 10:11:46,tcp-syn,5
1970/01/01 10:11:54,tcp-syn,1
1970/01/01 10:11:57,udp,2
1970/01/01 10:11:59,tcp-syn,3
1970/01/01 10:12:01,tcp-syn,16
1970/01/01 10:12:07,tcp-syn,1
1970/01/01 10:12:10,tcp-syn,2
1970/01/01 10:12:17,tcp-syn,1
1970/01/01 10:12:21,tcp-syn,1
1970/01/01 10:12:22,tcp-syn,2
1970/01/01 10:12:23,tcp-syn,1
1970/01/01 10:12:31,tcp-syn,1
1970/01/01 10:12:54,tcp-syn,1
1970/01/01 10:12:58,udp,2
1970/01/01 10:13:01,tcp-syn,2
1970/01/01 10:13:02,tcp-syn,1
1970/01/01 10:13:12,tcp-syn,4
1970/01/01 10:13:15,tcp-syn,1
1970/01/01 10:13:16,tcp-syn,2
1970/01/01 10:13:21,tcp-syn,2
1970/01/01 10:13:24,tcp-syn,3
1970/01/01 10:13:30,udp,11
1970/01/01 10:13:33,tcp-syn,1
1970/01/01 10:13:38,tcp-syn,2
1970/01/01 10:13:40,tcp-syn,2
1970/01/01 10:13:48,tcp-syn,2
1970/01/01 10:13:50,tcp-syn,1
1970/01/01 10:13:55,tcp-syn,1
1970/01/01 10:13:57,tcp-syn,2
1970/01/01 10:14:00,tcp-syn,1
1970/01/01 10:14:05,tcp-syn,1
1970/01/01 10:14:12,tcp-syn,1
1970/01/01 10:14:14,tcp-syn,1
1970/01/01 10:14:16,tcp-syn,1
1970/01/01 10:14:19,tcp-syn,1
1970/01/01 10:14:21,tcp-syn,1
1970/01/01 10:14:30,tcp-syn,1
1970/01/01 10:14:35,tcp-syn,1
1970/01/01 10:14:37,udp,2
1970/01/01 10:14:44,tcp-syn,1
1970/01/01 10:14:48,tcp-syn,2
1970/01/01 10:14:48,udp,1
1970/01/01 10:14:53,udp,3
1970/01/01 10:14:58,tcp-syn,2
1970/01/01 10:15:09,tcp-syn,1
1970/01/01 10:15:12,tcp-syn,2
1970/01/01 10:15:14,udp,6
1970/01/01 10:15:16,udp,1
1970/01/01 10:15:16,icmp,2
1970/01/01 10:15:26,tcp-syn,2
1970/01/01 10:15:30,udp,1
1970/01/01 10:15:34,tcp-syn,1
1970/01/01 10:15:35,tcp-syn,2
1970/01/01 10:15:37,tcp-syn,1
1970/01/01 10:15:41,tcp-syn,2
1970/01/01 10:15:54,tcp-syn,1
1970/01/01 10:15:56,tcp-syn,1
1970/01/01 10:15:56,udp,1
1970/01/01 10:15:57,tcp-syn,1
1970/01/01 10:15:58,tcp-syn,1
1970/01/01 10:16:00,tcp-syn,1
1970/01/01 10:16:08,tcp-syn,2
1970/01/01 10:16:11,udp,5
1970/01/01 10:16:17,tcp-syn,2
1970/01/01 10:16:26,tcp-syn,1
1970/01/01 10:16:27,tcp-syn,1
1970/01/01 10:16:29,tcp-syn,1
1970/01/01 10:16:34,udp,2
1970/01/01 10:16:36,tcp-syn,1
1970/01/01 10:16:44,tcp-syn,1
1970/01/01 10:16:46,tcp-syn,1
1970/01/01 10:16:46,udp,1
1970/01/01 10:17:02,tcp-syn,1
1970/01/01 10:17:03,tcp-syn,2
1970/01/01 10:17:04,tcp-syn,1
1970/01/01 10:17:04,udp,2
1970/01/01 10:17:13,tcp-syn,1
1970/01/01 10:17:16,tcp-syn,1
1970/01/01 10:17:22,tcp-syn,4
1970/01/01 10:17:34,tcp-syn,1
1970/01/01 10:17:35,tcp-syn,1
1970/01/01 10:17:36,tcp-syn,1
1970/01/01 10:17:40,tcp-syn,1
1970/01/01 10:17:43,udp,1
1970/01/01 10:17:45,tcp-syn,2
1970/01/01 10:17:48,tcp-syn,1
1970/01/01 10:17:57,tcp-syn,2
1970/01/01 10:17:58,tcp-syn,2
1970/01/01 10:18:00,tcp-syn,2
1970/01/01 10:18:01,tcp-syn,1
1970/01/01 10:18:03,tcp-syn,2
1970/01/01 10:18:07,icmp,1
1970/01/01 10:18:20,tcp-syn,2
1970/01/01 10:18:20,udp,2
1970/01/01 10:18:23,tcp-syn,1
1970/01/01 10:18:25,tcp-syn,1
1970/01/01 10:18:46,tcp-syn,2
1970/01/01 10:18:50,tcp-syn,1
1970/01/01 10:18:52,tcp-syn,1
1970/01/01 10:18:54,tcp-syn,1
1970/01/01 10:19:09,tcp-syn,1
1970/01/01 10:19:14,tcp-syn,1
1970/01/01 10:19:18,tcp-syn,1
1970/01/01 10:19:20,tcp-syn,1
1970/01/01 10:19:22,tcp-syn,2
1970/01/01 10:19:27,tcp-syn,1
1970/01/01 10:19:33,tcp-syn,2
1970/01/01 10:19:34,tcp-syn,2
1970/01/01 10:19:40,tcp-syn,1
1970/01/01 10:19:41,tcp-syn,2
1970/01/01 10:19:46,tcp-syn,1
1970/01/01 10:19:50,udp,1
1970/01/01 10:19:52,tcp-syn,1
1970/01/01 10:19:54,tcp-syn,5
1970/01/01 10:20:16,tcp-syn,2
1970/01/01 10:20:29,tcp-syn,1
1970/01/01 10:20:33,tcp-syn,2
1970/01/01 10:20:37,udp,3
1970/01/01 10:20:38,tcp-syn,1
1970/01/01 10:20:42,tcp-syn,1
1970/01/01 10:20:42,udp,1
1970/01/01 10:20:43,tcp-syn,2
1970/01/01 10:20:44,tcp-syn,1
1970/01/01 10:20:58,udp,1
1970/01/01 10:21:14,tcp-syn,1
1970/01/01 10:21:15,tcp-syn,1
1970/01/01 10:21:26,tcp-syn,1
1970/01/01 10:21:32,tcp-syn,2
1970/01/01 10:21:35,tcp-syn,1
1970/01/01 10:21:39,udp,2
1970/01/01 10:21:41,tcp-syn,1
1970/01/01 10:21:42,tcp-syn,1
1970/01/01 10:21:47,udp,1
1970/01/01 10:21:54,tcp-syn,2
1970/01/01 10:21:58,tcp-syn,1
1970/01/01 10:22:00,tcp-syn,1
1970/01/01 10:22:05,tcp-syn,1
1970/01/01 10:22:06,tcp-syn,1
1970/01/01 10:22:13,tcp-syn,2
1970/01/01 10:22:17,tcp-syn,1
1970/01/01 10:22:21,tcp-syn,1
1970/01/01 10:22:30,tcp-syn,1
1970/01/01 10:22:36,tcp-syn,1
1970/01/01 10:22:39,tcp-syn,1
1970/01/01 10:22:42,tcp-syn,1
1970/01/01 10:22:52,udp,2
1970/01/01 10:22:53,tcp-syn,1
1970/01/01 10:23:03,icmp,1
1970/01/01 10:23:10,tcp-syn,1
1970/01/01 10:23:12,tcp-syn,1
1970/01/01 10:23:16,tcp-syn,3
1970/01/01 10:23:19,tcp-syn,1
1970/01/01 10:23:22,tcp-syn,1
1970/01/01 10:23:23,tcp-syn,1
1970/01/01 10:23:30,tcp-syn,1
1970/01/01 10:23:38,tcp-syn,3
1970/01/01 10:23:39,tcp-syn,2
1970/01/01 10:23:41,tcp-syn,1
1970/01/01 10:23:45,tcp-syn,1
1970/01/01 10:23:46,tcp-syn,2
1970/01/01 10:23:50,tcp-syn,2
1970/01/01 10:23:56,tcp-syn,1
1970/01/01 10:23:57,tcp-syn,1
1970/01/01 10:24:01,tcp-syn,3
1970/01/01 10:24:04,tcp-syn,1
1970/01/01 10:24:05,tcp-syn,1
1970/01/01 10:24:08,tcp-syn,1
1970/01/01 10:24:18,tcp-syn,2
1970/01/01 10:24:21,tcp-syn,2
1970/01/01 10:24:23,tcp-syn,1
1970/01/01 10:24:28,tcp-syn,1
1970/01/01 10:24:40,tcp-syn,1
1970/01/01 10:24:42,tcp-syn,1
1970/01/01 10:24:53,tcp-syn,2
1970/01/01 10:24:59,tcp-syn,1
1970/01/01 10:25:00,tcp-syn,1
1970/01/01 10:25:05,tcp-syn,1
1970/01/01 10:25:07,tcp-syn,1
1970/01/01 10:25:13,tcp-syn,1
1970/01/01 10:25:18,tcp-syn,1
1970/01/01 10:25:28,tcp-syn,1
1970/01/01 10:25:32,tcp-syn,1
1970/01/01 10:25:44,tcp-syn,1
1970/01/01 10:25:47,tcp-syn,1
1970/01/01 10:25:52,tcp-syn,2
1970/01/01 10:26:03,tcp-syn,1
1970/01/01 10:26:05,tcp-syn,2
1970/01/01 10:26:16,tcp-syn,1
1970/01/01 10:26:26,tcp-syn,1
1970/01/01 10:26:29,tcp-syn,1
1970/01/01 10:26:34,tcp-syn,1
1970/01/01 10:26:36,tcp-syn,1
1970/01/01 10:26:37,tcp-syn,1
1970/01/01 10:26:38,tcp-syn,1
1970/01/01 10:26:49,udp,2
1970/01/01 10:27:04,tcp-syn,5
1970/01/01 10:27:16,tcp-syn,1
1970/01/01 10:27:20,tcp-syn,1
1970/01/01 10:27:22,tcp-syn,2
1970/01/01 10:27:29,tcp-syn,1
1970/01/01 10:27:31,tcp-syn,1
1970/01/01 10:27:35,tcp-syn,1
1970/01/01 10:27:36,tcp-syn,1
1970/01/01 10:27:37,tcp-syn,1
1970/01/01 10:27:43,tcp-syn,1
1970/01/01 10:27:49,udp,2
1970/01/01 10:27:51,udp,2
1970/01/01 10:27:55,tcp-syn,1
1970/01/01 10:27:58,tcp-syn,1
1970/01/01 10:27:59,tcp-syn,1
1970/01/01 10:28:00,tcp-syn,5
1970/01/01 10:28:02,tcp-syn,2
1970/01/01 10:28:13,tcp-syn,1
1970/01/01 10:28:16,tcp-syn,1
1970/01/01 10:28:20,tcp-syn,1
1970/01/01 10:28:23,udp,1
1970/01/01 10:28:26,tcp-syn,2
1970/01/01 10:28:27,tcp-syn,1
1970/01/01 10:28:35,tcp-syn,1
1970/01/01 10:28:36,tcp-syn,1
1970/01/01 10:28:44,tcp-syn,1
1970/01/01 10:28:47,tcp-syn,2
1970/01/01 10:28:48,tcp-syn,2
1970/01/01 10:28:50,tcp-syn,2
1970/01/01 10:28:51,tcp-syn,1
1970/01/01 10:29:00,tcp-syn,2
1970/01/01 10:29:04,tcp-syn,1
1970/01/01 10:29:04,udp,1
1970/01/01 10:29:06,tcp-syn,2
1970/01/01 10:29:07,tcp-syn,1
1970/01/01 10:29:09,tcp-syn,1
1970/01/01 10:29:14,tcp-syn,1
1970/01/01 10:29:16,tcp-syn,1
1970/01/01 10:29:18,tcp-syn,1
1970/01/01 10:29:22,tcp-syn,2
1970/01/01 10:29:45,tcp-syn,1
1970/01/01 10:29:48,tcp-syn,4
1970/01/01 10:29:56,tcp-syn,1
1970/01/01 10:29:58,tcp-syn,1
1970/01/01 10:30:07,udp,1
1970/01/01 10:30:09,tcp-syn,5
1970/01/01 10:30:12,tcp-syn,1
1970/01/01 10:30:20,tcp-syn,1
1970/01/01 10:30:31,tcp-syn,1
1970/01/01 10:30:35,tcp-syn,3
1970/01/01 10:30:36,tcp-syn,1
1970/01/01 10:30:42,tcp-syn,2
1970/01/01 10:30:44,tcp-syn,1
1970/01/01 10:30:52,tcp-syn,5
1970/01/01 10:30:57,tcp-syn,2
1970/01/01 10:31:01,tcp-syn,2
1970/01/01 10:31:05,tcp-syn,2
1970/01/01 10:31:09,tcp-syn,1
1970/01/01 10:31:12,tcp-syn,2
1970/01/01 10:31:14,tcp-syn,1
1970/01/01 10:31:27,tcp-syn,1
1970/01/01 10:31:39,tcp-syn,1
1970/01/01 10:31:43,tcp-syn,4
1970/01/01 10:31:58,tcp-syn,1
1970/01/01 10:32:01,tcp-syn,1
1970/01/01 10:32:03,tcp-syn,1
1970/01/01 10:32:08,udp,1
1970/01/01 10:32:13,tcp-syn,1
1970/01/01 10:32:22,tcp-syn,2
1970/01/01 10:32:28,tcp-syn,1
1970/01/01 10:32:29,udp,1
1970/01/01 10:32:31,tcp-syn,1
1970/01/01 10:32:36,tcp-syn,1
1970/01/01 10:32:36,udp,2
1970/01/01 10:32:37,tcp-syn,1
1970/01/01 10:32:41,tcp-syn,4
1970/01/01 10:32:42,tcp-syn,2
1970/01/01 10:32:48,tcp-syn,1
1970/01/01 10:32:50,udp,2
1970/01/01 10:32:51,tcp-syn,1
1970/01/01 10:33:08,tcp-syn,1
1970/01/01 10:33:22,tcp-syn,1
1970/01/01 10:33:30,udp,1
1970/01/01 10:33:32,tcp-syn,1
1970/01/01 10:33:41,tcp-syn,1
1970/01/01 10:33:43,tcp-syn,1
1970/01/01 10:33:48,tcp-syn,1
1970/01/01 10:33:52,tcp-syn,2
1970/01/01 10:33:57,tcp-syn,5
1970/01/01 10:33:59,tcp-syn,1
1970/01/01 10:34:05,tcp-syn,1
1970/01/01 10:34:07,tcp-syn,1
1970/01/01 10:34:10,tcp-syn,1
1970/01/01 10:34:11,tcp-syn,1
1970/01/01 10:34:14,tcp-syn,1
1970/01/01 10:34:18,tcp-syn,2
1970/01/01 10:34:24,tcp-syn,1
1970/01/01 10:34:25,tcp-syn,2
1970/01/01 10:34:32,tcp-syn,1
1970/01/01 10:34:42,tcp-syn,1
1970/01/01 10:34:44,tcp-syn,2
1970/01/01 10:34:58,tcp-syn,1
1970/01/01 10:35:01,tcp-syn,1
1970/01/01 10:35:01,udp,1
1970/01/01 10:35:04,tcp-syn,2
1970/01/01 10:35:04,udp,1
1970/01/01 10:35:05,tcp-syn,2
1970/01/01 10:35:16,tcp-syn,2
1970/01/01 10:35:20,udp,1
1970/01/01 10:35:30,tcp-syn,1
1970/01/01 10:35:32,tcp-syn,1
1970/01/01 10:35:35,tcp-syn,1
1970/01/01 10:35:36,tcp-syn,1
1970/01/01 10:35:40,tcp-syn,1
1970/01/01 10:35:56,tcp-syn,1
1970/01/01 10:36:02,tcp-syn,1
1970/01/01 10:36:03,icmp,2
1970/01/01 10:36:22,tcp-syn,1
1970/01/01 10:36:24,tcp-syn,1
1970/01/01 10:36:28,tcp-syn,1
1970/01/01 10:36:30,tcp-syn,2
1970/01/01 10:36:32,tcp-syn,1
1970/01/01 10:36:33,udp,1
1970/01/01 10:36:44,tcp-syn,1
1970/01/01 10:36:49,tcp-syn,1
1970/01/01 10:36:50,tcp-syn,1
1970/01/01 10:36:51,tcp-syn,1
1970/01/01 10:37:05,tcp-syn,1
1970/01/01 10:37:08,tcp-syn,1
1970/01/01 10:37:11,tcp-syn,2
1970/01/01 10:37:43,udp,1
1970/01/01 10:37:48,tcp-syn,1
1970/01/01 10:37:51,tcp-syn,2
1970/01/01 10:37:53,tcp-syn,1
1970/01/01 10:37:54,tcp-syn,1
1970/01/01 10:37:56,tcp-syn,1
1970/01/01 10:38:11,tcp-syn,2
1970/01/01 10:38:15,tcp-syn,1
1970/01/01 10:38:16,tcp-syn,1
1970/01/01 10:38:22,tcp-syn,1
1970/01/01 10:38:32,udp,2
1970/01/01 10:38:33,tcp-syn,2
1970/01/01 10:38:43,tcp-syn,1
1970/01/01 10:38:51,tcp-syn,2
1970/01/01 10:38:52,tcp-syn,1
1970/01/01 10:38:56,tcp-syn,2
1970/01/01 10:38:57,tcp-syn,1
1970/01/01 10:38:58,tcp-syn,1
1970/01/01 10:39:07,tcp-syn,3
1970/01/01 10:39:13,udp,1
1970/01/01 10:39:16,tcp-syn,2
1970/01/01 10:39:19,tcp-syn,2
1970/01/01 10:39:25,tcp-syn,1
1970/01/01 10:39:30,tcp-syn,1
1970/01/01 10:39:37,tcp-syn,2
1970/01/01 10:39:38,tcp-syn,1
1970/01/01 10:39:39,tcp-syn,1
1970/01/01 10:39:46,tcp-syn,1
1970/01/01 10:39:47,tcp-syn,5
1970/01/01 10:40:04,tcp-syn,1
1970/01/01 10:40:06,tcp-syn,1
1970/01/01 10:40:08,tcp-syn,4
1970/01/01 10:40:10,tcp-syn,1
1970/01/01 10:40:11,tcp-syn,1
1970/01/01 10:40:28,tcp-syn,1
1970/01/01 10:40:40,tcp-syn,2
1970/01/01 10:40:44,tcp-syn,2
1970/01/01 10:40:49,tcp-syn,1
1970/01/01 10:40:58,tcp-syn,1
1970/01/01 10:40:59,tcp-syn,5
1970/01/01 10:41:01,tcp-syn,1
1970/01/01 10:41:03,tcp-syn,1
1970/01/01 10:41:12,tcp-syn,1
1970/01/01 10:41:15,tcp-syn,5
1970/01/01 10:41:20,tcp-syn,1
1970/01/01 10:41:32,tcp-syn,1
1970/01/01 10:41:32,udp,2
1970/01/01 10:41:43,tcp-syn,1
1970/01/01 10:41:45,tcp-syn,1
1970/01/01 10:41:46,tcp-syn,2
1970/01/01 10:41:59,tcp-syn,1
1970/01/01 10:42:05,tcp-syn,2
1970/01/01 10:42:25,tcp-syn,1
1970/01/01 10:42:26,tcp-syn,1
1970/01/01 10:42:33,udp,1
1970/01/01 10:42:34,tcp-syn,2
1970/01/01 10:42:51,tcp-syn,1
1970/01/01 10:42:59,tcp-syn,1
1970/01/01 10:43:04,tcp-syn,1
1970/01/01 10:43:06,tcp-syn,2
1970/01/01 10:43:08,tcp-syn,2
1970/01/01 10:43:12,udp,2
1970/01/01 10:43:13,tcp-syn,1
1970/01/01 10:43:15,tcp-syn,1
1970/01/01 10:43:21,tcp-syn,1
1970/01/01 10:43:22,tcp-syn,1
1970/01/01 10:43:27,tcp-syn,1
1970/01/01 10:43:28,udp,1
1970/01/01 10:43:33,tcp-syn,1
1970/01/01 10:43:42,tcp-syn,1
1970/01/01 10:43:48,tcp-syn,1
1970/01/01 10:43:50,tcp-syn,1
1970/01/01 10:43:54,tcp-syn,2
1970/01/01 10:43:55,tcp-syn,2
1970/01/01 10:43:57,tcp-syn,1
1970/01/01 10:43:59,tcp-syn,5
1970/01/01 10:44:04,tcp-syn,2
1970/01/01 10:44:05,tcp-syn,1
1970/01/01 10:44:11,tcp-syn,2
1970/01/01 10:44:18,tcp-syn,1
1970/01/01 10:44:21,tcp-syn,1
1970/01/01 10:44:37,udp,1
1970/01/01 10:44:38,tcp-syn,1
1970/01/01 10:44:39,tcp-syn,2
1970/01/01 10:44:54,tcp-syn,1
1970/01/01 10:45:00,tcp-syn,2
1970/01/01 10:45:06,tcp-syn,1
1970/01/01 10:45:12,udp,2
1970/01/01 10:45:15,tcp-syn,1
1970/01/01 10:45:24,tcp-syn,2
1970/01/01 10:45:25,tcp-syn,1
1970/01/01 10:45:34,tcp-syn,2
1970/01/01 10:45:35,tcp-syn,2
1970/01/01 10:45:38,tcp-syn,1
1970/01/01 10:45:39,tcp-syn,2
1970/01/01 10:45:45,tcp-syn,2
1970/01/01 10:45:49,tcp-syn,2
1970/01/01 10:45:52,tcp-syn,1
1970/01/01 10:45:57,tcp-syn,1
1970/01/01 10:45:58,tcp-syn,1
1970/01/01 10:46:00,tcp-syn,1
1970/01/01 10:46:04,tcp-syn,1
1970/01/01 10:46:12,tcp-syn,1
1970/01/01 10:46:16,tcp-syn,1
1970/01/01 10:46:23,tcp-syn,1
1970/01/01 10:46:24,tcp-syn,1
1970/01/01 10:46:32,tcp-syn,1
1970/01/01 10:46:39,tcp-syn,1
1970/01/01 10:46:45,tcp-syn,1
1970/01/01 10:46:46,tcp-syn,2
1970/01/01 10:46:55,tcp-syn,1
1970/01/01 10:46:59,tcp-syn,2
1970/01/01 10:47:13,tcp-syn,5
1970/01/01 10:47:22,tcp-syn,1
1970/01/01 10:47:24,tcp-syn,1
1970/01/01 10:47:25,tcp-syn,2
1970/01/01 10:47:34,tcp-syn,2
1970/01/01 10:47:45,tcp-syn,1
1970/01/01 10:47:54,tcp-syn,2
1970/01/01 10:47:56,tcp-syn,1
1970/01/01 10:48:10,tcp-syn,1
1970/01/01 10:48:18,tcp-syn,2
1970/01/01 10:48:19,tcp-syn,1
1970/01/01 10:48:23,tcp-syn,3
1970/01/01 10:48:24,tcp-syn,1
1970/01/01 10:48:29,tcp-syn,2
1970/01/01 10:48:31,tcp-syn,1
1970/01/01 10:48:32,tcp-syn,2
1970/01/01 10:48:33,tcp-syn,5
1970/01/01 10:48:34,udp,1
1970/01/01 10:48:40,tcp-syn,1
1970/01/01 10:48:41,tcp-syn,1
1970/01/01 10:48:46,tcp-syn,1
1970/01/01 10:48:49,udp,1
1970/01/01 10:48:50,tcp-syn,1
1970/01/01 10:48:54,tcp-syn,1
1970/01/01 10:49:05,udp,2
1970/01/01 10:49:06,udp,1
1970/01/01 10:49:10,tcp-syn,1
1970/01/01 10:49:11,tcp-syn,2
1970/01/01 10:49:15,tcp-syn,1
1970/01/01 10:49:17,tcp-syn,2
1970/01/01 10:49:22,tcp-syn,1
1970/01/01 10:49:30,tcp-syn,5
1970/01/01 10:49:36,tcp-syn,2
1970/01/01 10:49:43,udp,1
1970/01/01 10:49:47,tcp-syn,2
1970/01/01 10:49:48,tcp-syn,2
1970/01/01 10:49:51,udp,2
1970/01/01 10:49:53,tcp-syn,2
1970/01/01 10:50:01,tcp-syn,1
1970/01/01 10:50:02,tcp-syn,1
1970/01/01 10:50:07,tcp-syn,2
1970/01/01 10:50:08,tcp-syn,2
1970/01/01 10:50:12,tcp-syn,1
1970/01/01 10:50:13,tcp-syn,1
1970/01/01 10:50:19,tcp-syn,1
1970/01/01 10:50:20,tcp-syn,1
1970/01/01 10:50:24,tcp-syn,2
1970/01/01 10:50:26,tcp-syn,2
1970/01/01 10:50:34,tcp-syn,1
1970/01/01 10:50:43,tcp-syn,1
1970/01/01 10:50:45,tcp-syn,2
1970/01/01 10:50:59,tcp-syn,1
1970/01/01 10:51:09,tcp-syn,1
1970/01/01 10:51:20,tcp-syn,1
1970/01/01 10:51:26,tcp-syn,1
1970/01/01 10:51:26,udp,1
1970/01/01 10:51:45,tcp-syn,1
1970/01/01 10:51:48,tcp-syn,2
1970/01/01 10:51:49,tcp-syn,1
1970/01/01 10:51:57,tcp-syn,1
1970/01/01 10:52:00,tcp-syn,1
1970/01/01 10:52:02,tcp-syn,1
1970/01/01 10:52:04,tcp-syn,1
1970/01/01 10:52:25,tcp-syn,1
1970/01/01 10:52:32,tcp-syn,1
1970/01/01 10:52:40,tcp-syn,2
1970/01/01 10:52:43,tcp-syn,1
1970/01/01 10:52:49,tcp-syn,1
1970/01/01 10:52:57,tcp-syn,1
1970/01/01 10:53:05,tcp-syn,5
1970/01/01 10:53:09,tcp-syn,1
1970/01/01 10:53:11,tcp-syn,2
1970/01/01 10:53:12,tcp-syn,1
1970/01/01 10:53:24,tcp-syn,1
1970/01/01 10:53:36,tcp-syn,2
1970/01/01 10:53:37,tcp-syn,2
1970/01/01 10:53:43,tcp-syn,2
1970/01/01 10:54:03,tcp-syn,1
1970/01/01 10:54:07,tcp-syn,1
1970/01/01 10:54:07,udp,2
1970/01/01 10:54:13,tcp-syn,1
1970/01/01 10:54:14,tcp-syn,1
1970/01/01 10:54:28,tcp-syn,1
1970/01/01 10:54:31,tcp-syn,1
1970/01/01 10:54:33,tcp-syn,1
1970/01/01 10:54:33,udp,1
1970/01/01 10:54:43,tcp-syn,5
1970/01/01 10:54:47,tcp-syn,2
1970/01/01 10:54:49,tcp-syn,1
1970/01/01 10:54:54,tcp-syn,2
1970/01/01 10:54:58,tcp-syn,1
1970/01/01 10:55:10,tcp-syn,2
1970/01/01 10:55:15,tcp-syn,2
1970/01/01 10:55:18,tcp-syn,1
1970/01/01 10:55:24,tcp-syn,1
1970/01/01 10:55:34,udp,1
1970/01/01 10:55:38,tcp-syn,2
1970/01/01 10:55:41,tcp-syn,1
1970/01/01 10:55:55,tcp-syn,1
1970/01/01 10:55:55,udp,1
1970/01/01 10:55:57,tcp-syn,1
1970/01/01 10:56:00,tcp-syn,1
1970/01/01 10:56:07,tcp-syn,1
1970/01/01 10:56:11,tcp-syn,1
1970/01/01 10:56:15,tcp-syn,1
1970/01/01 10:56:20,tcp-syn,1
1970/01/01 10:56:21,tcp-syn,1
1970/01/01 10:56:25,tcp-syn,2
1970/01/01 10:56:29,tcp-syn,1
1970/01/01 10:56:30,tcp-syn,1
1970/01/01 10:56:31,tcp-syn,1
1970/01/01 10:56:40,udp,2
1970/01/01 10:56:48,tcp-syn,1
1970/01/01 10:56:52,tcp-syn,2
1970/01/01 10:56:54,tcp-syn,2
1970/01/01 10:56:56,tcp-syn,1
1970/01/01 10:56:58,tcp-syn,1
1970/01/01 10:56:59,tcp-syn,1
1970/01/01 10:57:02,udp,2
1970/01/01 10:57:03,udp,1
1970/01/01 10:57:21,tcp-syn,2
1970/01/01 10:57:33,tcp-syn,1
1970/01/01 10:57:41,tcp-syn,1
1970/01/01 10:57:42,tcp-syn,5
1970/01/01 10:57:45,tcp-syn,1
1970/01/01 10:57:53,tcp-syn,2
1970/01/01 10:57:58,tcp-syn,1
1970/01/01 10:58:01,tcp-syn,2
1970/01/01 10:58:08,tcp-syn,1
1970/01/01 10:58:12,tcp-syn,4
1970/01/01 10:58:16,tcp-syn,1
1970/01/01 10:58:18,tcp-syn,1
1970/01/01 10:58:23,tcp-syn,2
1970/01/01 10:58:29,tcp-syn,2
1970/01/01 10:58:33,tcp-syn,1
1970/01/01 10:58:37,tcp-syn,2
1970/01/01 10:58:38,tcp-syn,5
1970/01/01 10:58:40,tcp-syn,1
1970/01/01 10:58:49,tcp-syn,1
1970/01/01 10:58:53,tcp-syn,1
1970/01/01 10:58:55,tcp-syn,1
1970/01/01 10:58:56,tcp-syn,2
1970/01/01 10:58:59,tcp-syn,1
1970/01/01 10:59:00,tcp-syn,1
1970/01/01 10:59:04,tcp-syn,2
1970/01/01 10:59:08,udp,5
1970/01/01 10:59:09,tcp-syn,2
1970/01/01 10:59:10,tcp-syn,1
1970/01/01 10:59:12,tcp-syn,1
1970/01/01 10:59:13,tcp-syn,1
1970/01/01 10:59:14,udp,2
1970/01/01 10:59:15,tcp-syn,1
1970/01/01 10:59:16,tcp-syn,1
1970/01/01 10:59:16,udp,1
1970/01/01 10:59:20,tcp-syn,1
1970/01/01 10:59:27,udp,2
1970/01/01 10:59:29,tcp-syn,1
1970/01/01 10:59:39,tcp-syn,2
1970/01/01 10:59:47,tcp-syn,1
1970/01/01 10:59:50,tcp-syn,5
1970/01/01 10:59:53,tcp-syn,1
1970/01/01 10:59:57,tcp-syn,1
1970/01/01 10:59:58,tcp-syn,1
1970/01/01 11:00:00,tcp-syn,1
1970/01/01 11:00:07,tcp-syn,1
1970/01/01 11:00:08,tcp-syn,2
1970/01/01 11:00:10,tcp-syn,2
1970/01/01 11:00:14,tcp-syn,1
1970/01/01 11:00:25,tcp-syn,1
1970/01/01 11:00:27,tcp-syn,1
1970/01/01 11:00:33,tcp-syn,1
1970/01/01 11:00:37,tcp-syn,2
1970/01/01 11:00:45,tcp-syn,1
1970/01/01 11:00:48,tcp-syn,1
1970/01/01 11:00:50,tcp-syn,1
1970/01/01 11:00:59,tcp-syn,1
1970/01/01 11:01:03,tcp-syn,4
1970/01/01 11:01:18,tcp-syn,2
1970/01/01 11:01:24,tcp-syn,2
1970/01/01 11:01:26,tcp-syn,1
1970/01/01 11:01:27,tcp-syn,2
1970/01/01 11:01:35,tcp-syn,2
1970/01/01 11:01:49,tcp-syn,1
1970/01/01 11:01:53,tcp-syn,1
1970/01/01 11:01:55,tcp-syn,2
1970/01/01 11:01:58,tcp-syn,1
1970/01/01 11:02:00,tcp-syn,1
1970/01/01 11:02:02,tcp-syn,1
1970/01/01 11:02:04,tcp-syn,1
1970/01/01 11:02:05,tcp-syn,1
1970/01/01 11:02:08,tcp-syn,2
1970/01/01 11:02:10,tcp-syn,1
1970/01/01 11:02:17,tcp-syn,2
1970/01/01 11:02:20,tcp-syn,2
1970/01/01 11:02:22,tcp-syn,5
1970/01/01 11:02:26,tcp-syn,1
1970/01/01 11:02:27,tcp-syn,1
1970/01/01 11:02:29,tcp-syn,1
1970/01/01 11:02:37,tcp-syn,2
1970/01/01 11:02:38,tcp-syn,1
1970/01/01 11:02:47,tcp-syn,1
1970/01/01 11:02:48,tcp-syn,2
1970/01/01 11:02:52,tcp-syn,1
1970/01/01 11:02:52,udp,2
1970/01/01 11:02:55,tcp-syn,2
1970/01/01 11:02:56,tcp-syn,1
1970/01/01 11:03:03,tcp-syn,1
1970/01/01 11:03:10,tcp-syn,1
1970/01/01 11:03:10,udp,1
1970/01/01 11:03:14,tcp-syn,1
1970/01/01 11:03:19,tcp-syn,1
1970/01/01 11:03:22,tcp-syn,2
1970/01/01 11:03:32,tcp-syn,2
1970/01/01 11:03:38,tcp-syn,1
1970/01/01 11:03:43,tcp-syn,1
1970/01/01 11:03:45,tcp-syn,1
1970/01/01 11:03:48,tcp-syn,1
1970/01/01 11:03:49,tcp-syn,2
1970/01/01 11:03:51,tcp-syn,1
1970/01/01 11:03:54,tcp-syn,1
1970/01/01 11:03:56,udp,1
1970/01/01 11:03:58,tcp-syn,1
1970/01/01 11:03:58,udp,1
1970/01/01 11:04:02,tcp-syn,2
1970/01/01 11:04:04,tcp-syn,1
1970/01/01 11:04:17,tcp-syn,2
1970/01/01 11:04:25,tcp-syn,2
1970/01/01 11:04:26,tcp-syn,1
1970/01/01 11:04:26,udp,1
1970/01/01 11:04:36,tcp-syn,1
1970/01/01 11:04:39,tcp-syn,1
1970/01/01 11:04:43,tcp-syn,1
1970/01/01 11:04:44,icmp,1
1970/01/01 11:04:48,tcp-syn,2
1970/01/01 11:04:50,tcp-syn,1
1970/01/01 11:04:55,tcp-syn,2
1970/01/01 11:04:58,tcp-syn,1
1970/01/01 11:05:07,tcp-syn,2
1970/01/01 11:05:13,tcp-syn,1
1970/01/01 11:05:14,tcp-syn,2
1970/01/01 11:05:22,tcp-syn,1
1970/01/01 11:05:26,tcp-syn,1
1970/01/01 11:05:32,tcp-syn,1
1970/01/01 11:05:34,tcp-syn,1
1970/01/01 11:05:42,tcp-syn,1
1970/01/01 11:05:45,udp,3
1970/01/01 11:05:48,tcp-syn,1
1970/01/01 11:05:50,tcp-syn,4
1970/01/01 11:05:53,tcp-syn,2
1970/01/01 11:05:59,tcp-syn,2
1970/01/01 11:06:00,icmp,1
1970/01/01 11:06:02,tcp-syn,3
1970/01/01 11:06:07,tcp-syn,1
1970/01/01 11:06:10,tcp-syn,2
1970/01/01 11:06:15,tcp-syn,2
1970/01/01 11:06:28,tcp-syn,2
1970/01/01 11:06:34,tcp-syn,2
1970/01/01 11:06:35,tcp-syn,2
1970/01/01 11:06:36,tcp-syn,1
1970/01/01 11:06:37,tcp-syn,1
1970/01/01 11:06:38,tcp-syn,2
1970/01/01 11:06:39,tcp-syn,1
1970/01/01 11:06:47,tcp-syn,1
1970/01/01 11:06:48,tcp-syn,1
1970/01/01 11:06:53,tcp-syn,1
1970/01/01 11:07:04,udp,2
1970/01/01 11:07:06,tcp-syn,1
1970/01/01 11:07:10,tcp-syn,1
1970/01/01 11:07:14,tcp-syn,1
1970/01/01 11:07:18,tcp-syn,1
1970/01/01 11:07:21,tcp-syn,4
1970/01/01 11:07:22,tcp-syn,1
1970/01/01 11:07:41,tcp-syn,1
1970/01/01 11:07:44,tcp-syn,1
1970/01/01 11:07:45,tcp-syn,1
1970/01/01 11:07:48,tcp-syn,2
1970/01/01 11:07:50,tcp-syn,1
1970/01/01 11:07:55,tcp-syn,2
1970/01/01 11:07:59,udp,1
1970/01/01 11:08:07,tcp-syn,1
1970/01/01 11:08:09,tcp-syn,2
1970/01/01 11:08:11,tcp-syn,1
1970/01/01 11:08:19,tcp-syn,1
1970/01/01 11:08:20,tcp-syn,5
1970/01/01 11:08:26,tcp-syn,1
1970/01/01 11:08:27,tcp-syn,2
1970/01/01 11:08:33,tcp-syn,1
1970/01/01 11:08:35,tcp-syn,1
1970/01/01 11:08:53,udp,2
1970/01/01 11:08:56,tcp-syn,1
1970/01/01 11:08:57,tcp-syn,1
1970/01/01 11:08:58,tcp-syn,1
1970/01/01 11:08:59,tcp-syn,1
1970/01/01 11:09:02,tcp-syn,1
1970/01/01 11:09:06,tcp-syn,1
1970/01/01 11:09:09,tcp-syn,5
1970/01/01 11:09:13,tcp-syn,5
1970/01/01 11:09:15,tcp-syn,2
1970/01/01 11:09:20,tcp-syn,1
1970/01/01 11:09:27,tcp-syn,1
1970/01/01 11:09:35,tcp-syn,1
1970/01/01 11:09:40,tcp-syn,2
1970/01/01 11:09:43,tcp-syn,1
1970/01/01 11:09:51,tcp-syn,2
1970/01/01 11:09:52,tcp-syn,1
1970/01/01 11:10:00,tcp-syn,2
1970/01/01 11:10:01,tcp-syn,2
1970/01/01 11:10:02,tcp-syn,1
1970/01/01 11:10:07,tcp-syn,1
1970/01/01 11:10:16,tcp-syn,2
1970/01/01 11:10:19,tcp-syn,2
1970/01/01 11:10:28,tcp-syn,2
1970/01/01 11:10:30,tcp-syn,1
1970/01/01 11:10:36,tcp-syn,2
1970/01/01 11:10:38,tcp-syn,1
1970/01/01 11:10:44,tcp-syn,2
1970/01/01 11:10:45,tcp-syn,2
1970/01/01 11:10:46,tcp-syn,2
1970/01/01 11:10:55,tcp-syn,1
1970/01/01 11:11:02,tcp-syn,1
1970/01/01 11:11:03,tcp-syn,1
1970/01/01 11:11:09,tcp-syn,1
1970/01/01 11:11:11,tcp-syn,1
1970/01/01 11:11:16,tcp-syn,1
1970/01/01 11:11:23,tcp-syn,1
1970/01/01 11:11:25,udp,2
1970/01/01 11:11:28,tcp-syn,1
1970/01/01 11:11:30,tcp-syn,1
1970/01/01 11:11:31,tcp-syn,1
1970/01/01 11:11:41,tcp-syn,1
1970/01/01 11:11:46,tcp-syn,1
1970/01/01 11:11:54,udp,1
1970/01/01 11:11:57,tcp-syn,1
1970/01/01 11:12:11,tcp-syn,2
1970/01/01 11:12:12,tcp-syn,1
1970/01/01 11:12:13,tcp-syn,2
1970/01/01 11:12:16,tcp-syn,2
1970/01/01 11:12:25,tcp-syn,1
1970/01/01 11:12:30,tcp-syn,2
1970/01/01 11:12:35,tcp-syn,2
1970/01/01 11:12:37,tcp-syn,2
1970/01/01 11:12:42,tcp-syn,1
1970/01/01 11:12:46,tcp-syn,1
1970/01/01 11:12:56,tcp-syn,1
1970/01/01 11:13:00,tcp-syn,1
1970/01/01 11:13:05,tcp-syn,2
1970/01/01 11:13:07,tcp-syn,2
1970/01/01 11:13:09,tcp-syn,1
1970/01/01 11:13:12,tcp-syn,1
1970/01/01 11:13:14,tcp-syn,1
1970/01/01 11:13:19,tcp-syn,1
1970/01/01 11:13:22,udp,1
1970/01/01 11:13:28,tcp-syn,1
1970/01/01 11:13:29,tcp-syn,1
1970/01/01 11:13:32,tcp-syn,1
1970/01/01 11:13:45,tcp-syn,2
1970/01/01 11:13:47,tcp-syn,1
1970/01/01 11:13:51,tcp-syn,1
1970/01/01 11:13:52,tcp-syn,1
1970/01/01 11:13:55,tcp-syn,1
1970/01/01 11:14:00,tcp-syn,2
1970/01/01 11:14:00,icmp,1
1970/01/01 11:14:01,tcp-syn,1
1970/01/01 11:14:06,tcp-syn,1
1970/01/01 11:14:13,tcp-syn,1
1970/01/01 11:14:17,tcp-syn,2
1970/01/01 11:14:42,udp,2
1970/01/01 11:14:45,tcp-syn,1
1970/01/01 11:14:47,tcp-syn,1
1970/01/01 11:15:00,tcp-syn,1
1970/01/01 11:15:04,tcp-syn,1
1970/01/01 11:15:09,tcp-syn,1
1970/01/01 11:15:11,tcp-syn,2
1970/01/01 11:15:19,udp,1
1970/01/01 11:15:25,udp,2
1970/01/01 11:15:26,udp,1
1970/01/01 11:15:28,tcp-syn,1
1970/01/01 11:15:29,tcp-syn,1
1970/01/01 11:15:30,tcp-syn,2
1970/01/01 11:15:32,tcp-syn,1
1970/01/01 11:15:33,tcp-syn,1
1970/01/01 11:15:37,tcp-syn,1
1970/01/01 11:15:40,tcp-syn,1
1970/01/01 11:15:42,tcp-syn,1
1970/01/01 11:15:52,tcp-syn,1
1970/01/01 11:15:53,tcp-syn,2
1970/01/01 11:15:54,tcp-syn,1
1970/01/01 11:15:55,tcp-syn,2
1970/01/01 11:16:00,tcp-syn,1
1970/01/01 11:16:07,tcp-syn,2
1970/01/01 11:16:16,tcp-syn,1
1970/01/01 11:16:17,tcp-syn,2
1970/01/01 11:16:18,tcp-syn,1
1970/01/01 11:16:25,tcp-syn,1
1970/01/01 11:16:26,udp,2
1970/01/01 11:16:27,tcp-syn,1
1970/01/01 11:16:34,tcp-syn,1
1970/01/01 11:16:37,tcp-syn,2
1970/01/01 11:16:38,tcp-syn,3
1970/01/01 11:16:42,tcp-syn,1
1970/01/01 11:16:43,tcp-syn,1
1970/01/01 11:16:44,tcp-syn,3
1970/01/01 11:16:50,udp,1
1970/01/01 11:16:52,tcp-syn,1
1970/01/01 11:17:06,tcp-syn,2
1970/01/01 11:17:07,tcp-syn,1
1970/01/01 11:17:08,udp,1
1970/01/01 11:17:10,tcp-syn,1
1970/01/01 11:17:10,udp,6
1970/01/01 11:17:14,tcp-syn,1
1970/01/01 11:17:19,tcp-syn,2
1970/01/01 11:17:24,tcp-syn,1
1970/01/01 11:17:26,tcp-syn,2
1970/01/01 11:17:27,tcp-syn,2
1970/01/01 11:17:29,tcp-syn,2
1970/01/01 11:17:42,tcp-syn,2
1970/01/01 11:17:43,tcp-syn,2
1970/01/01 11:17:46,tcp-syn,1
1970/01/01 11:17:51,tcp-syn,1
1970/01/01 11:17:52,tcp-syn,1
1970/01/01 11:17:54,tcp-syn,1
1970/01/01 11:17:59,tcp-syn,2
1970/01/01 11:18:07,tcp-syn,1
1970/01/01 11:18:09,tcp-syn,1
1970/01/01 11:18:15,tcp-syn,1
1970/01/01 11:18:16,udp,2
1970/01/01 11:18:24,tcp-syn,1
1970/01/01 11:18:34,tcp-syn,1
1970/01/01 11:18:41,tcp-syn,1
1970/01/01 11:18:44,tcp-syn,2
1970/01/01 11:18:45,tcp-syn,1
1970/01/01 11:18:57,tcp-syn,1
1970/01/01 11:19:04,tcp-syn,1
1970/01/01 11:19:05,tcp-syn,1
1970/01/01 11:19:10,tcp-syn,1
1970/01/01 11:19:13,tcp-syn,2
1970/01/01 11:19:18,tcp-syn,1
1970/01/01 11:19:20,tcp-syn,2
1970/01/01 11:19:21,tcp-syn,2
1970/01/01 11:19:24,tcp-syn,2
1970/01/01 11:19:26,tcp-syn,1
1970/01/01 11:19:28,tcp-syn,1
1970/01/01 11:19:32,tcp-syn,2
1970/01/01 11:19:34,tcp-syn,2
1970/01/01 11:19:37,tcp-syn,1
1970/01/01 11:19:39,udp,2
1970/01/01 11:19:41,udp,1
1970/01/01 11:19:56,tcp-syn,1
1970/01/01 11:19:57,udp,1
1970/01/01 11:20:13,tcp-syn,2
1970/01/01 11:20:15,tcp-syn,5
1970/01/01 11:20:16,tcp-syn,1
1970/01/01 11:20:22,tcp-syn,1
1970/01/01 11:20:24,tcp-syn,1
1970/01/01 11:20:28,tcp-syn,1
1970/01/01 11:20:38,tcp-syn,3
1970/01/01 11:20:40,tcp-syn,2
1970/01/01 11:20:47,tcp-syn,2
1970/01/01 11:20:54,tcp-syn,2
1970/01/01 11:21:02,tcp-syn,1
1970/01/01 11:21:04,tcp-syn,4
1970/01/01 11:21:07,tcp-syn,1
1970/01/01 11:21:13,tcp-syn,1
1970/01/01 11:21:19,tcp-syn,1
1970/01/01 11:21:32,tcp-syn,3
1970/01/01 11:21:34,icmp,1
1970/01/01 11:21:41,tcp-syn,2
1970/01/01 11:21:42,tcp-syn,1
1970/01/01 11:21:42,udp,2
1970/01/01 11:21:46,tcp-syn,1
1970/01/01 11:21:47,udp,1
1970/01/01 11:21:51,tcp-syn,2
1970/01/01 11:21:52,tcp-syn,1
1970/01/01 11:21:55,tcp-syn,5
1970/01/01 11:21:58,tcp-syn,1
1970/01/01 11:21:59,tcp-syn,1
1970/01/01 11:22:03,tcp-syn,2
1970/01/01 11:22:04,tcp-syn,2
1970/01/01 11:22:05,tcp-syn,1
1970/01/01 11:22:05,icmp,1
1970/01/01 11:22:20,tcp-syn,4
1970/01/01 11:22:21,tcp-syn,2
1970/01/01 11:22:25,tcp-syn,2
1970/01/01 11:22:26,udp,1
1970/01/01 11:22:32,tcp-syn,2
1970/01/01 11:22:44,tcp-syn,2
1970/01/01 11:22:45,tcp-syn,2
1970/01/01 11:22:50,tcp-syn,1
1970/01/01 11:22:55,tcp-syn,3
1970/01/01 11:23:03,tcp-syn,1
1970/01/01 11:23:05,tcp-syn,1
1970/01/01 11:23:13,tcp-syn,1
1970/01/01 11:23:15,tcp-syn,1
1970/01/01 11:23:21,tcp-syn,2
1970/01/01 11:23:24,tcp-syn,1
1970/01/01 11:23:28,tcp-syn,2
1970/01/01 11:23:34,tcp-syn,1
1970/01/01 11:23:36,tcp-syn,1
1970/01/01 11:23:41,tcp-syn,1
1970/01/01 11:23:45,tcp-syn,1
1970/01/01 11:23:50,tcp-syn,3
1970/01/01 11:23:51,tcp-syn,1
1970/01/01 11:23:56,tcp-syn,1
1970/01/01 11:24:00,tcp-syn,1
1970/01/01 11:24:05,tcp-syn,1
1970/01/01 11:24:06,tcp-syn,1
1970/01/01 11:24:07,tcp-syn,2
1970/01/01 11:24:10,tcp-syn,1
1970/01/01 11:24:11,tcp-syn,1
1970/01/01 11:24:26,udp,1
1970/01/01 11:24:30,tcp-syn,1
1970/01/01 11:24:41,tcp-syn,2
1970/01/01 11:24:43,icmp,2
1970/01/01 11:24:54,tcp-syn,1
1970/01/01 11:25:00,tcp-syn,2
1970/01/01 11:25:05,tcp-syn,1
1970/01/01 11:25:06,tcp-syn,1
1970/01/01 11:25:10,tcp-syn,1
1970/01/01 11:25:16,tcp-syn,1
1970/01/01 11:25:20,udp,2
1970/01/01 11:25:23,udp,2
1970/01/01 11:25:27,tcp-syn,2
1970/01/01 11:25:31,udp,1
1970/01/01 11:25:32,tcp-syn,2
1970/01/01 11:25:43,tcp-syn,4
1970/01/01 11:25:45,tcp-syn,1
1970/01/01 11:25:49,tcp-syn,1
1970/01/01 11:25:50,tcp-syn,1
1970/01/01 11:26:02,tcp-syn,2
1970/01/01 11:26:03,tcp-syn,1
1970/01/01 11:26:06,tcp-syn,2
1970/01/01 11:26:09,tcp-syn,1
1970/01/01 11:26:14,tcp-syn,1
1970/01/01 11:26:16,tcp-syn,1
1970/01/01 11:26:20,tcp-syn,1
1970/01/01 11:26:25,tcp-syn,1
1970/01/01 11:26:33,tcp-syn,1
1970/01/01 11:26:48,tcp-syn,4
1970/01/01 11:26:53,tcp-syn,1
1970/01/01 11:26:58,tcp-syn,1
1970/01/01 11:27:00,tcp-syn,1
1970/01/01 11:27:03,tcp-syn,1
1970/01/01 11:27:07,tcp-syn,1
1970/01/01 11:27:08,tcp-syn,2
1970/01/01 11:27:10,udp,2
1970/01/01 11:27:13,tcp-syn,1
1970/01/01 11:27:22,tcp-syn,2
1970/01/01 11:27:26,tcp-syn,1
1970/01/01 11:27:28,tcp-syn,5
1970/01/01 11:27:29,tcp-syn,1
1970/01/01 11:27:34,tcp-syn,2
1970/01/01 11:27:39,udp,1
1970/01/01 11:27:40,tcp-syn,1
1970/01/01 11:27:43,tcp-syn,1
1970/01/01 11:27:52,tcp-syn,1
1970/01/01 11:27:53,tcp-syn,1
1970/01/01 11:27:55,tcp-syn,2
1970/01/01 11:28:00,tcp-syn,1
1970/01/01 11:28:03,tcp-syn,5
1970/01/01 11:28:13,tcp-syn,2
1970/01/01 11:28:17,tcp-syn,1
1970/01/01 11:28:25,other-ip,1
1970/01/01 11:28:28,tcp-syn,1
1970/01/01 11:28:29,tcp-syn,1
1970/01/01 11:28:34,udp,2
1970/01/01 11:28:41,tcp-syn,1
1970/01/01 11:28:51,tcp-syn,1
1970/01/01 11:28:54,tcp-syn,3
1970/01/01 11:28:56,tcp-syn,1
1970/01/01 11:29:07,tcp-syn,1
1970/01/01 11:29:09,tcp-syn,1
1970/01/01 11:29:10,tcp-syn,2
1970/01/01 11:29:15,tcp-syn,2
1970/01/01 11:29:18,tcp-syn,2
1970/01/01 11:29:20,tcp-syn,1
1970/01/01 11:29:21,tcp-syn,2
1970/01/01 11:29:36,tcp-syn,1
1970/01/01 11:29:38,tcp-syn,1
1970/01/01 11:29:47,tcp-syn,2
1970/01/01 11:29:50,tcp-syn,1
1970/01/01 11:29:50,udp,1
1970/01/01 11:30:01,udp,1
1970/01/01 11:30:03,tcp-syn,1
1970/01/01 11:30:14,tcp-syn,1
1970/01/01 11:30:15,tcp-syn,1
1970/01/01 11:30:16,tcp-syn,1
1970/01/01 11:30:17,tcp-syn,2
1970/01/01 11:30:22,tcp-syn,2
1970/01/01 11:30:31,tcp-syn,1
1970/01/01 11:30:37,tcp-syn,2
1970/01/01 11:30:51,tcp-syn,3
1970/01/01 11:30:59,icmp,1
1970/01/01 11:31:00,tcp-syn,2
1970/01/01 11:31:16,tcp-syn,2
1970/01/01 11:31:37,udp,1
1970/01/01 11:31:49,tcp-syn,1
1970/01/01 11:31:50,tcp-syn,1
1970/01/01 11:31:50,udp,1
1970/01/01 11:31:59,tcp-syn,1
1970/01/01 11:32:06,tcp-syn,2
1970/01/01 11:32:09,tcp-syn,2
1970/01/01 11:32:13,tcp-syn,1
1970/01/01 11:32:16,tcp-syn,1
1970/01/01 11:32:19,tcp-syn,1
1970/01/01 11:32:20,tcp-syn,2
1970/01/01 11:32:21,tcp-syn,5
1970/01/01 11:32:22,udp,6
1970/01/01 11:32:24,udp,2
1970/01/01 11:32:26,tcp-syn,1
1970/01/01 11:32:31,tcp-syn,1
1970/01/01 11:32:33,tcp-syn,2
1970/01/01 11:32:35,tcp-syn,1
1970/01/01 11:32:45,tcp-syn,1
1970/01/01 11:32:46,tcp-syn,1
1970/01/01 11:32:48,tcp-syn,1
1970/01/01 11:32:49,tcp-syn,1
1970/01/01 11:32:55,tcp-syn,2
1970/01/01 11:33:01,tcp-syn,1
1970/01/01 11:33:05,tcp-syn,3
1970/01/01 11:33:10,tcp-syn,1
1970/01/01 11:33:14,tcp-syn,1
1970/01/01 11:33:15,tcp-syn,2
1970/01/01 11:33:16,tcp-syn,1
1970/01/01 11:33:23,tcp-syn,1
1970/01/01 11:33:29,tcp-syn,1
1970/01/01 11:33:34,udp,1
1970/01/01 11:33:35,udp,1
1970/01/01 11:33:36,tcp-syn,1
1970/01/01 11:33:37,tcp-syn,1
1970/01/01 11:33:40,tcp-syn,1
1970/01/01 11:33:47,tcp-syn,2
1970/01/01 11:33:50,tcp-syn,1
1970/01/01 11:33:51,tcp-syn,2
1970/01/01 11:33:53,tcp-syn,1
1970/01/01 11:34:00,tcp-syn,1
1970/01/01 11:34:06,tcp-syn,1
1970/01/01 11:34:12,tcp-syn,2
1970/01/01 11:34:19,tcp-syn,1
1970/01/01 11:34:29,tcp-syn,1
1970/01/01 11:34:35,tcp-syn,2
1970/01/01 11:34:43,tcp-syn,2
1970/01/01 11:34:45,udp,1
1970/01/01 11:34:51,tcp-syn,1
1970/01/01 11:34:52,tcp-syn,1
1970/01/01 11:35:01,udp,1
1970/01/01 11:35:04,tcp-syn,1
1970/01/01 11:35:05,tcp-syn,1
1970/01/01 11:35:06,tcp-syn,1
1970/01/01 11:35:17,tcp-syn,2
1970/01/01 11:35:22,tcp-syn,1
1970/01/01 11:35:22,udp,2
1970/01/01 11:35:28,tcp-syn,1
1970/01/01 11:35:31,tcp-syn,1
1970/01/01 11:35:38,tcp-syn,2
1970/01/01 11:35:40,tcp-syn,1
1970/01/01 11:35:48,tcp-syn,2
1970/01/01 11:35:51,tcp-syn,2
1970/01/01 11:36:07,tcp-syn,1
1970/01/01 11:36:22,tcp-syn,1
1970/01/01 11:36:26,tcp-syn,1
1970/01/01 11:36:33,tcp-syn,1
1970/01/01 11:36:37,tcp-syn,2
1970/01/01 11:36:40,udp,2
1970/01/01 11:36:44,tcp-syn,2
1970/01/01 11:36:45,tcp-syn,1
1970/01/01 11:36:51,tcp-syn,1
1970/01/01 11:36:53,tcp-syn,1
1970/01/01 11:36:54,tcp-syn,1
1970/01/01 11:37:03,tcp-syn,1
1970/01/01 11:37:04,tcp-syn,1
1970/01/01 11:37:07,tcp-syn,2
1970/01/01 11:37:12,tcp-syn,1
1970/01/01 11:37:16,tcp-syn,1
1970/01/01 11:37:20,tcp-syn,2
1970/01/01 11:37:22,tcp-syn,2
1970/01/01 11:37:30,tcp-syn,1
1970/01/01 11:37:30,udp,2
1970/01/01 11:37:31,tcp-syn,1
1970/01/01 11:37:34,tcp-syn,1
1970/01/01 11:37:38,tcp-syn,1
1970/01/01 11:37:45,udp,6
1970/01/01 11:37:47,tcp-syn,1
1970/01/01 11:37:55,tcp-syn,1
1970/01/01 11:37:57,tcp-syn,1
1970/01/01 11:38:00,tcp-syn,2
1970/01/01 11:38:19,tcp-syn,2
1970/01/01 11:38:22,tcp-syn,1
1970/01/01 11:38:31,tcp-syn,1
1970/01/01 11:38:41,tcp-syn,2
1970/01/01 11:38:48,tcp-syn,1
1970/01/01 11:38:51,tcp-syn,1
1970/01/01 11:38:56,tcp-syn,1
1970/01/01 11:39:01,tcp-syn,1
1970/01/01 11:39:15,tcp-syn,2
1970/01/01 11:39:22,tcp-syn,1
1970/01/01 11:39:27,tcp-syn,4
1970/01/01 11:39:31,tcp-syn,4
1970/01/01 11:39:36,tcp-syn,4
1970/01/01 11:39:44,tcp-syn,2
1970/01/01 11:39:55,tcp-syn,2
1970/01/01 11:39:56,udp,1
1970/01/01 11:39:57,tcp-syn,1
1970/01/01 11:39:59,tcp-syn,1
1970/01/01 11:39:59,udp,2
1970/01/01 11:40:11,tcp-syn,2
1970/01/01 11:40:23,udp,1
1970/01/01 11:40:32,tcp-syn,1
1970/01/01 11:40:52,tcp-syn,1
1970/01/01 11:40:55,udp,1
1970/01/01 11:41:02,tcp-syn,2
1970/01/01 11:41:08,tcp-syn,1
1970/01/01 11:41:14,udp,1
1970/01/01 11:41:16,tcp-syn,1
1970/01/01 11:41:18,tcp-syn,1
1970/01/01 11:41:19,tcp-syn,1
1970/01/01 11:41:21,tcp-syn,1
1970/01/01 11:41:40,tcp-syn,2
1970/01/01 11:41:41,tcp-syn,1
1970/01/01 11:41:52,udp,2
1970/01/01 11:42:03,tcp-syn,1
1970/01/01 11:42:08,tcp-syn,1
1970/01/01 11:42:08,udp,1
1970/01/01 11:42:09,udp,1
1970/01/01 11:42:10,tcp-syn,1
1970/01/01 11:42:11,tcp-syn,1
1970/01/01 11:42:12,tcp-syn,1
1970/01/01 11:42:22,tcp-syn,2
1970/01/01 11:42:24,tcp-syn,1
1970/01/01 11:42:25,tcp-syn,2
1970/01/01 11:42:26,tcp-syn,2
1970/01/01 11:42:28,tcp-syn,1
1970/01/01 11:42:40,tcp-syn,1
1970/01/01 11:42:50,tcp-syn,1
1970/01/01 11:42:54,tcp-syn,1
1970/01/01 11:43:01,tcp-syn,1
1970/01/01 11:43:09,tcp-syn,1
1970/01/01 11:43:17,tcp-syn,1
1970/01/01 11:43:20,tcp-syn,2
1970/01/01 11:43:24,tcp-syn,1
1970/01/01 11:43:30,tcp-syn,1
1970/01/01 11:43:36,tcp-syn,2
1970/01/01 11:43:40,tcp-syn,1
1970/01/01 11:43:41,tcp-syn,1
1970/01/01 11:43:46,tcp-syn,1
1970/01/01 11:44:02,tcp-syn,1
1970/01/01 11:44:04,udp,2
1970/01/01 11:44:05,tcp-syn,1
1970/01/01 11:44:08,tcp-syn,1
1970/01/01 11:44:16,tcp-syn,2
1970/01/01 11:44:21,tcp-syn,2
1970/01/01 11:44:25,tcp-syn,1
1970/01/01 11:44:27,tcp-syn,1
1970/01/01 11:44:30,tcp-syn,1
1970/01/01 11:44:37,tcp-syn,1
1970/01/01 11:44:40,tcp-syn,1
1970/01/01 11:44:41,tcp-syn,2
1970/01/01 11:44:57,tcp-syn,1
1970/01/01 11:44:57,udp,1
1970/01/01 11:44:58,tcp-syn,1
1970/01/01 11:45:00,tcp-syn,1
1970/01/01 11:45:00,udp,1
1970/01/01 11:45:12,tcp-syn,1
1970/01/01 11:45:19,tcp-syn,1
1970/01/01 11:45:20,tcp-syn,1
1970/01/01 11:45:23,tcp-syn,1
1970/01/01 11:45:25,tcp-syn,1
1970/01/01 11:45:29,tcp-syn,1
1970/01/01 11:45:32,tcp-syn,1
1970/01/01 11:45:39,tcp-syn,1
1970/01/01 11:45:42,tcp-syn,1
1970/01/01 11:45:45,tcp-syn,1
1970/01/01 11:45:46,tcp-syn,1
1970/01/01 11:45:49,tcp-syn,1
1970/01/01 11:45:50,tcp-syn,2
1970/01/01 11:46:00,tcp-syn,1
1970/01/01 11:46:03,tcp-syn,1
1970/01/01 11:46:09,tcp-syn,2
1970/01/01 11:46:16,tcp-syn,1
1970/01/01 11:46:18,tcp-syn,2
1970/01/01 11:46:19,tcp-syn,4
1970/01/01 11:46:24,tcp-syn,2
1970/01/01 11:46:32,tcp-syn,1
1970/01/01 11:46:42,tcp-syn,1
1970/01/01 11:46:50,tcp-syn,4
1970/01/01 11:46:58,tcp-syn,1
1970/01/01 11:47:04,tcp-syn,1
1970/01/01 11:47:07,tcp-syn,2
1970/01/01 11:47:08,tcp-syn,2
1970/01/01 11:47:13,tcp-syn,1
1970/01/01 11:47:23,tcp-syn,1
1970/01/01 11:47:48,tcp-syn,1
1970/01/01 11:47:56,tcp-syn,2
1970/01/01 11:47:59,tcp-syn,1
1970/01/01 11:48:00,tcp-syn,1
1970/01/01 11:48:01,tcp-syn,1
1970/01/01 11:48:04,tcp-syn,1
1970/01/01 11:48:14,tcp-syn,1
1970/01/01 11:48:15,tcp-syn,1
1970/01/01 11:48:19,tcp-syn,1
1970/01/01 11:48:21,tcp-syn,1
1970/01/01 11:48:28,udp,2
1970/01/01 11:48:30,tcp-syn,1
1970/01/01 11:48:40,tcp-syn,1
1970/01/01 11:48:42,tcp-syn,2
1970/01/01 11:48:43,tcp-syn,1
1970/01/01 11:48:45,tcp-syn,2
1970/01/01 11:48:46,tcp-syn,1
1970/01/01 11:48:48,tcp-syn,1
1970/01/01 11:48:49,tcp-syn,2
1970/01/01 11:48:52,tcp-syn,1
1970/01/01 11:49:02,tcp-syn,1
1970/01/01 11:49:07,tcp-syn,1
1970/01/01 11:49:14,tcp-syn,1
1970/01/01 11:49:16,tcp-syn,1
1970/01/01 11:49:24,tcp-syn,1
1970/01/01 11:49:26,tcp-syn,1
1970/01/01 11:49:27,tcp-syn,1
1970/01/01 11:49:32,tcp-syn,1
1970/01/01 11:49:57,tcp-syn,1
1970/01/01 11:50:00,tcp-syn,1
1970/01/01 11:50:02,tcp-syn,1
1970/01/01 11:50:24,tcp-syn,2
1970/01/01 11:50:37,tcp-syn,2
1970/01/01 11:50:38,tcp-syn,2
1970/01/01 11:50:42,tcp-syn,1
1970/01/01 11:50:47,tcp-syn,1
1970/01/01 11:50:50,tcp-syn,2
1970/01/01 11:50:51,tcp-syn,1
1970/01/01 11:50:52,tcp-syn,3
1970/01/01 11:50:53,tcp-syn,1
1970/01/01 11:51:09,tcp-syn,1
1970/01/01 11:51:15,tcp-syn,1
1970/01/01 11:51:16,tcp-syn,1
1970/01/01 11:51:21,tcp-syn,1
1970/01/01 11:51:22,tcp-syn,1
1970/01/01 11:51:24,udp,1
1970/01/01 11:51:27,tcp-syn,1
1970/01/01 11:51:38,tcp-syn,1
1970/01/01 11:51:49,tcp-syn,2
1970/01/01 11:51:58,tcp-syn,2
1970/01/01 11:51:59,icmp,2
1970/01/01 11:52:10,tcp-syn,1
1970/01/01 11:52:17,tcp-syn,1
1970/01/01 11:52:23,tcp-syn,2
1970/01/01 11:52:25,tcp-syn,2
1970/01/01 11:52:38,tcp-syn,1
1970/01/01 11:52:39,tcp-syn,1
1970/01/01 11:52:46,tcp-syn,2
1970/01/01 11:52:49,tcp-syn,1
1970/01/01 11:52:57,tcp-syn,1
1970/01/01 11:53:01,tcp-syn,1
1970/01/01 11:53:07,tcp-syn,2
1970/01/01 11:53:15,tcp-syn,2
1970/01/01 11:53:28,tcp-syn,1
1970/01/01 11:53:37,tcp-syn,1
1970/01/01 11:53:38,tcp-syn,2
1970/01/01 11:53:39,tcp-syn,1
1970/01/01 11:53:40,tcp-syn,1
1970/01/01 11:53:52,tcp-syn,1
1970/01/01 11:53:53,udp,1
1970/01/01 11:53:55,tcp-syn,1
1970/01/01 11:53:56,tcp-syn,2
1970/01/01 11:54:03,tcp-syn,2
1970/01/01 11:54:19,tcp-syn,1
1970/01/01 11:54:25,tcp-syn,1
1970/01/01 11:54:26,tcp-syn,1
1970/01/01 11:54:28,tcp-syn,2
1970/01/01 11:54:33,tcp-syn,1
1970/01/01 11:54:51,tcp-syn,1
1970/01/01 11:54:57,tcp-syn,2
1970/01/01 11:54:58,tcp-syn,1
1970/01/01 11:54:59,tcp-syn,2
1970/01/01 11:55:22,tcp-syn,1
1970/01/01 11:55:26,tcp-syn,1
1970/01/01 11:55:30,tcp-syn,1
1970/01/01 11:55:31,tcp-syn,1
1970/01/01 11:55:43,tcp-syn,1
1970/01/01 11:55:45,tcp-syn,1
1970/01/01 11:55:51,udp,1
1970/01/01 11:55:53,tcp-syn,1
1970/01/01 11:55:56,tcp-syn,1
1970/01/01 11:55:58,tcp-syn,2
1970/01/01 11:56:00,tcp-syn,2
1970/01/01 11:56:04,tcp-syn,1
1970/01/01 11:56:05,icmp,1
1970/01/01 11:56:08,tcp-syn,2
1970/01/01 11:56:13,tcp-syn,1
1970/01/01 11:56:14,tcp-syn,1
1970/01/01 11:56:25,tcp-syn,1
1970/01/01 11:56:30,tcp-syn,2
1970/01/01 11:56:47,tcp-syn,1
1970/01/01 11:56:53,tcp-syn,1
1970/01/01 11:56:57,tcp-syn,1
1970/01/01 11:57:02,udp,1
1970/01/01 11:57:05,tcp-syn,1
1970/01/01 11:57:12,tcp-syn,1
1970/01/01 11:57:21,tcp-syn,1
1970/01/01 11:57:24,tcp-syn,1
1970/01/01 11:57:28,tcp-syn,1
1970/01/01 11:57:34,tcp-syn,4
1970/01/01 11:57:39,tcp-syn,3
1970/01/01 11:57:46,tcp-syn,1
1970/01/01 11:57:50,tcp-syn,2
1970/01/01 11:57:51,udp,1
1970/01/01 11:57:58,tcp-syn,1
1970/01/01 11:58:00,tcp-syn,1
1970/01/01 11:58:11,tcp-syn,1
1970/01/01 11:58:11,udp,1
1970/01/01 11:58:22,tcp-syn,1
1970/01/01 11:58:27,tcp-syn,2
1970/01/01 11:58:28,tcp-syn,2
1970/01/01 11:58:29,tcp-syn,4
1970/01/01 11:58:44,tcp-syn,1
1970/01/01 11:58:52,tcp-syn,5
1970/01/01 11:59:02,tcp-syn,1
1970/01/01 11:59:03,tcp-syn,1
1970/01/01 11:59:05,tcp-syn,1
1970/01/01 11:59:22,tcp-syn,1
1970/01/01 11:59:33,tcp-syn,1
1970/01/01 11:59:41,tcp-syn,1
1970/01/01 11:59:50,tcp-syn,1
1970/01/01 11:59:58,tcp-syn,1
1970/01/01 12:00:02,tcp-syn,1
1970/01/01 12:00:03,tcp-syn,1
1970/01/01 12:00:05,tcp-syn,1
1970/01/01 12:00:11,tcp-syn,2
1970/01/01 12:00:15,tcp-syn,1
1970/01/01 12:00:21,tcp-syn,1
1970/01/01 12:00:22,tcp-syn,1
1970/01/01 12:00:23,tcp-syn,2
1970/01/01 12:00:25,tcp-syn,1
1970/01/01 12:00:26,tcp-syn,2
1970/01/01 12:00:28,tcp-syn,1
1970/01/01 12:00:29,tcp-syn,1
1970/01/01 12:00:34,tcp-syn,3
1970/01/01 12:00:38,tcp-syn,1
1970/01/01 12:00:41,udp,3
1970/01/01 12:00:44,tcp-syn,1
1970/01/01 12:00:46,udp,1
1970/01/01 12:00:51,tcp-syn,1
1970/01/01 12:00:52,tcp-syn,1
1970/01/01 12:00:53,tcp-syn,1
1970/01/01 12:00:54,tcp-syn,1
1970/01/01 12:01:06,tcp-syn,1
1970/01/01 12:01:19,tcp-syn,1
1970/01/01 12:01:20,tcp-syn,1
1970/01/01 12:01:26,tcp-syn,4
1970/01/01 12:01:39,tcp-syn,2
1970/01/01 12:01:45,tcp-syn,2
1970/01/01 12:01:51,udp,2
1970/01/01 12:01:53,tcp-syn,2
1970/01/01 12:01:58,tcp-syn,2
1970/01/01 12:02:00,tcp-syn,1
1970/01/01 12:02:01,tcp-syn,1
1970/01/01 12:02:02,tcp-syn,2
1970/01/01 12:02:05,tcp-syn,1
1970/01/01 12:02:10,tcp-syn,2
1970/01/01 12:02:12,tcp-syn,1
1970/01/01 12:02:13,tcp-syn,1
1970/01/01 12:02:17,tcp-syn,2
1970/01/01 12:02:18,udp,2
1970/01/01 12:02:20,udp,1
1970/01/01 12:02:25,tcp-syn,1
1970/01/01 12:02:31,tcp-syn,1
1970/01/01 12:02:34,tcp-syn,2
1970/01/01 12:02:40,udp,5
1970/01/01 12:02:42,tcp-syn,1
1970/01/01 12:02:44,udp,1
1970/01/01 12:02:45,udp,1
1970/01/01 12:02:46,tcp-syn,1
1970/01/01 12:02:47,tcp-syn,1
1970/01/01 12:02:47,udp,1
1970/01/01 12:02:48,udp,1
1970/01/01 12:02:57,tcp-syn,3
1970/01/01 12:03:00,tcp-syn,2
1970/01/01 12:03:01,udp,1
1970/01/01 12:03:06,tcp-syn,1
1970/01/01 12:03:17,udp,1
1970/01/01 12:03:26,tcp-syn,1
1970/01/01 12:03:34,tcp-syn,1
1970/01/01 12:03:46,tcp-syn,1
1970/01/01 12:03:53,tcp-syn,1
1970/01/01 12:04:18,tcp-syn,1
1970/01/01 12:04:24,tcp-syn,1
1970/01/01 12:04:29,tcp-syn,1
1970/01/01 12:04:29,icmp,1
1970/01/01 12:04:35,tcp-syn,1
1970/01/01 12:04:39,udp,1
1970/01/01 12:04:46,tcp-syn,1
1970/01/01 12:04:48,tcp-syn,3
1970/01/01 12:04:54,tcp-syn,3
1970/01/01 12:04:55,tcp-syn,1
1970/01/01 12:04:57,tcp-syn,1
1970/01/01 12:05:00,tcp-syn,2
1970/01/01 12:05:01,tcp-syn,1
1970/01/01 12:05:07,tcp-syn,1
1970/01/01 12:05:12,tcp-syn,1
1970/01/01 12:05:13,tcp-syn,1
1970/01/01 12:05:14,tcp-syn,1
1970/01/01 12:05:19,tcp-syn,2
1970/01/01 12:05:20,tcp-syn,1
1970/01/01 12:05:30,tcp-syn,1
1970/01/01 12:05:32,tcp-syn,1
1970/01/01 12:05:33,tcp-syn,1
1970/01/01 12:05:39,tcp-syn,1
1970/01/01 12:05:41,tcp-syn,3
1970/01/01 12:05:50,tcp-syn,1
1970/01/01 12:05:57,tcp-syn,1
1970/01/01 12:06:00,udp,1
1970/01/01 12:06:07,tcp-syn,1
1970/01/01 12:06:13,tcp-syn,2
1970/01/01 12:06:14,tcp-syn,1
1970/01/01 12:06:16,tcp-syn,1
1970/01/01 12:06:17,tcp-syn,1
1970/01/01 12:06:18,tcp-syn,1
1970/01/01 12:06:18,udp,1
1970/01/01 12:06:21,tcp-syn,1
1970/01/01 12:06:42,tcp-syn,1
1970/01/01 12:06:46,tcp-syn,1
1970/01/01 12:06:59,tcp-syn,1
1970/01/01 12:07:02,tcp-syn,1
1970/01/01 12:07:03,tcp-syn,1
1970/01/01 12:07:06,tcp-syn,2
1970/01/01 12:07:11,tcp-syn,1
1970/01/01 12:07:12,tcp-syn,2
1970/01/01 12:07:27,udp,2
1970/01/01 12:07:32,tcp-syn,5
1970/01/01 12:07:43,tcp-syn,1
1970/01/01 12:07:48,tcp-syn,1
1970/01/01 12:07:49,tcp-syn,2
1970/01/01 12:07:50,tcp-syn,1
1970/01/01 12:07:55,tcp-syn,3
1970/01/01 12:07:58,tcp-syn,1
1970/01/01 12:07:59,tcp-syn,4
1970/01/01 12:08:02,tcp-syn,1
1970/01/01 12:08:03,tcp-syn,1
1970/01/01 12:08:16,tcp-syn,1
1970/01/01 12:08:17,tcp-syn,1
1970/01/01 12:08:20,tcp-syn,1
1970/01/01 12:08:21,tcp-syn,1
1970/01/01 12:08:25,tcp-syn,1
1970/01/01 12:08:30,tcp-syn,2
1970/01/01 12:08:38,tcp-syn,2
1970/01/01 12:08:42,tcp-syn,2
1970/01/01 12:08:49,tcp-syn,1
1970/01/01 12:08:52,tcp-syn,1
1970/01/01 12:08:53,tcp-syn,1
1970/01/01 12:08:59,tcp-syn,2
1970/01/01 12:09:11,tcp-syn,1
1970/01/01 12:09:18,tcp-syn,1
1970/01/01 12:09:18,udp,2
1970/01/01 12:09:22,tcp-syn,1
1970/01/01 12:09:25,tcp-syn,2
1970/01/01 12:09:28,tcp-syn,1
1970/01/01 12:09:31,tcp-syn,1
1970/01/01 12:09:33,tcp-syn,1
1970/01/01 12:09:34,tcp-syn,1
1970/01/01 12:09:36,tcp-syn,2
1970/01/01 12:09:40,tcp-syn,3
1970/01/01 12:09:46,tcp-syn,1
1970/01/01 12:09:52,tcp-syn,1
1970/01/01 12:10:02,tcp-syn,1
1970/01/01 12:10:13,tcp-syn,2
1970/01/01 12:10:16,tcp-syn,1
1970/01/01 12:10:18,udp,2
1970/01/01 12:10:20,udp,1
1970/01/01 12:10:22,udp,2
1970/01/01 12:10:28,tcp-syn,2
1970/01/01 12:10:29,udp,1
1970/01/01 12:10:30,tcp-syn,1
1970/01/01 12:10:38,tcp-syn,1
1970/01/01 12:10:50,tcp-syn,1
1970/01/01 12:10:59,tcp-syn,1
1970/01/01 12:11:06,tcp-syn,1
1970/01/01 12:11:06,udp,1
1970/01/01 12:11:14,tcp-syn,2
1970/01/01 12:11:15,tcp-syn,1
1970/01/01 12:11:23,tcp-syn,2
1970/01/01 12:11:28,tcp-syn,1
1970/01/01 12:11:30,tcp-syn,1
1970/01/01 12:11:36,tcp-syn,1
1970/01/01 12:11:38,tcp-syn,1
1970/01/01 12:11:40,tcp-syn,1
1970/01/01 12:11:42,tcp-syn,1
1970/01/01 12:11:54,tcp-syn,2
1970/01/01 12:12:02,tcp-syn,1
1970/01/01 12:12:05,tcp-syn,1
1970/01/01 12:12:07,udp,1
1970/01/01 12:12:12,tcp-syn,2
1970/01/01 12:12:13,tcp-syn,2
1970/01/01 12:12:20,tcp-syn,1
1970/01/01 12:12:25,tcp-syn,2
1970/01/01 12:12:30,tcp-syn,1
1970/01/01 12:12:32,tcp-syn,2
1970/01/01 12:12:38,tcp-syn,2
1970/01/01 12:12:47,tcp-syn,1
1970/01/01 12:12:58,tcp-syn,1
1970/01/01 12:13:00,tcp-syn,1
1970/01/01 12:13:01,tcp-syn,2
1970/01/01 12:13:02,tcp-syn,2
1970/01/01 12:13:04,tcp-syn,1
1970/01/01 12:13:05,tcp-syn,2
1970/01/01 12:13:30,tcp-syn,14
1970/01/01 12:13:38,tcp-syn,1
1970/01/01 12:13:46,tcp-syn,1
1970/01/01 12:13:53,tcp-syn,5
1970/01/01 12:14:00,tcp-syn,1
1970/01/01 12:14:05,tcp-syn,1
1970/01/01 12:14:10,tcp-syn,1
1970/01/01 12:14:11,tcp-syn,2
1970/01/01 12:14:15,tcp-syn,2
1970/01/01 12:14:18,tcp-syn,2
1970/01/01 12:14:24,tcp-syn,1
1970/01/01 12:14:29,tcp-syn,1
1970/01/01 12:14:33,tcp-syn,2
1970/01/01 12:14:35,tcp-syn,1
1970/01/01 12:14:37,tcp-syn,1
1970/01/01 12:14:44,tcp-syn,1
1970/01/01 12:14:46,tcp-syn,1
1970/01/01 12:14:56,tcp-syn,1
1970/01/01 12:15:05,tcp-syn,1
1970/01/01 12:15:09,tcp-syn,2
1970/01/01 12:15:47,tcp-syn,1
1970/01/01 12:15:50,tcp-syn,1
1970/01/01 12:15:52,udp,5
1970/01/01 12:16:01,tcp-syn,4
1970/01/01 12:16:04,udp,1
1970/01/01 12:16:08,tcp-syn,3
1970/01/01 12:16:09,tcp-syn,1
1970/01/01 12:16:15,tcp-syn,1
1970/01/01 12:16:30,udp,4
1970/01/01 12:16:31,tcp-syn,2
1970/01/01 12:16:32,tcp-syn,2
1970/01/01 12:16:41,udp,2
1970/01/01 12:17:05,tcp-syn,1
1970/01/01 12:17:10,tcp-syn,4
1970/01/01 12:17:13,tcp-syn,1
1970/01/01 12:17:17,udp,2
1970/01/01 12:17:19,tcp-syn,1
1970/01/01 12:17:21,tcp-syn,1
1970/01/01 12:17:24,tcp-syn,1
1970/01/01 12:17:26,udp,2
1970/01/01 12:17:36,tcp-syn,2
1970/01/01 12:17:38,icmp,1
1970/01/01 12:17:46,tcp-syn,2
1970/01/01 12:17:47,tcp-syn,1
1970/01/01 12:17:49,tcp-syn,2
1970/01/01 12:17:50,tcp-syn,1
1970/01/01 12:17:57,udp,1
1970/01/01 12:18:00,udp,2
1970/01/01 12:18:03,udp,1
1970/01/01 12:18:04,tcp-syn,1
1970/01/01 12:18:06,tcp-syn,1
1970/01/01 12:18:19,tcp-syn,1
1970/01/01 12:18:24,udp,1
1970/01/01 12:18:30,tcp-syn,2
1970/01/01 12:18:32,tcp-syn,1
1970/01/01 12:18:38,tcp-syn,1
1970/01/01 12:18:44,tcp-syn,1
1970/01/01 12:18:54,tcp-syn,2
1970/01/01 12:18:55,tcp-syn,1
1970/01/01 12:18:57,tcp-syn,1
1970/01/01 12:19:00,tcp-syn,2
1970/01/01 12:19:06,icmp,1
1970/01/01 12:19:08,tcp-syn,2
1970/01/01 12:19:13,tcp-syn,2
1970/01/01 12:19:22,tcp-syn,1
1970/01/01 12:19:26,tcp-syn,1
1970/01/01 12:19:27,tcp-syn,1
1970/01/01 12:19:32,tcp-syn,1
1970/01/01 12:19:36,tcp-syn,2
1970/01/01 12:19:37,tcp-syn,1
1970/01/01 12:19:39,tcp-syn,2
1970/01/01 12:19:40,tcp-syn,1
1970/01/01 12:19:41,tcp-syn,1
1970/01/01 12:19:51,tcp-syn,1
1970/01/01 12:20:00,tcp-syn,2
1970/01/01 12:20:01,tcp-syn,1
1970/01/01 12:20:04,tcp-syn,1
1970/01/01 12:20:11,tcp-syn,2
1970/01/01 12:20:15,tcp-syn,1
1970/01/01 12:20:21,tcp-syn,1
1970/01/01 12:20:23,tcp-syn,1
1970/01/01 12:20:33,tcp-syn,1
1970/01/01 12:20:38,tcp-syn,1
1970/01/01 12:20:45,tcp-syn,1
1970/01/01 12:20:49,tcp-syn,1
1970/01/01 12:20:54,tcp-syn,1
1970/01/01 12:21:01,tcp-syn,1
1970/01/01 12:21:02,tcp-syn,1
1970/01/01 12:21:08,tcp-syn,1
1970/01/01 12:21:12,tcp-syn,2
1970/01/01 12:21:22,tcp-syn,1
1970/01/01 12:21:22,udp,1
1970/01/01 12:21:24,tcp-syn,2
1970/01/01 12:21:26,tcp-syn,2
1970/01/01 12:21:27,udp,1
1970/01/01 12:21:28,tcp-syn,1
1970/01/01 12:21:29,tcp-syn,2
1970/01/01 12:21:30,tcp-syn,2
1970/01/01 12:21:38,tcp-syn,2
1970/01/01 12:21:50,tcp-syn,1
1970/01/01 12:21:55,tcp-syn,1
1970/01/01 12:22:11,tcp-syn,1
1970/01/01 12:22:11,icmp,1
1970/01/01 12:22:18,tcp-syn,1
1970/01/01 12:22:31,tcp-syn,1
1970/01/01 12:22:36,tcp-syn,2
1970/01/01 12:22:50,tcp-syn,2
1970/01/01 12:22:53,tcp-syn,1
1970/01/01 12:22:56,tcp-syn,1
1970/01/01 12:22:59,tcp-syn,1
1970/01/01 12:23:04,tcp-syn,2
1970/01/01 12:23:05,tcp-syn,1
1970/01/01 12:23:23,tcp-syn,2
1970/01/01 12:23:28,tcp-syn,1
1970/01/01 12:23:34,tcp-syn,1
1970/01/01 12:23:40,tcp-syn,2
1970/01/01 12:23:46,tcp-syn,1
1970/01/01 12:24:14,tcp-syn,1
1970/01/01 12:24:16,tcp-syn,1
1970/01/01 12:24:18,tcp-syn,1
1970/01/01 12:24:23,tcp-syn,2
1970/01/01 12:24:26,tcp-syn,2
1970/01/01 12:24:30,tcp-syn,1
1970/01/01 12:24:31,tcp-syn,4
1970/01/01 12:24:34,tcp-syn,2
1970/01/01 12:24:45,tcp-syn,2
1970/01/01 12:24:46,tcp-syn,2
1970/01/01 12:24:47,tcp-syn,2
1970/01/01 12:24:51,tcp-syn,1
1970/01/01 12:24:58,tcp-syn,1
1970/01/01 12:24:59,tcp-syn,1
1970/01/01 12:25:02,tcp-syn,2
1970/01/01 12:25:03,tcp-syn,1
1970/01/01 12:25:06,udp,1
1970/01/01 12:25:07,tcp-syn,2
1970/01/01 12:25:13,tcp-syn,2
1970/01/01 12:25:14,tcp-syn,1
1970/01/01 12:25:16,tcp-syn,2
1970/01/01 12:25:17,tcp-syn,1
1970/01/01 12:25:22,tcp-syn,1
1970/01/01 12:25:23,tcp-syn,1
1970/01/01 12:25:26,udp,1
1970/01/01 12:25:27,udp,1
1970/01/01 12:25:29,tcp-syn,2
1970/01/01 12:25:34,tcp-syn,1
1970/01/01 12:25:39,tcp-syn,3
1970/01/01 12:25:42,tcp-syn,1
1970/01/01 12:25:47,tcp-syn,1
1970/01/01 12:25:56,tcp-syn,2
1970/01/01 12:25:56,udp,2
1970/01/01 12:26:03,tcp-syn,1
1970/01/01 12:26:07,tcp-syn,3
1970/01/01 12:26:23,tcp-syn,1
1970/01/01 12:26:24,tcp-syn,1
1970/01/01 12:26:28,tcp-syn,1
1970/01/01 12:26:35,tcp-syn,2
1970/01/01 12:26:36,tcp-syn,1
1970/01/01 12:26:39,tcp-syn,1
1970/01/01 12:26:43,tcp-syn,2
1970/01/01 12:26:45,tcp-syn,1
1970/01/01 12:26:48,tcp-syn,1
1970/01/01 12:26:50,tcp-syn,1
1970/01/01 12:26:51,tcp-syn,2
1970/01/01 12:26:52,tcp-syn,2
1970/01/01 12:26:53,tcp-syn,2
1970/01/01 12:26:56,tcp-syn,3
1970/01/01 12:26:58,tcp-syn,1
1970/01/01 12:27:09,tcp-syn,1
1970/01/01 12:27:13,tcp-syn,1
1970/01/01 12:27:21,tcp-syn,1
1970/01/01 12:27:22,tcp-syn,2
1970/01/01 12:27:27,tcp-syn,1
1970/01/01 12:27:34,tcp-syn,2
1970/01/01 12:27:44,tcp-syn,1
1970/01/01 12:27:56,tcp-syn,1
1970/01/01 12:28:05,tcp-syn,1
1970/01/01 12:28:16,tcp-syn,2
1970/01/01 12:28:18,tcp-syn,2
1970/01/01 12:28:23,tcp-syn,1
1970/01/01 12:28:26,tcp-syn,2
1970/01/01 12:28:27,tcp-syn,9
1970/01/01 12:28:39,tcp-syn,1
1970/01/01 12:28:42,tcp-syn,1
1970/01/01 12:28:51,udp,1
1970/01/01 12:28:53,tcp-syn,2
1970/01/01 12:29:02,tcp-syn,1
1970/01/01 12:29:07,udp,1
1970/01/01 12:29:08,tcp-syn,1
1970/01/01 12:29:17,tcp-syn,2
1970/01/01 12:29:18,tcp-syn,1
1970/01/01 12:29:32,tcp-syn,1
1970/01/01 12:29:33,tcp-syn,1
1970/01/01 12:29:38,udp,1
1970/01/01 12:29:45,tcp-syn,2
1970/01/01 12:29:53,tcp-syn,1
1970/01/01 12:29:56,tcp-syn,2
1970/01/01 12:30:08,tcp-syn,2
1970/01/01 12:30:09,tcp-syn,2
1970/01/01 12:30:10,tcp-syn,3
1970/01/01 12:30:12,tcp-syn,1
1970/01/01 12:30:14,tcp-syn,1
1970/01/01 12:30:18,tcp-syn,1
1970/01/01 12:30:35,tcp-syn,1
1970/01/01 12:30:37,tcp-syn,2
1970/01/01 12:30:39,udp,2
1970/01/01 12:30:40,tcp-syn,1
1970/01/01 12:30:41,tcp-syn,2
1970/01/01 12:30:48,icmp,1
1970/01/01 12:30:51,tcp-syn,1
1970/01/01 12:30:54,tcp-syn,2
1970/01/01 12:30:56,tcp-syn,1
1970/01/01 12:30:58,tcp-syn,2
1970/01/01 12:30:59,tcp-syn,1
1970/01/01 12:31:03,tcp-syn,1
1970/01/01 12:31:06,udp,1
1970/01/01 12:31:09,tcp-syn,1
1970/01/01 12:31:11,tcp-syn,2
1970/01/01 12:31:12,tcp-syn,2
1970/01/01 12:31:15,tcp-syn,2
1970/01/01 12:31:18,tcp-syn,2
1970/01/01 12:31:25,tcp-syn,1
1970/01/01 12:31:25,udp,2
1970/01/01 12:31:26,tcp-syn,2
1970/01/01 12:31:29,tcp-syn,1
1970/01/01 12:31:32,tcp-syn,2
1970/01/01 12:31:33,tcp-syn,2
1970/01/01 12:31:36,tcp-syn,2
1970/01/01 12:31:38,tcp-syn,2
1970/01/01 12:31:41,udp,1
1970/01/01 12:32:06,tcp-syn,2
1970/01/01 12:32:08,tcp-syn,1
1970/01/01 12:32:09,tcp-syn,2
1970/01/01 12:32:15,tcp-syn,2
1970/01/01 12:32:33,tcp-syn,1
1970/01/01 12:32:34,udp,1
1970/01/01 12:32:47,tcp-syn,2
1970/01/01 12:32:51,udp,1
1970/01/01 12:32:55,tcp-syn,1
1970/01/01 12:32:56,tcp-syn,1
1970/01/01 12:32:59,tcp-syn,2
1970/01/01 12:33:08,tcp-syn,4
1970/01/01 12:33:15,udp,1
1970/01/01 12:33:17,tcp-syn,1
1970/01/01 12:33:22,tcp-syn,1
1970/01/01 12:33:24,tcp-syn,1
1970/01/01 12:33:42,tcp-syn,1
1970/01/01 12:33:43,tcp-syn,1
1970/01/01 12:33:46,tcp-syn,1
1970/01/01 12:33:49,tcp-syn,1
1970/01/01 12:33:52,tcp-syn,1
1970/01/01 12:33:58,tcp-syn,1
1970/01/01 12:34:01,udp,2
1970/01/01 12:34:08,udp,1
1970/01/01 12:34:09,tcp-syn,1
1970/01/01 12:34:10,tcp-syn,5
1970/01/01 12:34:21,tcp-syn,1
1970/01/01 12:34:25,tcp-syn,2
1970/01/01 12:34:26,tcp-syn,1
1970/01/01 12:34:29,tcp-syn,1
1970/01/01 12:34:34,tcp-syn,1
1970/01/01 12:34:40,tcp-syn,2
1970/01/01 12:34:41,tcp-syn,1
1970/01/01 12:34:42,udp,4
1970/01/01 12:34:45,tcp-syn,3
1970/01/01 12:34:46,tcp-syn,1
1970/01/01 12:34:47,tcp-syn,1
1970/01/01 12:34:50,udp,2
1970/01/01 12:34:56,udp,2
1970/01/01 12:34:58,tcp-syn,2
1970/01/01 12:35:06,tcp-syn,1
1970/01/01 12:35:07,tcp-syn,2
1970/01/01 12:35:07,udp,1
1970/01/01 12:35:13,tcp-syn,1
1970/01/01 12:35:13,udp,1
1970/01/01 12:35:14,tcp-syn,2
1970/01/01 12:35:18,tcp-syn,1
1970/01/01 12:35:27,tcp-syn,1
1970/01/01 12:35:28,udp,2
1970/01/01 12:35:34,tcp-syn,2
1970/01/01 12:35:35,tcp-syn,2
1970/01/01 12:35:43,tcp-syn,1
1970/01/01 12:35:44,tcp-syn,1
1970/01/01 12:35:46,tcp-syn,1
1970/01/01 12:35:54,tcp-syn,2
1970/01/01 12:35:57,tcp-syn,2
1970/01/01 12:35:59,udp,1
1970/01/01 12:36:02,udp,1
1970/01/01 12:36:07,tcp-syn,1
1970/01/01 12:36:14,tcp-syn,1
1970/01/01 12:36:16,tcp-syn,1
1970/01/01 12:36:19,tcp-syn,1
1970/01/01 12:36:38,tcp-syn,1
1970/01/01 12:36:51,tcp-syn,1
1970/01/01 12:36:59,tcp-syn,1
1970/01/01 12:37:03,tcp-syn,2
1970/01/01 12:37:08,tcp-syn,1
1970/01/01 12:37:10,tcp-syn,1
1970/01/01 12:37:13,tcp-syn,1
1970/01/01 12:37:19,tcp-syn,2
1970/01/01 12:37:23,tcp-syn,2
1970/01/01 12:37:26,tcp-syn,2
1970/01/01 12:37:44,tcp-syn,1
1970/01/01 12:37:48,tcp-syn,1
1970/01/01 12:37:49,tcp-syn,1
1970/01/01 12:37:52,tcp-syn,2
1970/01/01 12:37:54,tcp-syn,1
1970/01/01 12:37:58,tcp-syn,2
1970/01/01 12:38:00,tcp-syn,2
1970/01/01 12:38:04,tcp-syn,1
1970/01/01 12:38:22,tcp-syn,1
1970/01/01 12:38:29,tcp-syn,2
1970/01/01 12:38:42,tcp-syn,1
1970/01/01 12:38:47,tcp-syn,2
1970/01/01 12:38:49,tcp-syn,2
1970/01/01 12:38:50,udp,1
1970/01/01 12:38:52,tcp-syn,1
1970/01/01 12:38:59,tcp-syn,1
1970/01/01 12:39:06,tcp-syn,2
1970/01/01 12:39:11,tcp-syn,1
1970/01/01 12:39:25,tcp-syn,2
1970/01/01 12:39:29,tcp-syn,1
1970/01/01 12:39:32,tcp-syn,2
1970/01/01 12:39:33,tcp-syn,1
1970/01/01 12:39:44,tcp-syn,1
1970/01/01 12:39:50,tcp-syn,1
1970/01/01 12:39:52,tcp-syn,1
1970/01/01 12:39:57,tcp-syn,1
1970/01/01 12:40:01,tcp-syn,2
1970/01/01 12:40:04,tcp-syn,2
1970/01/01 12:40:27,udp,1
1970/01/01 12:40:28,tcp-syn,1
1970/01/01 12:40:34,tcp-syn,2
1970/01/01 12:40:37,tcp-syn,2
1970/01/01 12:40:39,tcp-syn,1
1970/01/01 12:40:41,tcp-syn,2
1970/01/01 12:40:43,tcp-syn,1
1970/01/01 12:40:46,tcp-syn,1
1970/01/01 12:40:48,tcp-syn,1
1970/01/01 12:40:50,tcp-syn,1
1970/01/01 12:41:13,tcp-syn,2
1970/01/01 12:41:22,udp,2
1970/01/01 12:41:30,tcp-syn,1
1970/01/01 12:41:33,tcp-syn,1
1970/01/01 12:41:40,tcp-syn,2
1970/01/01 12:41:43,udp,2
1970/01/01 12:41:53,tcp-syn,1
1970/01/01 12:41:54,tcp-syn,1
1970/01/01 12:42:00,tcp-syn,1
1970/01/01 12:42:03,tcp-syn,1
1970/01/01 12:42:06,tcp-syn,1
1970/01/01 12:42:09,tcp-syn,2
1970/01/01 12:42:10,tcp-syn,1
1970/01/01 12:42:11,tcp-syn,2
1970/01/01 12:42:13,tcp-syn,2
1970/01/01 12:42:20,tcp-syn,1
1970/01/01 12:42:24,tcp-syn,1
1970/01/01 12:42:27,tcp-syn,5
1970/01/01 12:42:30,tcp-syn,1
1970/01/01 12:42:32,tcp-syn,1
1970/01/01 12:42:40,tcp-syn,1
1970/01/01 12:42:42,tcp-syn,1
1970/01/01 12:42:45,tcp-syn,1
1970/01/01 12:42:47,tcp-syn,2
1970/01/01 12:42:57,udp,2
1970/01/01 12:42:58,tcp-syn,1
1970/01/01 12:42:59,tcp-syn,1
1970/01/01 12:43:01,tcp-syn,2
1970/01/01 12:43:09,tcp-syn,1
1970/01/01 12:43:20,tcp-syn,2
1970/01/01 12:43:21,tcp-syn,2
1970/01/01 12:43:22,tcp-syn,1
1970/01/01 12:43:32,tcp-syn,1
1970/01/01 12:43:36,icmp,2
1970/01/01 12:43:38,tcp-syn,1
1970/01/01 12:43:43,tcp-syn,2
1970/01/01 12:43:45,tcp-syn,1
1970/01/01 12:43:48,udp,2
1970/01/01 12:43:50,tcp-syn,1
1970/01/01 12:44:03,tcp-syn,2
1970/01/01 12:44:14,tcp-syn,1
1970/01/01 12:44:20,tcp-syn,2
1970/01/01 12:44:21,tcp-syn,1
1970/01/01 12:44:24,tcp-syn,1
1970/01/01 12:44:42,tcp-syn,1
1970/01/01 12:44:48,tcp-syn,1
1970/01/01 12:44:49,tcp-syn,1
1970/01/01 12:44:50,tcp-syn,1
1970/01/01 12:44:51,tcp-syn,1
1970/01/01 12:45:00,tcp-syn,2
1970/01/01 12:45:16,tcp-syn,1
1970/01/01 12:45:30,tcp-syn,1
1970/01/01 12:45:31,tcp-syn,1
1970/01/01 12:45:33,tcp-syn,1
1970/01/01 12:45:38,udp,1
1970/01/01 12:45:40,tcp-syn,2
1970/01/01 12:45:47,udp,1
1970/01/01 12:45:48,tcp-syn,1
1970/01/01 12:45:49,tcp-syn,1
1970/01/01 12:45:54,tcp-syn,1
1970/01/01 12:45:59,tcp-syn,1
1970/01/01 12:46:21,tcp-syn,2
1970/01/01 12:46:25,udp,1
1970/01/01 12:46:26,tcp-syn,1
1970/01/01 12:46:28,tcp-syn,1
1970/01/01 12:46:35,tcp-syn,1
1970/01/01 12:46:37,tcp-syn,4
1970/01/01 12:46:40,tcp-syn,2
1970/01/01 12:46:43,tcp-syn,1
1970/01/01 12:46:45,tcp-syn,1
1970/01/01 12:46:56,tcp-syn,2
1970/01/01 12:47:02,tcp-syn,1
1970/01/01 12:47:07,tcp-syn,1
1970/01/01 12:47:10,tcp-syn,1
1970/01/01 12:47:19,tcp-syn,2
1970/01/01 12:47:20,tcp-syn,2
1970/01/01 12:47:24,tcp-syn,2
1970/01/01 12:47:28,tcp-syn,1
1970/01/01 12:47:36,tcp-syn,1
1970/01/01 12:47:44,udp,1
1970/01/01 12:47:47,tcp-syn,1
1970/01/01 12:47:48,tcp-syn,2
1970/01/01 12:47:50,tcp-syn,2
1970/01/01 12:47:52,tcp-syn,2
1970/01/01 12:47:56,tcp-syn,2
1970/01/01 12:48:01,tcp-syn,1
1970/01/01 12:48:05,tcp-syn,1
1970/01/01 12:48:16,tcp-syn,1
1970/01/01 12:48:19,tcp-syn,1
1970/01/01 12:48:22,udp,1
1970/01/01 12:48:24,tcp-syn,1
1970/01/01 12:48:28,udp,1
1970/01/01 12:48:39,tcp-syn,1
1970/01/01 12:48:43,tcp-syn,1
1970/01/01 12:48:49,tcp-syn,4
1970/01/01 12:48:51,tcp-syn,2
1970/01/01 12:48:54,tcp-syn,5
1970/01/01 12:49:06,tcp-syn,2
1970/01/01 12:49:20,tcp-syn,2
1970/01/01 12:49:23,tcp-syn,1
1970/01/01 12:49:33,tcp-syn,1
1970/01/01 12:49:37,tcp-syn,2
1970/01/01 12:49:45,tcp-syn,2
1970/01/01 12:49:59,tcp-syn,1
1970/01/01 12:50:02,tcp-syn,1
1970/01/01 12:50:07,tcp-syn,2
1970/01/01 12:50:15,tcp-syn,2
1970/01/01 12:50:20,tcp-syn,1
1970/01/01 12:50:20,udp,2
1970/01/01 12:50:26,tcp-syn,4
1970/01/01 12:50:34,tcp-syn,5
1970/01/01 12:50:36,tcp-syn,1
1970/01/01 12:50:37,tcp-syn,1
1970/01/01 12:50:39,tcp-syn,1
1970/01/01 12:50:39,udp,2
1970/01/01 12:50:43,tcp-syn,1
1970/01/01 12:50:44,tcp-syn,1
1970/01/01 12:50:45,tcp-syn,1
1970/01/01 12:50:53,udp,2
1970/01/01 12:51:00,tcp-syn,1
1970/01/01 12:51:01,tcp-syn,1
1970/01/01 12:51:02,tcp-syn,1
1970/01/01 12:51:09,tcp-syn,1
1970/01/01 12:51:12,tcp-syn,1
1970/01/01 12:51:17,tcp-syn,1
1970/01/01 12:51:18,tcp-syn,1
1970/01/01 12:51:20,tcp-syn,1
1970/01/01 12:51:22,tcp-syn,1
1970/01/01 12:51:23,tcp-syn,1
1970/01/01 12:51:30,other-ip,1
1970/01/01 12:51:37,tcp-syn,1
1970/01/01 12:51:42,tcp-syn,1
1970/01/01 12:51:45,tcp-syn,1
1970/01/01 12:51:47,tcp-syn,2
1970/01/01 12:51:49,udp,1
1970/01/01 12:51:56,icmp,1
1970/01/01 12:52:00,tcp-syn,1
1970/01/01 12:52:23,tcp-syn,1
1970/01/01 12:52:26,tcp-syn,2
1970/01/01 12:52:29,udp,2
1970/01/01 12:52:33,tcp-syn,1
1970/01/01 12:52:38,tcp-syn,1
1970/01/01 12:52:49,tcp-syn,1
1970/01/01 12:52:50,tcp-syn,1
1970/01/01 12:52:52,tcp-syn,1
1970/01/01 12:52:53,tcp-syn,1
1970/01/01 12:53:02,tcp-syn,1
1970/01/01 12:53:03,tcp-syn,2
1970/01/01 12:53:17,tcp-syn,2
1970/01/01 12:53:18,tcp-syn,1
1970/01/01 12:53:22,tcp-syn,1
1970/01/01 12:53:26,tcp-syn,1
1970/01/01 12:53:29,tcp-syn,1
1970/01/01 12:53:34,tcp-syn,1
1970/01/01 12:53:37,tcp-syn,1
1970/01/01 12:53:44,tcp-syn,2
1970/01/01 12:53:44,other-ip,1
1970/01/01 12:53:48,tcp-syn,2
1970/01/01 12:53:52,tcp-syn,1
1970/01/01 12:53:56,tcp-syn,2
1970/01/01 12:53:59,tcp-syn,1
1970/01/01 12:54:00,tcp-syn,3
1970/01/01 12:54:01,tcp-syn,1
1970/01/01 12:54:07,tcp-syn,1
1970/01/01 12:54:11,udp,1
1970/01/01 12:54:18,tcp-syn,1
1970/01/01 12:54:21,tcp-syn,1
1970/01/01 12:54:26,tcp-syn,1
1970/01/01 12:54:28,tcp-syn,4
1970/01/01 12:54:32,udp,1
1970/01/01 12:54:34,udp,1
1970/01/01 12:54:36,tcp-syn,1
1970/01/01 12:54:39,tcp-syn,3
1970/01/01 12:54:45,tcp-syn,2
1970/01/01 12:54:48,tcp-syn,2
1970/01/01 12:54:55,tcp-syn,2
1970/01/01 12:54:58,icmp,1
1970/01/01 12:55:04,tcp-syn,1
1970/01/01 12:55:07,tcp-syn,2
1970/01/01 12:55:08,tcp-syn,1
1970/01/01 12:55:11,tcp-syn,1
1970/01/01 12:55:18,tcp-syn,1
1970/01/01 12:55:19,tcp-syn,4
1970/01/01 12:55:26,tcp-syn,1
1970/01/01 12:55:27,tcp-syn,2
1970/01/01 12:55:33,udp,2
1970/01/01 12:55:34,tcp-syn,1
1970/01/01 12:55:41,tcp-syn,1
1970/01/01 12:55:55,tcp-syn,1
1970/01/01 12:55:56,tcp-syn,2
1970/01/01 12:55:57,tcp-syn,1
1970/01/01 12:56:07,tcp-syn,1
1970/01/01 12:56:12,tcp-syn,1
1970/01/01 12:56:20,udp,2
1970/01/01 12:56:25,tcp-syn,2
1970/01/01 12:56:26,icmp,2
1970/01/01 12:56:29,tcp-syn,2
1970/01/01 12:56:31,udp,5
1970/01/01 12:56:36,tcp-syn,1
1970/01/01 12:56:37,tcp-syn,1
1970/01/01 12:56:42,tcp-syn,1
1970/01/01 12:56:44,tcp-syn,1
1970/01/01 12:56:49,tcp-syn,2
1970/01/01 12:56:52,tcp-syn,1
1970/01/01 12:56:57,tcp-syn,1
1970/01/01 12:57:01,tcp-syn,1
1970/01/01 12:57:03,tcp-syn,1
1970/01/01 12:57:04,tcp-syn,4
1970/01/01 12:57:13,tcp-syn,1
1970/01/01 12:57:16,udp,1
1970/01/01 12:57:23,tcp-syn,1
1970/01/01 12:57:24,tcp-syn,1
1970/01/01 12:57:30,tcp-syn,2
1970/01/01 12:57:36,tcp-syn,1
1970/01/01 12:57:38,tcp-syn,2
1970/01/01 12:57:39,tcp-syn,1
1970/01/01 12:57:44,tcp-syn,2
1970/01/01 12:57:45,tcp-syn,1
1970/01/01 12:57:59,tcp-syn,1
1970/01/01 12:58:11,tcp-syn,1
1970/01/01 12:58:15,tcp-syn,1
1970/01/01 12:58:22,tcp-syn,1
1970/01/01 12:58:38,tcp-syn,2
1970/01/01 12:58:40,tcp-syn,1
1970/01/01 12:58:47,tcp-syn,2
1970/01/01 12:58:49,udp,2
1970/01/01 12:58:57,tcp-syn,1
1970/01/01 12:58:58,tcp-syn,1
1970/01/01 12:58:59,tcp-syn,1
1970/01/01 12:59:00,tcp-syn,2
1970/01/01 12:59:01,tcp-syn,1
1970/01/01 12:59:08,tcp-syn,1
1970/01/01 12:59:10,udp,3
1970/01/01 12:59:12,tcp-syn,1
1970/01/01 12:59:24,tcp-syn,2
1970/01/01 12:59:28,tcp-syn,2
1970/01/01 12:59:34,tcp-syn,1
1970/01/01 12:59:38,tcp-syn,2
1970/01/01 12:59:46,tcp-syn,1
1970/01/01 12:59:50,tcp-syn,1
1970/01/01 13:00:00,tcp-syn,3
1970/01/01 13:00:02,tcp-syn,1
1970/01/01 13:00:03,tcp-syn,1
1970/01/01 13:00:06,tcp-syn,1
1970/01/01 13:00:22,tcp-syn,2
1970/01/01 13:00:29,tcp-syn,1
1970/01/01 13:00:32,tcp-syn,1
1970/01/01 13:00:35,tcp-syn,4
1970/01/01 13:00:39,tcp-syn,2
1970/01/01 13:00:46,tcp-syn,1
1970/01/01 13:00:49,tcp-syn,1
1970/01/01 13:01:00,tcp-syn,1
1970/01/01 13:01:00,udp,1
1970/01/01 13:01:01,tcp-syn,1
1970/01/01 13:01:05,tcp-syn,1
1970/01/01 13:01:07,tcp-syn,2
1970/01/01 13:01:09,tcp-syn,1
1970/01/01 13:01:14,tcp-syn,2
1970/01/01 13:01:15,tcp-syn,2
1970/01/01 13:01:16,tcp-syn,1
1970/01/01 13:01:26,tcp-syn,2
1970/01/01 13:01:32,tcp-syn,1
1970/01/01 13:01:35,tcp-syn,2
1970/01/01 13:01:36,tcp-syn,1
1970/01/01 13:01:37,tcp-syn,1
1970/01/01 13:01:44,tcp-syn,2
1970/01/01 13:01:48,tcp-syn,1
1970/01/01 13:01:52,tcp-syn,1
1970/01/01 13:01:54,tcp-syn,1
1970/01/01 13:01:56,tcp-syn,1
1970/01/01 13:02:08,tcp-syn,2
1970/01/01 13:02:09,tcp-syn,1
1970/01/01 13:02:09,udp,2
1970/01/01 13:02:14,tcp-syn,5
1970/01/01 13:02:15,tcp-syn,1
1970/01/01 13:02:23,tcp-syn,1
1970/01/01 13:02:25,udp,2
1970/01/01 13:02:28,tcp-syn,1
1970/01/01 13:02:32,tcp-syn,1
1970/01/01 13:02:40,tcp-syn,1
1970/01/01 13:02:43,tcp-syn,1
1970/01/01 13:02:49,tcp-syn,3
1970/01/01 13:02:50,tcp-syn,2
1970/01/01 13:02:51,tcp-syn,1
1970/01/01 13:02:59,tcp-syn,1
1970/01/01 13:03:03,tcp-syn,2
1970/01/01 13:03:06,tcp-syn,1
1970/01/01 13:03:09,tcp-syn,1
1970/01/01 13:03:12,tcp-syn,1
1970/01/01 13:03:19,tcp-syn,2
1970/01/01 13:03:29,tcp-syn,1
1970/01/01 13:03:33,tcp-syn,4
1970/01/01 13:03:38,tcp-syn,2
1970/01/01 13:03:39,udp,2
1970/01/01 13:03:42,tcp-syn,1
1970/01/01 13:03:44,tcp-syn,1
1970/01/01 13:03:52,udp,1
1970/01/01 13:03:55,tcp-syn,1
1970/01/01 13:04:00,tcp-syn,1
1970/01/01 13:04:02,tcp-syn,2
1970/01/01 13:04:05,tcp-syn,2
1970/01/01 13:04:10,tcp-syn,2
1970/01/01 13:04:12,tcp-syn,1
1970/01/01 13:04:15,tcp-syn,1
1970/01/01 13:04:19,tcp-syn,2
1970/01/01 13:04:20,udp,1
1970/01/01 13:04:21,tcp-syn,1
1970/01/01 13:04:22,tcp-syn,1
1970/01/01 13:04:28,tcp-syn,1
1970/01/01 13:04:30,tcp-syn,1
1970/01/01 13:04:36,tcp-syn,2
1970/01/01 13:04:46,tcp-syn,1
1970/01/01 13:04:50,tcp-syn,2
1970/01/01 13:04:51,udp,1
1970/01/01 13:04:53,tcp-syn,5
1970/01/01 13:05:00,tcp-syn,1
1970/01/01 13:05:07,tcp-syn,2
1970/01/01 13:05:23,tcp-syn,2
1970/01/01 13:05:42,tcp-syn,2
1970/01/01 13:05:45,tcp-syn,1
1970/01/01 13:05:46,tcp-syn,1
1970/01/01 13:06:10,tcp-syn,2
1970/01/01 13:06:16,tcp-syn,1
1970/01/01 13:06:24,tcp-syn,1
1970/01/01 13:06:29,tcp-syn,3
1970/01/01 13:06:34,tcp-syn,2
1970/01/01 13:06:36,tcp-syn,1
1970/01/01 13:06:38,tcp-syn,1
1970/01/01 13:06:40,tcp-syn,2
1970/01/01 13:06:47,tcp-syn,1
1970/01/01 13:06:49,tcp-syn,2
1970/01/01 13:06:50,tcp-syn,2
1970/01/01 13:07:04,tcp-syn,1
1970/01/01 13:07:09,udp,2
1970/01/01 13:07:14,tcp-syn,1
1970/01/01 13:07:15,tcp-syn,2
1970/01/01 13:07:27,tcp-syn,2
1970/01/01 13:07:29,tcp-syn,1
1970/01/01 13:07:37,tcp-syn,1
1970/01/01 13:07:48,tcp-syn,1
1970/01/01 13:07:54,udp,1
1970/01/01 13:07:55,tcp-syn,1
1970/01/01 13:08:00,tcp-syn,2
1970/01/01 13:08:01,tcp-syn,1
1970/01/01 13:08:02,tcp-syn,1
1970/01/01 13:08:05,tcp-syn,1
1970/01/01 13:08:10,tcp-syn,1
1970/01/01 13:08:11,tcp-syn,1
1970/01/01 13:08:23,tcp-syn,2
1970/01/01 13:08:40,tcp-syn,1
1970/01/01 13:08:42,tcp-syn,1
1970/01/01 13:08:49,tcp-syn,1
1970/01/01 13:08:56,tcp-syn,1
1970/01/01 13:08:59,tcp-syn,1
1970/01/01 13:09:08,tcp-syn,1
1970/01/01 13:09:14,tcp-syn,2
1970/01/01 13:09:17,tcp-syn,2
1970/01/01 13:09:22,tcp-syn,1
1970/01/01 13:09:28,tcp-syn,1
1970/01/01 13:09:30,tcp-syn,2
1970/01/01 13:09:31,udp,3
1970/01/01 13:09:39,tcp-syn,1
1970/01/01 13:09:43,tcp-syn,1
1970/01/01 13:10:07,tcp-syn,1
1970/01/01 13:10:13,udp,1
1970/01/01 13:10:15,tcp-syn,1
1970/01/01 13:10:18,tcp-syn,1
1970/01/01 13:10:21,tcp-syn,4
1970/01/01 13:10:22,tcp-syn,1
1970/01/01 13:10:25,tcp-syn,2
1970/01/01 13:10:28,tcp-syn,1
1970/01/01 13:10:36,tcp-syn,1
1970/01/01 13:11:02,tcp-syn,1
1970/01/01 13:11:03,tcp-syn,2
1970/01/01 13:11:05,tcp-syn,1
1970/01/01 13:11:16,tcp-syn,1
1970/01/01 13:11:19,tcp-syn,1
1970/01/01 13:11:22,tcp-syn,1
1970/01/01 13:11:24,udp,2
1970/01/01 13:11:35,tcp-syn,1
1970/01/01 13:11:39,tcp-syn,1
1970/01/01 13:11:40,tcp-syn,1
1970/01/01 13:11:43,tcp-syn,2
1970/01/01 13:11:45,udp,1
1970/01/01 13:11:46,tcp-syn,1
1970/01/01 13:11:51,tcp-syn,1
1970/01/01 13:11:57,tcp-syn,2
1970/01/01 13:11:58,udp,1
1970/01/01 13:12:03,tcp-syn,2
1970/01/01 13:12:10,tcp-syn,1
1970/01/01 13:12:18,tcp-syn,2
1970/01/01 13:12:21,udp,1
1970/01/01 13:12:28,tcp-syn,2
1970/01/01 13:12:30,tcp-syn,1
1970/01/01 13:12:31,tcp-syn,1
1970/01/01 13:12:34,tcp-syn,1
1970/01/01 13:12:42,tcp-syn,1
1970/01/01 13:12:43,tcp-syn,2
1970/01/01 13:12:44,tcp-syn,2
1970/01/01 13:12:53,tcp-syn,1
1970/01/01 13:12:57,tcp-syn,2
1970/01/01 13:13:01,tcp-syn,2
1970/01/01 13:13:05,tcp-syn,1
1970/01/01 13:13:06,tcp-syn,1
1970/01/01 13:13:10,tcp-syn,1
1970/01/01 13:13:18,tcp-syn,1
1970/01/01 13:13:20,tcp-syn,1
1970/01/01 13:13:21,tcp-syn,1
1970/01/01 13:13:26,tcp-syn,1
1970/01/01 13:13:30,udp,1
1970/01/01 13:13:36,tcp-syn,1
1970/01/01 13:13:37,tcp-syn,1
1970/01/01 13:13:39,tcp-syn,1
1970/01/01 13:13:47,tcp-syn,1
1970/01/01 13:13:49,tcp-syn,2
1970/01/01 13:13:50,tcp-syn,2
1970/01/01 13:13:55,icmp,1
1970/01/01 13:13:59,tcp-syn,1
1970/01/01 13:14:02,tcp-syn,1
1970/01/01 13:14:07,tcp-syn,1
1970/01/01 13:14:08,tcp-syn,2
1970/01/01 13:14:15,tcp-syn,1
1970/01/01 13:14:16,tcp-syn,2
1970/01/01 13:14:18,tcp-syn,1
1970/01/01 13:14:20,tcp-syn,1
1970/01/01 13:14:26,udp,1
1970/01/01 13:14:29,tcp-syn,1
1970/01/01 13:14:38,tcp-syn,3
1970/01/01 13:14:42,tcp-syn,1
1970/01/01 13:14:45,tcp-syn,2
1970/01/01 13:14:47,tcp-syn,1
1970/01/01 13:14:49,udp,2
1970/01/01 13:14:55,tcp-syn,1
1970/01/01 13:14:57,tcp-syn,2
1970/01/01 13:14:59,tcp-syn,1
1970/01/01 13:15:04,tcp-syn,1
1970/01/01 13:15:05,tcp-syn,1
1970/01/01 13:15:08,tcp-syn,1
1970/01/01 13:15:11,tcp-syn,2
1970/01/01 13:15:17,tcp-syn,1
1970/01/01 13:15:20,tcp-syn,1
1970/01/01 13:15:26,tcp-syn,2
1970/01/01 13:15:36,tcp-syn,1
1970/01/01 13:15:39,tcp-syn,1
1970/01/01 13:15:42,tcp-syn,4
1970/01/01 13:15:53,tcp-syn,1
1970/01/01 13:15:56,tcp-syn,1
1970/01/01 13:16:01,tcp-syn,1
1970/01/01 13:16:04,tcp-syn,1
1970/01/01 13:16:05,tcp-syn,1
1970/01/01 13:16:12,tcp-syn,1
1970/01/01 13:16:13,tcp-syn,2
1970/01/01 13:16:18,tcp-syn,1
1970/01/01 13:16:24,tcp-syn,4
1970/01/01 13:16:26,udp,2
1970/01/01 13:16:34,tcp-syn,1
1970/01/01 13:16:38,tcp-syn,2
1970/01/01 13:16:39,tcp-syn,1
1970/01/01 13:16:40,tcp-syn,2
1970/01/01 13:16:44,tcp-syn,3
1970/01/01 13:16:46,tcp-syn,1
1970/01/01 13:16:48,tcp-syn,1
1970/01/01 13:16:50,tcp-syn,1
1970/01/01 13:16:54,udp,2
1970/01/01 13:16:55,tcp-syn,2
1970/01/01 13:16:58,tcp-syn,1
1970/01/01 13:17:02,tcp-syn,1
1970/01/01 13:17:03,tcp-syn,2
1970/01/01 13:17:05,tcp-syn,1
1970/01/01 13:17:12,tcp-syn,1
1970/01/01 13:17:16,tcp-syn,1
1970/01/01 13:17:16,udp,2
1970/01/01 13:17:19,udp,2
1970/01/01 13:17:22,tcp-syn,1
1970/01/01 13:17:24,tcp-syn,3
1970/01/01 13:17:29,tcp-syn,1
1970/01/01 13:17:40,tcp-syn,1
1970/01/01 13:17:47,tcp-syn,1
1970/01/01 13:17:55,tcp-syn,1
1970/01/01 13:18:00,tcp-syn,4
1970/01/01 13:18:04,tcp-syn,1
1970/01/01 13:18:06,tcp-syn,1
1970/01/01 13:18:12,tcp-syn,2
1970/01/01 13:18:13,tcp-syn,1
1970/01/01 13:18:16,tcp-syn,1
1970/01/01 13:18:16,udp,2
1970/01/01 13:18:19,tcp-syn,1
1970/01/01 13:18:20,tcp-syn,1
1970/01/01 13:18:37,tcp-syn,1
1970/01/01 13:18:53,tcp-syn,2
1970/01/01 13:19:01,tcp-syn,1
1970/01/01 13:19:02,tcp-syn,1
1970/01/01 13:19:11,tcp-syn,2
1970/01/01 13:19:12,tcp-syn,1
1970/01/01 13:19:14,tcp-syn,2
1970/01/01 13:19:23,tcp-syn,2
1970/01/01 13:19:26,tcp-syn,1
1970/01/01 13:19:30,tcp-syn,1
1970/01/01 13:19:33,tcp-syn,1
1970/01/01 13:19:37,tcp-syn,2
1970/01/01 13:19:38,tcp-syn,1
1970/01/01 13:19:41,tcp-syn,1
1970/01/01 13:19:43,tcp-syn,2
1970/01/01 13:19:45,udp,1
1970/01/01 13:19:48,udp,2
1970/01/01 13:19:56,tcp-syn,1
1970/01/01 13:20:04,icmp,1
1970/01/01 13:20:06,tcp-syn,1
1970/01/01 13:20:10,tcp-syn,1
1970/01/01 13:20:20,tcp-syn,5
1970/01/01 13:20:21,tcp-syn,2
1970/01/01 13:20:22,tcp-syn,2
1970/01/01 13:20:26,tcp-syn,1
1970/01/01 13:20:27,tcp-syn,1
1970/01/01 13:20:28,udp,2
1970/01/01 13:20:30,tcp-syn,2
1970/01/01 13:20:34,tcp-syn,1
1970/01/01 13:20:36,tcp-syn,1
1970/01/01 13:20:41,tcp-syn,1
1970/01/01 13:20:47,tcp-syn,1
1970/01/01 13:20:56,udp,1
1970/01/01 13:20:59,tcp-syn,1
1970/01/01 13:21:08,tcp-syn,2
1970/01/01 13:21:13,udp,1
1970/01/01 13:21:15,tcp-syn,1
1970/01/01 13:21:16,tcp-syn,1
1970/01/01 13:21:22,tcp-syn,1
1970/01/01 13:21:42,tcp-syn,1
1970/01/01 13:21:42,udp,1
1970/01/01 13:21:50,tcp-syn,1
1970/01/01 13:21:55,tcp-syn,2
1970/01/01 13:22:06,tcp-syn,1
1970/01/01 13:22:08,tcp-syn,1
1970/01/01 13:22:19,tcp-syn,1
1970/01/01 13:22:26,tcp-syn,1
1970/01/01 13:22:28,tcp-syn,2
1970/01/01 13:22:33,udp,2
1970/01/01 13:22:40,tcp-syn,1
1970/01/01 13:22:45,udp,1
1970/01/01 13:22:46,tcp-syn,1
1970/01/01 13:22:49,tcp-syn,1
1970/01/01 13:22:55,tcp-syn,2
1970/01/01 13:22:56,udp,1
1970/01/01 13:23:00,tcp-syn,1
1970/01/01 13:23:03,tcp-syn,2
1970/01/01 13:23:09,tcp-syn,1
1970/01/01 13:23:14,tcp-syn,1
1970/01/01 13:23:17,tcp-syn,1
1970/01/01 13:23:21,udp,1
1970/01/01 13:23:23,tcp-syn,2
1970/01/01 13:23:26,tcp-syn,1
1970/01/01 13:23:35,tcp-syn,2
1970/01/01 13:23:40,udp,1
1970/01/01 13:23:42,tcp-syn,4
1970/01/01 13:23:44,tcp-syn,1
1970/01/01 13:23:50,tcp-syn,1
1970/01/01 13:23:55,tcp-syn,1
1970/01/01 13:24:03,tcp-syn,1
1970/01/01 13:24:07,tcp-syn,2
1970/01/01 13:24:10,udp,1
1970/01/01 13:24:13,tcp-syn,1
1970/01/01 13:24:24,tcp-syn,1
1970/01/01 13:24:27,tcp-syn,2
1970/01/01 13:24:32,udp,1
1970/01/01 13:24:37,tcp-syn,1
1970/01/01 13:24:39,tcp-syn,1
1970/01/01 13:24:45,tcp-syn,1
1970/01/01 13:24:46,tcp-syn,2
1970/01/01 13:24:50,udp,1
1970/01/01 13:25:03,tcp-syn,1
1970/01/01 13:25:13,tcp-syn,2
1970/01/01 13:25:17,tcp-syn,3
1970/01/01 13:25:22,tcp-syn,2
1970/01/01 13:25:25,tcp-syn,1
1970/01/01 13:25:25,icmp,1
1970/01/01 13:25:31,udp,3
1970/01/01 13:25:37,icmp,1
1970/01/01 13:25:39,tcp-syn,2
1970/01/01 13:25:43,tcp-syn,2
1970/01/01 13:25:47,tcp-syn,1
1970/01/01 13:26:01,tcp-syn,2
1970/01/01 13:26:03,tcp-syn,2
1970/01/01 13:26:09,tcp-syn,1
1970/01/01 13:26:10,tcp-syn,1
1970/01/01 13:26:14,tcp-syn,1
1970/01/01 13:26:33,tcp-syn,2
1970/01/01 13:26:34,tcp-syn,1
1970/01/01 13:26:36,tcp-syn,1
1970/01/01 13:26:37,tcp-syn,1
1970/01/01 13:26:38,tcp-syn,2
1970/01/01 13:26:48,tcp-syn,2
1970/01/01 13:26:51,tcp-syn,1
1970/01/01 13:26:57,tcp-syn,1
1970/01/01 13:27:00,tcp-syn,1
1970/01/01 13:27:05,tcp-syn,1
1970/01/01 13:27:13,tcp-syn,1
1970/01/01 13:27:14,tcp-syn,1
1970/01/01 13:27:18,tcp-syn,2
1970/01/01 13:27:21,tcp-syn,2
1970/01/01 13:27:22,tcp-syn,2
1970/01/01 13:27:24,tcp-syn,1
1970/01/01 13:27:25,tcp-syn,2
1970/01/01 13:27:25,udp,1
1970/01/01 13:27:30,tcp-syn,1
1970/01/01 13:27:32,tcp-syn,1
1970/01/01 13:27:33,tcp-syn,1
1970/01/01 13:27:38,tcp-syn,2
1970/01/01 13:27:39,tcp-syn,2
1970/01/01 13:27:40,tcp-syn,1
1970/01/01 13:27:51,tcp-syn,1
1970/01/01 13:27:55,udp,4
1970/01/01 13:27:57,tcp-syn,1
1970/01/01 13:28:00,tcp-syn,2
1970/01/01 13:28:04,tcp-syn,2
1970/01/01 13:28:06,tcp-syn,2
1970/01/01 13:28:16,tcp-syn,1
1970/01/01 13:28:18,udp,1
1970/01/01 13:28:30,tcp-syn,1
1970/01/01 13:28:45,tcp-syn,1
1970/01/01 13:28:47,tcp-syn,1
1970/01/01 13:28:48,tcp-syn,2
1970/01/01 13:28:50,tcp-syn,1
1970/01/01 13:28:51,tcp-syn,1
1970/01/01 13:28:57,udp,1
1970/01/01 13:29:01,tcp-syn,1
1970/01/01 13:29:01,udp,1
1970/01/01 13:29:02,tcp-syn,1
1970/01/01 13:29:10,tcp-syn,1
1970/01/01 13:29:17,tcp-syn,1
1970/01/01 13:29:28,tcp-syn,1
1970/01/01 13:29:31,tcp-syn,2
1970/01/01 13:29:32,tcp-syn,2
1970/01/01 13:29:39,tcp-syn,1
1970/01/01 13:29:41,tcp-syn,1
1970/01/01 13:29:41,udp,1
1970/01/01 13:29:44,tcp-syn,1
1970/01/01 13:29:48,tcp-syn,2
1970/01/01 13:29:51,tcp-syn,1
1970/01/01 13:29:53,tcp-syn,2
1970/01/01 13:29:56,tcp-syn,5
1970/01/01 13:30:00,tcp-syn,2
1970/01/01 13:30:08,tcp-syn,1
1970/01/01 13:30:12,tcp-syn,1
1970/01/01 13:30:13,tcp-syn,2
1970/01/01 13:30:15,tcp-syn,2
1970/01/01 13:30:18,tcp-syn,2
1970/01/01 13:30:21,tcp-syn,1
1970/01/01 13:30:24,tcp-syn,2
1970/01/01 13:30:30,tcp-syn,1
1970/01/01 13:30:52,tcp-syn,4
1970/01/01 13:30:56,tcp-syn,2
1970/01/01 13:31:01,tcp-syn,5
1970/01/01 13:31:01,icmp,1
1970/01/01 13:31:09,udp,1
1970/01/01 13:31:13,tcp-syn,2
1970/01/01 13:31:18,tcp-syn,5
1970/01/01 13:31:24,tcp-syn,2
1970/01/01 13:31:28,tcp-syn,2
1970/01/01 13:31:29,tcp-syn,1
1970/01/01 13:31:38,tcp-syn,4
1970/01/01 13:31:44,tcp-syn,1
1970/01/01 13:31:49,tcp-syn,1
1970/01/01 13:31:54,tcp-syn,5
1970/01/01 13:31:58,tcp-syn,1
1970/01/01 13:31:59,udp,1
1970/01/01 13:32:04,tcp-syn,4
1970/01/01 13:32:06,tcp-syn,1
1970/01/01 13:32:07,icmp,2
1970/01/01 13:32:19,udp,2
1970/01/01 13:32:23,tcp-syn,1
1970/01/01 13:32:30,tcp-syn,1
1970/01/01 13:32:33,udp,1
1970/01/01 13:32:34,tcp-syn,1
1970/01/01 13:32:40,tcp-syn,2
1970/01/01 13:32:42,tcp-syn,1
1970/01/01 13:32:54,tcp-syn,1
1970/01/01 13:32:55,tcp-syn,2
1970/01/01 13:32:59,tcp-syn,2
1970/01/01 13:33:01,tcp-syn,1
1970/01/01 13:33:09,tcp-syn,1
1970/01/01 13:33:16,tcp-syn,1
1970/01/01 13:33:17,tcp-syn,1
1970/01/01 13:33:24,tcp-syn,1
1970/01/01 13:33:25,tcp-syn,1
1970/01/01 13:33:34,tcp-syn,1
1970/01/01 13:33:41,tcp-syn,2
1970/01/01 13:33:47,tcp-syn,1
1970/01/01 13:33:51,udp,1
1970/01/01 13:33:57,tcp-syn,1
1970/01/01 13:34:01,tcp-syn,1
1970/01/01 13:34:02,tcp-syn,1
1970/01/01 13:34:05,tcp-syn,2
1970/01/01 13:34:06,tcp-syn,1
1970/01/01 13:34:09,tcp-syn,2
1970/01/01 13:34:17,tcp-syn,1
1970/01/01 13:34:18,tcp-syn,2
1970/01/01 13:34:27,tcp-syn,2
1970/01/01 13:34:30,tcp-syn,1
1970/01/01 13:34:33,tcp-syn,1
1970/01/01 13:34:35,icmp,1
1970/01/01 13:34:54,tcp-syn,1
1970/01/01 13:34:55,tcp-syn,2
1970/01/01 13:34:59,tcp-syn,2
1970/01/01 13:35:04,tcp-syn,2
1970/01/01 13:35:07,tcp-syn,1
1970/01/01 13:35:17,tcp-syn,2
1970/01/01 13:35:19,tcp-syn,1
1970/01/01 13:35:29,tcp-syn,1
1970/01/01 13:35:31,tcp-syn,1
1970/01/01 13:35:32,tcp-syn,2
1970/01/01 13:35:35,tcp-syn,2
1970/01/01 13:35:39,udp,1
1970/01/01 13:35:41,tcp-syn,2
1970/01/01 13:35:43,tcp-syn,1
1970/01/01 13:36:05,tcp-syn,1
1970/01/01 13:36:10,tcp-syn,2
1970/01/01 13:36:20,tcp-syn,2
1970/01/01 13:36:26,tcp-syn,2
1970/01/01 13:36:27,tcp-syn,2
1970/01/01 13:36:28,tcp-syn,2
1970/01/01 13:36:37,tcp-syn,1
1970/01/01 13:36:37,udp,2
1970/01/01 13:36:39,tcp-syn,1
1970/01/01 13:36:43,tcp-syn,1
1970/01/01 13:36:48,tcp-syn,1
1970/01/01 13:37:00,tcp-syn,1
1970/01/01 13:37:04,tcp-syn,1
1970/01/01 13:37:06,tcp-syn,2
1970/01/01 13:37:09,tcp-syn,2
1970/01/01 13:37:12,tcp-syn,5
1970/01/01 13:37:24,udp,1
1970/01/01 13:37:41,tcp-syn,1
1970/01/01 13:37:49,icmp,3
1970/01/01 13:38:11,icmp,1
1970/01/01 13:38:30,tcp-syn,2
1970/01/01 13:38:36,udp,4
1970/01/01 13:38:40,tcp-syn,1
1970/01/01 13:38:41,tcp-syn,1
1970/01/01 13:38:49,tcp-syn,1
1970/01/01 13:38:54,udp,1
1970/01/01 13:38:55,tcp-syn,2
1970/01/01 13:38:59,tcp-syn,1
1970/01/01 13:39:11,tcp-syn,1
1970/01/01 13:39:28,tcp-syn,2
1970/01/01 13:39:34,tcp-syn,1
1970/01/01 13:39:39,tcp-syn,1
1970/01/01 13:39:40,tcp-syn,1
1970/01/01 13:39:43,udp,1
1970/01/01 13:39:49,tcp-syn,2
1970/01/01 13:39:54,tcp-syn,2
1970/01/01 13:40:08,tcp-syn,1
1970/01/01 13:40:10,tcp-syn,1
1970/01/01 13:40:15,tcp-syn,2
1970/01/01 13:40:18,tcp-syn,1
1970/01/01 13:40:22,tcp-syn,1
1970/01/01 13:40:26,tcp-syn,1
1970/01/01 13:40:28,tcp-syn,1
1970/01/01 13:40:29,udp,2
1970/01/01 13:40:38,tcp-syn,1
1970/01/01 13:40:45,tcp-syn,1
1970/01/01 13:40:49,tcp-syn,1
1970/01/01 13:40:51,udp,1
1970/01/01 13:40:56,tcp-syn,1
1970/01/01 13:40:57,tcp-syn,2
1970/01/01 13:40:58,tcp-syn,1
1970/01/01 13:41:01,tcp-syn,5
1970/01/01 13:41:02,tcp-syn,1
1970/01/01 13:41:05,tcp-syn,1
1970/01/01 13:41:08,tcp-syn,1
1970/01/01 13:41:09,tcp-syn,2
1970/01/01 13:41:14,tcp-syn,1
1970/01/01 13:41:15,tcp-syn,1
1970/01/01 13:41:17,udp,1
1970/01/01 13:41:20,tcp-syn,1
1970/01/01 13:41:24,tcp-syn,1
1970/01/01 13:41:34,tcp-syn,2
1970/01/01 13:41:38,tcp-syn,1
1970/01/01 13:41:44,tcp-syn,1
1970/01/01 13:41:46,tcp-syn,1
1970/01/01 13:41:48,tcp-syn,1
1970/01/01 13:41:49,tcp-syn,1
1970/01/01 13:42:06,tcp-syn,1
1970/01/01 13:42:10,tcp-syn,1
1970/01/01 13:42:19,tcp-syn,1
1970/01/01 13:42:27,tcp-syn,2
1970/01/01 13:42:47,tcp-syn,1
1970/01/01 13:42:50,tcp-syn,2
1970/01/01 13:42:57,tcp-syn,1
1970/01/01 13:42:57,udp,5
1970/01/01 13:42:58,tcp-syn,1
1970/01/01 13:43:14,tcp-syn,1
1970/01/01 13:43:20,tcp-syn,1
1970/01/01 13:43:26,tcp-syn,1
1970/01/01 13:43:27,icmp,3
1970/01/01 13:43:31,tcp-syn,2
1970/01/01 13:43:34,tcp-syn,2
1970/01/01 13:43:40,tcp-syn,4
1970/01/01 13:43:40,udp,2
1970/01/01 13:43:59,tcp-syn,1
1970/01/01 13:44:12,tcp-syn,1
1970/01/01 13:44:24,tcp-syn,2
1970/01/01 13:44:33,udp,1
1970/01/01 13:44:41,tcp-syn,2
1970/01/01 13:44:48,udp,2
1970/01/01 13:44:49,tcp-syn,1
1970/01/01 13:44:55,tcp-syn,5
1970/01/01 13:44:56,tcp-syn,2
1970/01/01 13:44:56,udp,2
1970/01/01 13:44:58,tcp-syn,2
1970/01/01 13:45:09,tcp-syn,2
1970/01/01 13:45:11,tcp-syn,1
1970/01/01 13:45:12,tcp-syn,1
1970/01/01 13:45:14,tcp-syn,5
1970/01/01 13:45:18,udp,1
1970/01/01 13:45:23,tcp-syn,1
1970/01/01 13:45:26,tcp-syn,1
1970/01/01 13:45:31,tcp-syn,1
1970/01/01 13:45:41,tcp-syn,2
1970/01/01 13:45:46,tcp-syn,1
1970/01/01 13:45:48,tcp-syn,2
1970/01/01 13:45:49,tcp-syn,2
1970/01/01 13:45:52,tcp-syn,2
1970/01/01 13:45:57,tcp-syn,1
1970/01/01 13:46:02,tcp-syn,1
1970/01/01 13:46:04,tcp-syn,2
1970/01/01 13:46:11,tcp-syn,1
1970/01/01 13:46:13,tcp-syn,1
1970/01/01 13:46:15,tcp-syn,1
1970/01/01 13:46:16,tcp-syn,2
1970/01/01 13:46:22,tcp-syn,1
1970/01/01 13:46:31,udp,1
1970/01/01 13:46:34,tcp-syn,1
1970/01/01 13:46:35,tcp-syn,2
1970/01/01 13:46:36,tcp-syn,1
1970/01/01 13:46:38,tcp-syn,1
1970/01/01 13:46:42,tcp-syn,1
1970/01/01 13:46:43,tcp-syn,3
1970/01/01 13:46:45,tcp-syn,2
1970/01/01 13:46:56,udp,1
1970/01/01 13:46:59,tcp-syn,1
1970/01/01 13:47:10,tcp-syn,1
1970/01/01 13:47:11,tcp-syn,1
1970/01/01 13:47:12,tcp-syn,1
1970/01/01 13:47:17,tcp-syn,1
1970/01/01 13:47:26,tcp-syn,1
1970/01/01 13:47:39,udp,2
1970/01/01 13:47:42,tcp-syn,2
1970/01/01 13:47:49,tcp-syn,1
1970/01/01 13:47:52,tcp-syn,1
1970/01/01 13:47:52,udp,1
1970/01/01 13:47:55,tcp-syn,1
1970/01/01 13:47:57,tcp-syn,2
1970/01/01 13:48:00,tcp-syn,1
1970/01/01 13:48:03,tcp-syn,1
1970/01/01 13:48:05,tcp-syn,1
1970/01/01 13:48:11,udp,4
1970/01/01 13:48:13,udp,1
1970/01/01 13:48:18,tcp-syn,1
1970/01/01 13:48:21,tcp-syn,1
1970/01/01 13:48:35,tcp-syn,1
1970/01/01 13:48:59,tcp-syn,2
1970/01/01 13:49:03,tcp-syn,3
1970/01/01 13:49:08,tcp-syn,1
1970/01/01 13:49:10,udp,1
1970/01/01 13:49:12,tcp-syn,1
1970/01/01 13:49:20,tcp-syn,1
1970/01/01 13:49:22,udp,1
1970/01/01 13:49:25,udp,1
1970/01/01 13:49:32,tcp-syn,2
1970/01/01 13:49:37,tcp-syn,1
1970/01/01 13:49:39,tcp-syn,1
1970/01/01 13:49:47,tcp-syn,1
1970/01/01 13:49:49,tcp-syn,1
1970/01/01 13:49:55,tcp-syn,2
1970/01/01 13:50:00,tcp-syn,1
1970/01/01 13:50:06,tcp-syn,2
1970/01/01 13:50:12,tcp-syn,2
1970/01/01 13:50:24,tcp-syn,1
1970/01/01 13:50:40,tcp-syn,1
1970/01/01 13:50:42,tcp-syn,1
1970/01/01 13:50:43,tcp-syn,1
1970/01/01 13:50:51,tcp-syn,2
1970/01/01 13:50:53,tcp-syn,1
1970/01/01 13:51:13,tcp-syn,1
1970/01/01 13:51:17,udp,1
1970/01/01 13:51:18,tcp-syn,1
1970/01/01 13:51:20,tcp-syn,4
1970/01/01 13:51:23,tcp-syn,1
1970/01/01 13:51:26,tcp-syn,2
1970/01/01 13:51:32,tcp-syn,2
1970/01/01 13:51:37,tcp-syn,1
1970/01/01 13:51:55,udp,1
1970/01/01 13:52:03,tcp-syn,2
1970/01/01 13:52:07,tcp-syn,1
1970/01/01 13:52:09,tcp-syn,3
1970/01/01 13:52:13,tcp-syn,2
1970/01/01 13:52:15,tcp-syn,3
1970/01/01 13:52:31,udp,1
1970/01/01 13:52:39,tcp-syn,1
1970/01/01 13:52:44,tcp-syn,1
1970/01/01 13:52:45,tcp-syn,2
1970/01/01 13:52:46,tcp-syn,2
1970/01/01 13:52:53,tcp-syn,1
1970/01/01 13:52:53,udp,2
1970/01/01 13:53:10,tcp-syn,2
1970/01/01 13:53:15,tcp-syn,1
1970/01/01 13:53:16,tcp-syn,1
1970/01/01 13:53:18,udp,1
1970/01/01 13:53:24,tcp-syn,1
1970/01/01 13:53:25,udp,1
1970/01/01 13:53:27,tcp-syn,1
1970/01/01 13:53:37,tcp-syn,2
1970/01/01 13:53:42,tcp-syn,1
1970/01/01 13:53:43,udp,2
1970/01/01 13:53:54,udp,2
1970/01/01 13:53:55,tcp-syn,1
1970/01/01 13:54:04,tcp-syn,1
1970/01/01 13:54:06,tcp-syn,1
1970/01/01 13:54:07,tcp-syn,1
1970/01/01 13:54:12,tcp-syn,1
1970/01/01 13:54:23,tcp-syn,1
1970/01/01 13:54:26,tcp-syn,4
1970/01/01 13:54:29,tcp-syn,1
1970/01/01 13:54:37,tcp-syn,1
1970/01/01 13:54:45,tcp-syn,2
1970/01/01 13:54:46,udp,6
1970/01/01 13:54:49,tcp-syn,1
1970/01/01 13:54:50,tcp-syn,1
1970/01/01 13:54:56,tcp-syn,2
1970/01/01 13:54:59,tcp-syn,1
1970/01/01 13:55:07,tcp-syn,3
1970/01/01 13:55:16,tcp-syn,2
1970/01/01 13:55:21,tcp-syn,3
1970/01/01 13:55:23,tcp-syn,1
1970/01/01 13:55:24,udp,1
1970/01/01 13:55:34,tcp-syn,1
1970/01/01 13:55:53,tcp-syn,1
1970/01/01 13:55:56,tcp-syn,2
1970/01/01 13:55:58,tcp-syn,1
1970/01/01 13:55:58,udp,1
1970/01/01 13:56:18,tcp-syn,1
1970/01/01 13:56:23,tcp-syn,1
1970/01/01 13:56:38,tcp-syn,2
1970/01/01 13:56:47,tcp-syn,2
1970/01/01 13:57:13,tcp-syn,1
1970/01/01 13:57:20,tcp-syn,1
1970/01/01 13:57:22,tcp-syn,1
1970/01/01 13:57:28,tcp-syn,2
1970/01/01 13:57:33,tcp-syn,1
1970/01/01 13:57:38,tcp-syn,4
1970/01/01 13:57:41,tcp-syn,2
1970/01/01 13:57:47,tcp-syn,2
1970/01/01 13:57:48,tcp-syn,1
1970/01/01 13:57:53,tcp-syn,1
1970/01/01 13:57:53,udp,1
1970/01/01 13:57:54,tcp-syn,1
1970/01/01 13:57:55,tcp-syn,2
1970/01/01 13:57:57,tcp-syn,1
1970/01/01 13:58:09,tcp-syn,1
1970/01/01 13:58:10,tcp-syn,2
1970/01/01 13:58:11,tcp-syn,1
1970/01/01 13:58:12,tcp-syn,2
1970/01/01 13:58:14,tcp-syn,2
1970/01/01 13:58:19,tcp-syn,1
1970/01/01 13:58:23,tcp-syn,2
1970/01/01 13:58:29,tcp-syn,4
1970/01/01 13:58:31,tcp-syn,1
1970/01/01 13:58:35,tcp-syn,2
1970/01/01 13:58:38,tcp-syn,2
1970/01/01 13:58:40,tcp-syn,1
1970/01/01 13:58:56,tcp-syn,1
1970/01/01 13:58:57,tcp-syn,5
1970/01/01 13:59:03,tcp-syn,1
1970/01/01 13:59:06,tcp-syn,1
1970/01/01 13:59:12,udp,6
1970/01/01 13:59:18,tcp-syn,1
1970/01/01 13:59:24,tcp-syn,2
1970/01/01 13:59:26,tcp-syn,1
1970/01/01 13:59:31,tcp-syn,5
1970/01/01 13:59:43,tcp-syn,1
1970/01/01 13:59:48,tcp-syn,2
1970/01/01 13:59:53,tcp-syn,2
1970/01/01 14:00:05,tcp-syn,2
1970/01/01 14:00:10,udp,1
1970/01/01 14:00:13,tcp-syn,2
1970/01/01 14:00:19,tcp-syn,2
1970/01/01 14:00:23,tcp-syn,2
1970/01/01 14:00:30,tcp-syn,2
1970/01/01 14:00:31,tcp-syn,2
1970/01/01 14:00:36,tcp-syn,2
1970/01/01 14:00:39,tcp-syn,1
1970/01/01 14:00:46,udp,2
1970/01/01 14:00:47,tcp-syn,2
1970/01/01 14:00:52,tcp-syn,1
1970/01/01 14:00:57,tcp-syn,2
1970/01/01 14:01:05,tcp-syn,2
1970/01/01 14:01:10,tcp-syn,1
1970/01/01 14:01:16,tcp-syn,2
1970/01/01 14:01:18,tcp-syn,2
1970/01/01 14:01:30,tcp-syn,2
1970/01/01 14:01:31,tcp-syn,3
1970/01/01 14:01:50,tcp-syn,1
1970/01/01 14:01:52,tcp-syn,1
1970/01/01 14:01:53,tcp-syn,1
1970/01/01 14:01:56,tcp-syn,1
1970/01/01 14:02:00,tcp-syn,1
1970/01/01 14:02:01,tcp-syn,2
1970/01/01 14:02:02,udp,1
1970/01/01 14:02:04,tcp-syn,1
1970/01/01 14:02:09,tcp-syn,2
1970/01/01 14:02:13,tcp-syn,1
1970/01/01 14:02:14,tcp-syn,2
1970/01/01 14:02:16,tcp-syn,1
1970/01/01 14:02:29,tcp-syn,1
1970/01/01 14:02:30,tcp-syn,5
1970/01/01 14:02:44,tcp-syn,2
1970/01/01 14:02:49,tcp-syn,3
1970/01/01 14:02:52,tcp-syn,1
1970/01/01 14:02:58,tcp-syn,2
1970/01/01 14:02:59,tcp-syn,2
1970/01/01 14:03:02,tcp-syn,1
1970/01/01 14:03:07,tcp-syn,2
1970/01/01 14:03:08,tcp-syn,3
1970/01/01 14:03:10,tcp-syn,1
1970/01/01 14:03:12,tcp-syn,2
1970/01/01 14:03:14,tcp-syn,4
1970/01/01 14:03:19,tcp-syn,1
1970/01/01 14:03:25,tcp-syn,1
1970/01/01 14:03:29,tcp-syn,1
1970/01/01 14:03:32,tcp-syn,1
1970/01/01 14:03:35,tcp-syn,1
1970/01/01 14:03:46,tcp-syn,1
1970/01/01 14:03:47,tcp-syn,2
1970/01/01 14:03:58,tcp-syn,1
1970/01/01 14:04:01,tcp-syn,3
1970/01/01 14:04:02,tcp-syn,2
1970/01/01 14:04:09,tcp-syn,1
1970/01/01 14:04:13,tcp-syn,1
1970/01/01 14:04:14,tcp-syn,2
1970/01/01 14:04:25,tcp-syn,4
1970/01/01 14:04:31,tcp-syn,1
1970/01/01 14:04:51,tcp-syn,1
1970/01/01 14:04:55,tcp-syn,1
1970/01/01 14:05:10,udp,1
1970/01/01 14:05:13,tcp-syn,1
1970/01/01 14:05:15,tcp-syn,1
1970/01/01 14:05:18,tcp-syn,1
1970/01/01 14:05:21,tcp-syn,1
1970/01/01 14:05:22,tcp-syn,2
1970/01/01 14:05:26,udp,2
1970/01/01 14:05:29,udp,2
1970/01/01 14:05:35,tcp-syn,1
1970/01/01 14:05:49,tcp-syn,1
1970/01/01 14:06:00,tcp-syn,1
1970/01/01 14:06:01,tcp-syn,1
1970/01/01 14:06:12,tcp-syn,1
1970/01/01 14:06:20,tcp-syn,5
1970/01/01 14:06:42,tcp-syn,1
1970/01/01 14:06:47,tcp-syn,1
1970/01/01 14:06:49,tcp-syn,1
1970/01/01 14:06:59,tcp-syn,1
1970/01/01 14:07:07,tcp-syn,1
1970/01/01 14:07:16,tcp-syn,1
1970/01/01 14:07:21,tcp-syn,1
1970/01/01 14:07:22,udp,1
1970/01/01 14:07:23,tcp-syn,2
1970/01/01 14:07:46,tcp-syn,1
1970/01/01 14:07:52,tcp-syn,1
1970/01/01 14:07:54,tcp-syn,2
1970/01/01 14:07:58,tcp-syn,1
1970/01/01 14:07:59,tcp-syn,1
1970/01/01 14:08:09,tcp-syn,4
1970/01/01 14:08:24,tcp-syn,2
1970/01/01 14:08:25,tcp-syn,1
1970/01/01 14:08:25,icmp,1
1970/01/01 14:08:26,tcp-syn,1
1970/01/01 14:08:29,tcp-syn,2
1970/01/01 14:08:30,tcp-syn,1
1970/01/01 14:08:37,tcp-syn,5
1970/01/01 14:08:42,tcp-syn,1
1970/01/01 14:08:43,tcp-syn,1
1970/01/01 14:08:44,tcp-syn,4
1970/01/01 14:08:48,tcp-syn,1
1970/01/01 14:08:49,tcp-syn,1
1970/01/01 14:08:52,tcp-syn,1
1970/01/01 14:08:57,tcp-syn,1
1970/01/01 14:08:58,udp,2
1970/01/01 14:08:59,tcp-syn,2
1970/01/01 14:09:02,tcp-syn,1
1970/01/01 14:09:07,tcp-syn,1
1970/01/01 14:09:14,tcp-syn,2
1970/01/01 14:09:15,tcp-syn,20
1970/01/01 14:09:20,tcp-syn,1
1970/01/01 14:09:27,tcp-syn,1
1970/01/01 14:09:29,tcp-syn,1
1970/01/01 14:09:31,tcp-syn,2
1970/01/01 14:09:34,udp,1
1970/01/01 14:09:38,tcp-syn,2
1970/01/01 14:09:41,udp,1
1970/01/01 14:09:56,udp,1
1970/01/01 14:10:02,tcp-syn,1
1970/01/01 14:10:02,udp,4
1970/01/01 14:10:04,udp,2
1970/01/01 14:10:12,udp,6
1970/01/01 14:10:16,tcp-syn,1
1970/01/01 14:10:25,tcp-syn,1
1970/01/01 14:10:26,tcp-syn,2
1970/01/01 14:10:28,tcp-syn,2
1970/01/01 14:10:30,tcp-syn,1
1970/01/01 14:10:33,tcp-syn,1
1970/01/01 14:10:34,tcp-syn,1
1970/01/01 14:10:39,tcp-syn,2
1970/01/01 14:10:43,tcp-syn,1
1970/01/01 14:10:47,tcp-syn,1
1970/01/01 14:10:56,udp,1
1970/01/01 14:10:57,udp,2
1970/01/01 14:11:03,icmp,1
1970/01/01 14:11:06,tcp-syn,1
1970/01/01 14:11:08,tcp-syn,2
1970/01/01 14:11:16,tcp-syn,1
1970/01/01 14:11:18,tcp-syn,1
1970/01/01 14:11:30,tcp-syn,1
1970/01/01 14:11:33,tcp-syn,1
1970/01/01 14:11:34,tcp-syn,1
1970/01/01 14:11:35,tcp-syn,1
1970/01/01 14:11:44,tcp-syn,2
1970/01/01 14:12:00,tcp-syn,2
1970/01/01 14:12:05,tcp-syn,1
1970/01/01 14:12:12,tcp-syn,2
1970/01/01 14:12:15,tcp-syn,2
1970/01/01 14:12:22,udp,1
1970/01/01 14:12:25,tcp-syn,1
1970/01/01 14:12:26,tcp-syn,1
1970/01/01 14:12:36,tcp-syn,1
1970/01/01 14:12:39,tcp-syn,1
1970/01/01 14:12:40,tcp-syn,1
1970/01/01 14:12:59,tcp-syn,1
1970/01/01 14:13:02,tcp-syn,1
1970/01/01 14:13:03,tcp-syn,1
1970/01/01 14:13:05,tcp-syn,1
1970/01/01 14:13:08,tcp-syn,1
1970/01/01 14:13:12,tcp-syn,1
1970/01/01 14:13:27,tcp-syn,1
1970/01/01 14:13:31,tcp-syn,1
1970/01/01 14:13:47,tcp-syn,1
1970/01/01 14:13:48,tcp-syn,4
1970/01/01 14:13:50,tcp-syn,1
1970/01/01 14:13:51,tcp-syn,2
1970/01/01 14:13:52,tcp-syn,2
1970/01/01 14:14:05,tcp-syn,1
1970/01/01 14:14:07,udp,1
1970/01/01 14:14:09,tcp-syn,1
1970/01/01 14:14:10,tcp-syn,1
1970/01/01 14:14:16,udp,1
1970/01/01 14:14:19,tcp-syn,1
1970/01/01 14:14:24,tcp-syn,2
1970/01/01 14:14:24,udp,1
1970/01/01 14:14:29,tcp-syn,1
1970/01/01 14:14:33,tcp-syn,1
1970/01/01 14:14:37,tcp-syn,1
1970/01/01 14:14:38,tcp-syn,2
1970/01/01 14:14:41,icmp,1
1970/01/01 14:14:45,tcp-syn,5
1970/01/01 14:14:46,tcp-syn,1
1970/01/01 14:14:50,tcp-syn,1
1970/01/01 14:14:50,udp,1
1970/01/01 14:14:58,udp,1
1970/01/01 14:15:03,tcp-syn,4
1970/01/01 14:15:07,tcp-syn,1
1970/01/01 14:15:10,tcp-syn,2
1970/01/01 14:15:14,tcp-syn,1
1970/01/01 14:15:17,tcp-syn,2
1970/01/01 14:15:21,tcp-syn,1
1970/01/01 14:15:22,tcp-syn,1
1970/01/01 14:15:30,tcp-syn,1
1970/01/01 14:15:31,tcp-syn,1
1970/01/01 14:15:34,tcp-syn,1
1970/01/01 14:15:40,tcp-syn,1
1970/01/01 14:15:52,tcp-syn,5
1970/01/01 14:15:57,tcp-syn,2
1970/01/01 14:16:02,tcp-syn,1
1970/01/01 14:16:03,tcp-syn,2
1970/01/01 14:16:04,tcp-syn,1
1970/01/01 14:16:05,tcp-syn,2
1970/01/01 14:16:09,tcp-syn,1
1970/01/01 14:16:14,tcp-syn,1
1970/01/01 14:16:18,tcp-syn,1
1970/01/01 14:16:22,tcp-syn,2
1970/01/01 14:16:26,tcp-syn,1
1970/01/01 14:16:32,tcp-syn,1
1970/01/01 14:16:34,tcp-syn,2
1970/01/01 14:16:36,tcp-syn,1
1970/01/01 14:16:40,tcp-syn,1
1970/01/01 14:16:42,tcp-syn,1
1970/01/01 14:17:06,tcp-syn,1
1970/01/01 14:17:07,tcp-syn,2
1970/01/01 14:17:13,tcp-syn,1
1970/01/01 14:17:18,tcp-syn,1
1970/01/01 14:17:25,tcp-syn,2
1970/01/01 14:17:43,tcp-syn,2
1970/01/01 14:17:44,tcp-syn,1
1970/01/01 14:17:48,tcp-syn,5
1970/01/01 14:17:54,tcp-syn,1
1970/01/01 14:17:55,tcp-syn,2
1970/01/01 14:18:06,tcp-syn,2
1970/01/01 14:18:15,tcp-syn,2
1970/01/01 14:18:25,tcp-syn,2
1970/01/01 14:18:34,tcp-syn,2
1970/01/01 14:18:36,tcp-syn,2
1970/01/01 14:18:41,tcp-syn,1
1970/01/01 14:18:45,tcp-syn,4
1970/01/01 14:18:46,tcp-syn,2
1970/01/01 14:18:54,tcp-syn,3
1970/01/01 14:18:57,icmp,1
1970/01/01 14:18:58,tcp-syn,1
1970/01/01 14:19:06,tcp-syn,1
1970/01/01 14:19:07,tcp-syn,1
1970/01/01 14:19:14,tcp-syn,5
1970/01/01 14:19:20,tcp-syn,5
1970/01/01 14:19:35,tcp-syn,1
1970/01/01 14:19:36,tcp-syn,1
1970/01/01 14:19:38,tcp-syn,1
1970/01/01 14:19:48,tcp-syn,1
1970/01/01 14:19:53,tcp-syn,3
1970/01/01 14:19:58,tcp-syn,2
1970/01/01 14:20:00,tcp-syn,1
1970/01/01 14:20:01,tcp-syn,1
1970/01/01 14:20:03,tcp-syn,1
1970/01/01 14:20:12,tcp-syn,1
1970/01/01 14:20:18,tcp-syn,2
1970/01/01 14:20:22,tcp-syn,1
1970/01/01 14:20:30,tcp-syn,1
1970/01/01 14:20:34,tcp-syn,1
1970/01/01 14:20:36,tcp-syn,1
1970/01/01 14:20:50,tcp-syn,1
1970/01/01 14:20:53,tcp-syn,5
1970/01/01 14:21:01,tcp-syn,1
1970/01/01 14:21:02,tcp-syn,1
1970/01/01 14:21:16,tcp-syn,1
1970/01/01 14:21:39,tcp-syn,1
1970/01/01 14:21:43,tcp-syn,2
1970/01/01 14:21:53,tcp-syn,2
1970/01/01 14:22:03,tcp-syn,1
1970/01/01 14:22:14,tcp-syn,1
1970/01/01 14:22:19,tcp-syn,2
1970/01/01 14:22:20,tcp-syn,1
1970/01/01 14:22:23,tcp-syn,2
1970/01/01 14:22:27,tcp-syn,1
1970/01/01 14:22:32,tcp-syn,2
1970/01/01 14:22:33,tcp-syn,1
1970/01/01 14:22:34,tcp-syn,1
1970/01/01 14:22:43,tcp-syn,1
1970/01/01 14:22:46,tcp-syn,1
1970/01/01 14:22:48,tcp-syn,2
1970/01/01 14:22:53,tcp-syn,2
1970/01/01 14:22:57,tcp-syn,1
1970/01/01 14:23:00,udp,1
1970/01/01 14:23:03,tcp-syn,1
1970/01/01 14:23:04,tcp-syn,1
1970/01/01 14:23:19,tcp-syn,2
1970/01/01 14:23:34,tcp-syn,1
1970/01/01 14:23:50,tcp-syn,2
1970/01/01 14:23:55,tcp-syn,2
1970/01/01 14:24:03,tcp-syn,1
1970/01/01 14:24:04,udp,1
1970/01/01 14:24:05,tcp-syn,1
1970/01/01 14:24:06,udp,1
1970/01/01 14:24:22,tcp-syn,2
1970/01/01 14:24:24,tcp-syn,1
1970/01/01 14:24:32,tcp-syn,2
1970/01/01 14:24:33,tcp-syn,1
1970/01/01 14:24:42,tcp-syn,1
1970/01/01 14:24:54,tcp-syn,1
1970/01/01 14:25:01,tcp-syn,2
1970/01/01 14:25:11,tcp-syn,1
1970/01/01 14:25:13,tcp-syn,2
1970/01/01 14:25:15,tcp-syn,1
1970/01/01 14:25:17,tcp-syn,1
1970/01/01 14:25:27,tcp-syn,2
1970/01/01 14:25:30,tcp-syn,1
1970/01/01 14:25:35,tcp-syn,1
1970/01/01 14:25:36,tcp-syn,2
1970/01/01 14:25:50,tcp-syn,1
1970/01/01 14:25:55,tcp-syn,2
1970/01/01 14:25:58,tcp-syn,1
1970/01/01 14:25:59,tcp-syn,1
1970/01/01 14:26:01,tcp-syn,1
1970/01/01 14:26:03,tcp-syn,1
1970/01/01 14:26:13,udp,2
1970/01/01 14:26:21,tcp-syn,3
1970/01/01 14:26:24,tcp-syn,2
1970/01/01 14:26:25,tcp-syn,1
1970/01/01 14:26:27,tcp-syn,1
1970/01/01 14:26:28,icmp,1
1970/01/01 14:26:34,tcp-syn,2
1970/01/01 14:26:38,tcp-syn,1
1970/01/01 14:26:41,tcp-syn,1
1970/01/01 14:26:47,tcp-syn,1
1970/01/01 14:26:48,tcp-syn,2
1970/01/01 14:26:56,tcp-syn,2
1970/01/01 14:26:58,tcp-syn,2
1970/01/01 14:27:03,tcp-syn,1
1970/01/01 14:27:05,tcp-syn,1
1970/01/01 14:27:10,tcp-syn,2
1970/01/01 14:27:14,tcp-syn,2
1970/01/01 14:27:21,tcp-syn,4
1970/01/01 14:27:27,tcp-syn,1
1970/01/01 14:27:29,tcp-syn,1
1970/01/01 14:27:30,tcp-syn,1
1970/01/01 14:27:36,tcp-syn,1
1970/01/01 14:27:44,tcp-syn,1
1970/01/01 14:27:44,udp,2
1970/01/01 14:27:45,tcp-syn,2
1970/01/01 14:27:47,tcp-syn,2
1970/01/01 14:27:49,tcp-syn,1
1970/01/01 14:27:51,tcp-syn,1
1970/01/01 14:27:55,tcp-syn,2
1970/01/01 14:27:55,udp,2
1970/01/01 14:27:58,tcp-syn,2
1970/01/01 14:28:02,tcp-syn,1
1970/01/01 14:28:08,tcp-syn,1
1970/01/01 14:28:17,tcp-syn,1
1970/01/01 14:28:31,tcp-syn,1
1970/01/01 14:28:32,tcp-syn,2
1970/01/01 14:28:35,tcp-syn,1
1970/01/01 14:28:43,udp,1
1970/01/01 14:28:44,tcp-syn,1
1970/01/01 14:28:53,tcp-syn,2
1970/01/01 14:29:12,tcp-syn,4
1970/01/01 14:29:24,tcp-syn,1
1970/01/01 14:29:34,tcp-syn,1
1970/01/01 14:29:41,tcp-syn,1
1970/01/01 14:29:44,tcp-syn,1
1970/01/01 14:29:51,tcp-syn,1
1970/01/01 14:29:54,tcp-syn,2
1970/01/01 14:30:00,tcp-syn,16
1970/01/01 14:30:01,tcp-syn,1
1970/01/01 14:30:09,tcp-syn,1
1970/01/01 14:30:11,tcp-syn,1
1970/01/01 14:30:12,tcp-syn,2
1970/01/01 14:30:14,tcp-syn,1
1970/01/01 14:30:22,tcp-syn,1
1970/01/01 14:30:30,tcp-syn,1
1970/01/01 14:30:37,udp,1
1970/01/01 14:30:51,tcp-syn,1
1970/01/01 14:30:52,tcp-syn,2
1970/01/01 14:30:53,udp,2
1970/01/01 14:30:54,tcp-syn,1
1970/01/01 14:30:56,tcp-syn,1
1970/01/01 14:30:59,tcp-syn,2
1970/01/01 14:31:05,tcp-syn,1
1970/01/01 14:31:08,tcp-syn,1
1970/01/01 14:31:12,tcp-syn,1
1970/01/01 14:31:13,tcp-syn,1
1970/01/01 14:31:23,tcp-syn,1
1970/01/01 14:31:26,udp,2
1970/01/01 14:31:29,tcp-syn,2
1970/01/01 14:31:34,tcp-syn,1
1970/01/01 14:31:41,tcp-syn,1
1970/01/01 14:31:42,tcp-syn,1
1970/01/01 14:31:43,tcp-syn,1
1970/01/01 14:31:47,udp,2
1970/01/01 14:31:58,udp,1
1970/01/01 14:32:03,tcp-syn,1
1970/01/01 14:32:04,tcp-syn,1
1970/01/01 14:32:08,udp,1
1970/01/01 14:32:13,tcp-syn,1
1970/01/01 14:32:17,tcp-syn,2
1970/01/01 14:32:19,udp,2
1970/01/01 14:32:20,tcp-syn,1
1970/01/01 14:32:21,tcp-syn,1
1970/01/01 14:32:24,tcp-syn,2
1970/01/01 14:32:38,tcp-syn,1
1970/01/01 14:32:40,icmp,1
1970/01/01 14:32:41,tcp-syn,1
1970/01/01 14:32:41,udp,2
1970/01/01 14:32:45,tcp-syn,1
1970/01/01 14:32:49,tcp-syn,2
1970/01/01 14:32:53,tcp-syn,2
1970/01/01 14:33:01,tcp-syn,2
1970/01/01 14:33:02,tcp-syn,1
1970/01/01 14:33:11,tcp-syn,1
1970/01/01 14:33:11,udp,2
1970/01/01 14:33:14,tcp-syn,2
1970/01/01 14:33:23,tcp-syn,1
1970/01/01 14:33:34,tcp-syn,1
1970/01/01 14:33:42,tcp-syn,1
1970/01/01 14:33:48,tcp-syn,1
1970/01/01 14:33:54,tcp-syn,1
1970/01/01 14:33:56,tcp-syn,1
1970/01/01 14:34:04,tcp-syn,2
1970/01/01 14:34:07,tcp-syn,1
1970/01/01 14:34:12,tcp-syn,1
1970/01/01 14:34:15,tcp-syn,2
1970/01/01 14:34:24,tcp-syn,1
1970/01/01 14:34:26,tcp-syn,1
1970/01/01 14:34:32,tcp-syn,1
1970/01/01 14:34:33,tcp-syn,1
1970/01/01 14:34:40,tcp-syn,2
1970/01/01 14:34:41,tcp-syn,1
1970/01/01 14:34:57,tcp-syn,1
1970/01/01 14:35:09,tcp-syn,1
1970/01/01 14:35:17,tcp-syn,2
1970/01/01 14:35:21,tcp-syn,1
1970/01/01 14:35:27,tcp-syn,2
1970/01/01 14:35:38,tcp-syn,1
1970/01/01 14:35:46,tcp-syn,1
1970/01/01 14:35:47,tcp-syn,2
1970/01/01 14:35:48,tcp-syn,1
1970/01/01 14:35:51,tcp-syn,2
1970/01/01 14:35:56,tcp-syn,2
1970/01/01 14:35:58,tcp-syn,1
1970/01/01 14:35:59,tcp-syn,2
1970/01/01 14:36:00,tcp-syn,1
1970/01/01 14:36:04,tcp-syn,1
1970/01/01 14:36:09,tcp-syn,4
1970/01/01 14:36:34,tcp-syn,1
1970/01/01 14:36:37,tcp-syn,2
1970/01/01 14:36:45,udp,1
1970/01/01 14:36:47,tcp-syn,1
1970/01/01 14:36:50,tcp-syn,2
1970/01/01 14:36:54,tcp-syn,1
1970/01/01 14:37:04,tcp-syn,1
1970/01/01 14:37:08,tcp-syn,1
1970/01/01 14:37:10,tcp-syn,1
1970/01/01 14:37:17,tcp-syn,2
1970/01/01 14:37:19,udp,1
1970/01/01 14:37:21,tcp-syn,1
1970/01/01 14:37:28,tcp-syn,1
1970/01/01 14:37:29,tcp-syn,1
1970/01/01 14:37:31,tcp-syn,1
1970/01/01 14:37:38,tcp-syn,1
1970/01/01 14:37:47,tcp-syn,1
1970/01/01 14:37:51,tcp-syn,2
1970/01/01 14:37:59,tcp-syn,1
1970/01/01 14:38:00,udp,2
1970/01/01 14:38:04,tcp-syn,1
1970/01/01 14:38:07,tcp-syn,1
1970/01/01 14:38:10,tcp-syn,1
1970/01/01 14:38:15,tcp-syn,1
1970/01/01 14:38:15,udp,1
1970/01/01 14:38:16,tcp-syn,1
1970/01/01 14:38:17,tcp-syn,1
1970/01/01 14:38:19,udp,2
1970/01/01 14:38:24,tcp-syn,1
1970/01/01 14:38:26,tcp-syn,1
1970/01/01 14:38:28,tcp-syn,1
1970/01/01 14:38:43,tcp-syn,1
1970/01/01 14:38:48,tcp-syn,4
1970/01/01 14:38:49,tcp-syn,1
1970/01/01 14:38:56,tcp-syn,1
1970/01/01 14:38:58,tcp-syn,1
1970/01/01 14:39:01,tcp-syn,1
1970/01/01 14:39:04,tcp-syn,2
1970/01/01 14:39:09,tcp-syn,5
1970/01/01 14:39:15,udp,1
1970/01/01 14:39:16,udp,1
1970/01/01 14:39:22,tcp-syn,2
1970/01/01 14:39:26,tcp-syn,2
1970/01/01 14:39:29,tcp-syn,2
1970/01/01 14:39:38,tcp-syn,1
1970/01/01 14:39:43,tcp-syn,1
1970/01/01 14:39:44,tcp-syn,1
1970/01/01 14:39:46,tcp-syn,2
1970/01/01 14:39:50,tcp-syn,1
1970/01/01 14:39:52,tcp-syn,1
1970/01/01 14:39:59,tcp-syn,2
1970/01/01 14:40:07,tcp-syn,1
1970/01/01 14:40:08,icmp,1
1970/01/01 14:40:09,tcp-syn,1
1970/01/01 14:40:12,tcp-syn,1
1970/01/01 14:40:14,udp,1
1970/01/01 14:40:15,tcp-syn,1
1970/01/01 14:40:18,tcp-syn,1
1970/01/01 14:40:26,tcp-syn,1
1970/01/01 14:40:29,tcp-syn,1
1970/01/01 14:40:31,tcp-syn,2
1970/01/01 14:40:43,tcp-syn,1
1970/01/01 14:40:47,tcp-syn,1
1970/01/01 14:40:50,tcp-syn,1
1970/01/01 14:40:53,udp,1
1970/01/01 14:40:59,tcp-syn,1
1970/01/01 14:41:06,tcp-syn,3
1970/01/01 14:41:08,udp,2
1970/01/01 14:41:09,tcp-syn,1
1970/01/01 14:41:13,udp,2
1970/01/01 14:41:28,tcp-syn,5
1970/01/01 14:41:30,tcp-syn,2
1970/01/01 14:41:33,tcp-syn,1
1970/01/01 14:41:35,tcp-syn,1
1970/01/01 14:41:37,tcp-syn,1
1970/01/01 14:41:42,udp,1
1970/01/01 14:42:02,tcp-syn,1
1970/01/01 14:42:17,tcp-syn,1
1970/01/01 14:42:19,udp,2
1970/01/01 14:42:21,tcp-syn,1
1970/01/01 14:42:21,udp,2
1970/01/01 14:42:29,tcp-syn,1
1970/01/01 14:42:32,tcp-syn,3
1970/01/01 14:42:33,tcp-syn,1
1970/01/01 14:42:36,tcp-syn,1
1970/01/01 14:42:39,tcp-syn,1
1970/01/01 14:42:49,udp,2
1970/01/01 14:42:54,tcp-syn,1
1970/01/01 14:42:55,udp,1
1970/01/01 14:42:59,tcp-syn,1
1970/01/01 14:43:01,tcp-syn,1
1970/01/01 14:43:03,tcp-syn,2
1970/01/01 14:43:10,tcp-syn,1
1970/01/01 14:43:20,tcp-syn,2
1970/01/01 14:43:37,udp,1
1970/01/01 14:43:38,tcp-syn,1
1970/01/01 14:43:40,tcp-syn,1
1970/01/01 14:43:41,tcp-syn,3
1970/01/01 14:43:42,tcp-syn,1
1970/01/01 14:43:47,tcp-syn,1
1970/01/01 14:43:48,tcp-syn,2
1970/01/01 14:43:50,tcp-syn,1
1970/01/01 14:43:59,tcp-syn,1
1970/01/01 14:44:00,tcp-syn,1
1970/01/01 14:44:04,tcp-syn,3
1970/01/01 14:44:04,udp,2
1970/01/01 14:44:06,tcp-syn,1
1970/01/01 14:44:09,tcp-syn,2
1970/01/01 14:44:10,tcp-syn,1
1970/01/01 14:44:23,udp,1
1970/01/01 14:44:24,tcp-syn,2
1970/01/01 14:44:28,tcp-syn,2
1970/01/01 14:44:29,tcp-syn,2
1970/01/01 14:44:30,tcp-syn,1
1970/01/01 14:44:31,tcp-syn,1
1970/01/01 14:44:32,tcp-syn,1
1970/01/01 14:44:33,tcp-syn,1
1970/01/01 14:44:41,tcp-syn,1
1970/01/01 14:44:42,tcp-syn,1
1970/01/01 14:44:43,tcp-syn,1
1970/01/01 14:44:48,tcp-syn,1
1970/01/01 14:45:13,tcp-syn,1
1970/01/01 14:45:14,tcp-syn,2
1970/01/01 14:45:18,tcp-syn,2
1970/01/01 14:45:22,tcp-syn,1
1970/01/01 14:45:23,tcp-syn,1
1970/01/01 14:45:26,icmp,1
1970/01/01 14:45:35,tcp-syn,1
1970/01/01 14:45:37,tcp-syn,1
1970/01/01 14:45:39,tcp-syn,2
1970/01/01 14:45:42,tcp-syn,2
1970/01/01 14:45:58,tcp-syn,1
1970/01/01 14:46:15,udp,2
1970/01/01 14:46:16,tcp-syn,1
1970/01/01 14:46:25,udp,2
1970/01/01 14:46:26,tcp-syn,1
1970/01/01 14:46:33,tcp-syn,1
1970/01/01 14:46:47,tcp-syn,2
1970/01/01 14:46:50,udp,2
1970/01/01 14:46:53,tcp-syn,2
1970/01/01 14:46:59,tcp-syn,1
1970/01/01 14:47:02,tcp-syn,2
1970/01/01 14:47:03,tcp-syn,1
1970/01/01 14:47:15,tcp-syn,2
1970/01/01 14:47:25,tcp-syn,1
1970/01/01 14:47:30,tcp-syn,1
1970/01/01 14:47:47,tcp-syn,1
1970/01/01 14:47:50,tcp-syn,1
1970/01/01 14:47:53,tcp-syn,1
1970/01/01 14:47:58,tcp-syn,1
1970/01/01 14:48:00,tcp-syn,1
1970/01/01 14:48:08,tcp-syn,2
1970/01/01 14:48:09,tcp-syn,1
1970/01/01 14:48:12,tcp-syn,1
1970/01/01 14:48:14,udp,1
1970/01/01 14:48:15,tcp-syn,2
1970/01/01 14:48:19,tcp-syn,1
1970/01/01 14:48:34,tcp-syn,2
1970/01/01 14:48:40,tcp-syn,1
1970/01/01 14:48:44,tcp-syn,2
1970/01/01 14:49:03,tcp-syn,1
1970/01/01 14:49:12,tcp-syn,1
1970/01/01 14:49:16,tcp-syn,2
1970/01/01 14:49:17,tcp-syn,1
1970/01/01 14:49:23,tcp-syn,1
1970/01/01 14:49:24,tcp-syn,2
1970/01/01 14:49:25,tcp-syn,2
1970/01/01 14:49:28,tcp-syn,1
1970/01/01 14:49:31,tcp-syn,2
1970/01/01 14:49:39,tcp-syn,1
1970/01/01 14:49:43,tcp-syn,2
1970/01/01 14:49:45,tcp-syn,1
1970/01/01 14:49:46,tcp-syn,2
1970/01/01 14:49:52,tcp-syn,1
1970/01/01 14:50:01,tcp-syn,1
1970/01/01 14:50:07,tcp-syn,1
1970/01/01 14:50:10,tcp-syn,1
1970/01/01 14:50:12,tcp-syn,1
1970/01/01 14:50:26,tcp-syn,1
1970/01/01 14:50:28,tcp-syn,2
1970/01/01 14:50:34,tcp-syn,1
1970/01/01 14:50:36,tcp-syn,1
1970/01/01 14:50:37,tcp-syn,1
1970/01/01 14:50:43,udp,1
1970/01/01 14:50:44,tcp-syn,1
1970/01/01 14:50:53,tcp-syn,2
1970/01/01 14:50:55,tcp-syn,1
1970/01/01 14:50:58,udp,1
1970/01/01 14:51:08,tcp-syn,1
1970/01/01 14:51:09,tcp-syn,1
1970/01/01 14:51:18,tcp-syn,1
1970/01/01 14:51:20,tcp-syn,1
1970/01/01 14:51:22,tcp-syn,1
1970/01/01 14:51:29,tcp-syn,1
1970/01/01 14:51:39,tcp-syn,5
1970/01/01 14:51:49,tcp-syn,1
1970/01/01 14:51:50,tcp-syn,1
1970/01/01 14:51:51,tcp-syn,1
1970/01/01 14:51:53,udp,1
1970/01/01 14:51:54,udp,1
1970/01/01 14:51:56,tcp-syn,1
1970/01/01 14:52:13,tcp-syn,1
1970/01/01 14:52:20,tcp-syn,2
1970/01/01 14:52:22,tcp-syn,2
1970/01/01 14:52:33,tcp-syn,1
1970/01/01 14:52:34,tcp-syn,2
1970/01/01 14:52:40,tcp-syn,1
1970/01/01 14:52:44,tcp-syn,1
1970/01/01 14:52:47,tcp-syn,2
1970/01/01 14:52:54,tcp-syn,1
1970/01/01 14:52:56,tcp-syn,1
1970/01/01 14:52:57,tcp-syn,1
1970/01/01 14:53:00,tcp-syn,2
1970/01/01 14:53:11,tcp-syn,1
1970/01/01 14:53:17,tcp-syn,1
1970/01/01 14:53:20,udp,2
1970/01/01 14:53:25,tcp-syn,2
1970/01/01 14:53:28,tcp-syn,2
1970/01/01 14:53:37,tcp-syn,1
1970/01/01 14:53:43,tcp-syn,1
1970/01/01 14:53:44,tcp-syn,1
1970/01/01 14:53:45,tcp-syn,1
1970/01/01 14:53:46,tcp-syn,2
1970/01/01 14:53:48,tcp-syn,1
1970/01/01 14:53:50,tcp-syn,1
1970/01/01 14:54:00,tcp-syn,1
1970/01/01 14:54:12,tcp-syn,3
1970/01/01 14:54:17,tcp-syn,1
1970/01/01 14:54:23,tcp-syn,1
1970/01/01 14:54:24,udp,1
1970/01/01 14:54:26,tcp-syn,2
1970/01/01 14:54:32,tcp-syn,2
1970/01/01 14:54:35,icmp,1
1970/01/01 14:54:39,udp,1
1970/01/01 14:54:43,tcp-syn,1
1970/01/01 14:54:46,tcp-syn,1
1970/01/01 14:54:49,tcp-syn,2
1970/01/01 14:54:50,tcp-syn,3
1970/01/01 14:54:53,tcp-syn,2
1970/01/01 14:55:01,tcp-syn,1
1970/01/01 14:55:02,tcp-syn,2
1970/01/01 14:55:06,tcp-syn,2
1970/01/01 14:55:26,tcp-syn,1
1970/01/01 14:55:30,tcp-syn,1
1970/01/01 14:55:31,udp,2
1970/01/01 14:55:32,tcp-syn,1
1970/01/01 14:55:33,tcp-syn,1
1970/01/01 14:55:40,tcp-syn,1
1970/01/01 14:55:44,tcp-syn,1
1970/01/01 14:55:48,tcp-syn,2
1970/01/01 14:55:50,tcp-syn,1
1970/01/01 14:56:07,tcp-syn,1
1970/01/01 14:56:08,tcp-syn,2
1970/01/01 14:56:11,tcp-syn,1
1970/01/01 14:56:13,tcp-syn,1
1970/01/01 14:56:17,tcp-syn,2
1970/01/01 14:56:19,tcp-syn,1
1970/01/01 14:56:24,tcp-syn,2
1970/01/01 14:56:25,tcp-syn,1
1970/01/01 14:56:27,tcp-syn,1
1970/01/01 14:56:28,tcp-syn,1
1970/01/01 14:56:31,udp,1
1970/01/01 14:56:35,tcp-syn,1
1970/01/01 14:56:36,tcp-syn,1
1970/01/01 14:56:37,tcp-syn,2
1970/01/01 14:56:41,tcp-syn,1
1970/01/01 14:56:42,tcp-syn,1
1970/01/01 14:56:44,tcp-syn,2
1970/01/01 14:56:45,udp,1
1970/01/01 14:56:51,tcp-syn,1
1970/01/01 14:56:58,tcp-syn,1
1970/01/01 14:57:05,tcp-syn,1
1970/01/01 14:57:11,tcp-syn,2
1970/01/01 14:57:12,tcp-syn,2
1970/01/01 14:57:16,tcp-syn,1
1970/01/01 14:57:18,tcp-syn,1
1970/01/01 14:57:19,tcp-syn,1
1970/01/01 14:57:23,tcp-syn,2
1970/01/01 14:57:25,tcp-syn,1
1970/01/01 14:57:32,tcp-syn,1
1970/01/01 14:57:37,tcp-syn,1
1970/01/01 14:57:41,tcp-syn,1
1970/01/01 14:57:45,tcp-syn,1
1970/01/01 14:57:53,tcp-syn,2
1970/01/01 14:57:55,tcp-syn,1
1970/01/01 14:57:56,tcp-syn,1
1970/01/01 14:57:57,tcp-syn,2
1970/01/01 14:57:59,tcp-syn,1
1970/01/01 14:58:02,icmp,1
1970/01/01 14:58:04,tcp-syn,1
1970/01/01 14:58:07,tcp-syn,2
1970/01/01 14:58:10,tcp-syn,1
1970/01/01 14:58:21,tcp-syn,1
1970/01/01 14:58:23,tcp-syn,1
1970/01/01 14:58:28,tcp-syn,1
1970/01/01 14:58:29,tcp-syn,2
1970/01/01 14:58:39,tcp-syn,1
1970/01/01 14:58:41,tcp-syn,2
1970/01/01 14:58:44,tcp-syn,2
1970/01/01 14:58:47,tcp-syn,2
1970/01/01 14:58:59,tcp-syn,1
1970/01/01 14:59:07,tcp-syn,1
1970/01/01 14:59:11,tcp-syn,1
1970/01/01 14:59:18,tcp-syn,2
1970/01/01 14:59:21,tcp-syn,1
1970/01/01 14:59:24,tcp-syn,1
1970/01/01 14:59:33,tcp-syn,1
1970/01/01 14:59:34,tcp-syn,2
1970/01/01 14:59:40,tcp-syn,1
1970/01/01 14:59:48,tcp-syn,1
1970/01/01 14:59:52,tcp-syn,2
1970/01/01 15:00:01,tcp-syn,1
1970/01/01 15:00:06,tcp-syn,1
1970/01/01 15:00:16,tcp-syn,2
1970/01/01 15:00:21,tcp-syn,1
1970/01/01 15:00:26,tcp-syn,1
1970/01/01 15:00:27,tcp-syn,5
1970/01/01 15:00:28,tcp-syn,2
1970/01/01 15:00:29,tcp-syn,5
1970/01/01 15:00:29,udp,1
1970/01/01 15:00:35,tcp-syn,1
1970/01/01 15:00:37,tcp-syn,1
1970/01/01 15:00:38,tcp-syn,1
1970/01/01 15:00:41,tcp-syn,2
1970/01/01 15:00:42,tcp-syn,1
1970/01/01 15:00:43,tcp-syn,2
1970/01/01 15:00:45,tcp-syn,1
1970/01/01 15:01:00,tcp-syn,2
1970/01/01 15:01:13,tcp-syn,1
1970/01/01 15:01:15,tcp-syn,2
1970/01/01 15:01:21,tcp-syn,1
1970/01/01 15:01:22,tcp-syn,2
1970/01/01 15:01:33,tcp-syn,1
1970/01/01 15:01:35,icmp,1
1970/01/01 15:01:42,tcp-syn,1
1970/01/01 15:01:54,tcp-syn,1
1970/01/01 15:02:08,tcp-syn,1
1970/01/01 15:02:14,tcp-syn,1
1970/01/01 15:02:15,tcp-syn,1
1970/01/01 15:02:17,tcp-syn,1
1970/01/01 15:02:22,tcp-syn,1
1970/01/01 15:02:27,tcp-syn,1
1970/01/01 15:02:30,tcp-syn,2
1970/01/01 15:02:38,tcp-syn,1
1970/01/01 15:02:41,tcp-syn,2
1970/01/01 15:02:43,tcp-syn,1
1970/01/01 15:02:44,tcp-syn,1
1970/01/01 15:02:49,tcp-syn,2
1970/01/01 15:02:56,tcp-syn,1
1970/01/01 15:03:04,tcp-syn,2
1970/01/01 15:03:05,tcp-syn,1
1970/01/01 15:03:18,tcp-syn,1
1970/01/01 15:03:19,tcp-syn,1
1970/01/01 15:03:23,tcp-syn,1
1970/01/01 15:03:24,tcp-syn,5
1970/01/01 15:03:25,tcp-syn,1
1970/01/01 15:03:26,tcp-syn,2
1970/01/01 15:03:27,tcp-syn,1
1970/01/01 15:03:29,tcp-syn,2
1970/01/01 15:03:30,tcp-syn,2
1970/01/01 15:03:31,udp,2
1970/01/01 15:03:33,tcp-syn,1
1970/01/01 15:03:36,tcp-syn,2
1970/01/01 15:03:37,tcp-syn,3
1970/01/01 15:04:01,tcp-syn,1
1970/01/01 15:04:02,tcp-syn,1
1970/01/01 15:04:11,tcp-syn,1
1970/01/01 15:04:12,tcp-syn,3
1970/01/01 15:04:17,udp,1
1970/01/01 15:04:18,tcp-syn,1
1970/01/01 15:04:26,udp,1
1970/01/01 15:04:28,tcp-syn,1
1970/01/01 15:04:31,tcp-syn,1
1970/01/01 15:04:37,tcp-syn,1
1970/01/01 15:04:44,tcp-syn,2
1970/01/01 15:04:56,tcp-syn,2
1970/01/01 15:04:59,tcp-syn,1
1970/01/01 15:05:00,tcp-syn,1
1970/01/01 15:05:04,tcp-syn,1
1970/01/01 15:05:04,udp,1
1970/01/01 15:05:05,tcp-syn,1
1970/01/01 15:05:09,tcp-syn,2
1970/01/01 15:05:10,tcp-syn,1
1970/01/01 15:05:13,tcp-syn,1
1970/01/01 15:05:17,tcp-syn,2
1970/01/01 15:05:22,tcp-syn,1
1970/01/01 15:05:25,tcp-syn,1
1970/01/01 15:05:29,tcp-syn,1
1970/01/01 15:05:49,tcp-syn,2
1970/01/01 15:05:53,tcp-syn,1
1970/01/01 15:06:20,tcp-syn,1
1970/01/01 15:06:24,tcp-syn,1
1970/01/01 15:06:25,tcp-syn,1
1970/01/01 15:06:30,tcp-syn,2
1970/01/01 15:06:32,tcp-syn,2
1970/01/01 15:06:38,tcp-syn,1
1970/01/01 15:06:44,tcp-syn,2
1970/01/01 15:06:47,tcp-syn,2
1970/01/01 15:06:55,tcp-syn,1
1970/01/01 15:06:57,tcp-syn,1
1970/01/01 15:07:17,tcp-syn,1
1970/01/01 15:07:19,tcp-syn,2
1970/01/01 15:07:21,tcp-syn,2
1970/01/01 15:07:36,tcp-syn,1
1970/01/01 15:07:38,tcp-syn,1
1970/01/01 15:07:41,tcp-syn,1
1970/01/01 15:07:45,tcp-syn,1
1970/01/01 15:07:46,tcp-syn,1
1970/01/01 15:07:47,tcp-syn,1
1970/01/01 15:07:47,udp,3
1970/01/01 15:07:49,tcp-syn,1
1970/01/01 15:07:53,tcp-syn,2
1970/01/01 15:07:59,tcp-syn,1
1970/01/01 15:08:04,tcp-syn,2
1970/01/01 15:08:08,tcp-syn,1
1970/01/01 15:08:13,tcp-syn,1
1970/01/01 15:08:16,tcp-syn,2
1970/01/01 15:08:17,tcp-syn,1
1970/01/01 15:08:23,tcp-syn,1
1970/01/01 15:08:27,tcp-syn,2
1970/01/01 15:08:28,tcp-syn,1
1970/01/01 15:08:28,udp,2
1970/01/01 15:08:31,udp,1
1970/01/01 15:08:32,tcp-syn,1
1970/01/01 15:08:37,tcp-syn,1
1970/01/01 15:08:39,tcp-syn,1
1970/01/01 15:08:45,udp,2
1970/01/01 15:08:49,udp,1
1970/01/01 15:08:51,tcp-syn,1
1970/01/01 15:08:57,tcp-syn,2
1970/01/01 15:08:59,tcp-syn,2
1970/01/01 15:09:01,tcp-syn,3
1970/01/01 15:09:06,udp,2
1970/01/01 15:09:08,tcp-syn,1
1970/01/01 15:09:13,tcp-syn,1
1970/01/01 15:09:14,tcp-syn,1
1970/01/01 15:09:15,tcp-syn,2
1970/01/01 15:09:16,tcp-syn,1
1970/01/01 15:09:18,tcp-syn,1
1970/01/01 15:09:22,tcp-syn,1
1970/01/01 15:09:33,udp,2
1970/01/01 15:09:35,tcp-syn,2
1970/01/01 15:09:37,tcp-syn,1
1970/01/01 15:09:43,tcp-syn,1
1970/01/01 15:09:46,tcp-syn,1
1970/01/01 15:09:50,tcp-syn,2
1970/01/01 15:09:51,tcp-syn,3
1970/01/01 15:09:59,tcp-syn,1
1970/01/01 15:10:06,tcp-syn,1
1970/01/01 15:10:13,tcp-syn,1
1970/01/01 15:10:22,tcp-syn,2
1970/01/01 15:10:54,tcp-syn,2
1970/01/01 15:10:56,tcp-syn,1
1970/01/01 15:11:01,tcp-syn,1
1970/01/01 15:11:06,tcp-syn,1
1970/01/01 15:11:26,tcp-syn,2
1970/01/01 15:11:30,tcp-syn,1
1970/01/01 15:11:34,tcp-syn,2
1970/01/01 15:11:44,tcp-syn,1
1970/01/01 15:11:47,tcp-syn,1
1970/01/01 15:11:59,tcp-syn,1
1970/01/01 15:12:09,tcp-syn,1
1970/01/01 15:12:14,tcp-syn,2
1970/01/01 15:12:20,tcp-syn,1
1970/01/01 15:12:28,tcp-syn,2
1970/01/01 15:12:34,tcp-syn,2
1970/01/01 15:12:37,tcp-syn,1
1970/01/01 15:12:42,tcp-syn,1
1970/01/01 15:12:46,udp,1
1970/01/01 15:12:52,tcp-syn,1
1970/01/01 15:12:55,tcp-syn,5
1970/01/01 15:12:57,tcp-syn,1
1970/01/01 15:12:58,tcp-syn,1
1970/01/01 15:13:01,tcp-syn,1
1970/01/01 15:13:02,tcp-syn,1
1970/01/01 15:13:05,tcp-syn,1
1970/01/01 15:13:07,tcp-syn,2
1970/01/01 15:13:08,tcp-syn,2
1970/01/01 15:13:11,tcp-syn,5
1970/01/01 15:13:21,tcp-syn,2
1970/01/01 15:13:26,tcp-syn,1
1970/01/01 15:13:27,tcp-syn,1
1970/01/01 15:13:30,udp,1
1970/01/01 15:13:32,tcp-syn,1
1970/01/01 15:13:33,tcp-syn,2
1970/01/01 15:13:43,tcp-syn,1
1970/01/01 15:13:47,tcp-syn,1
1970/01/01 15:13:51,tcp-syn,1
1970/01/01 15:13:52,tcp-syn,1
1970/01/01 15:13:57,udp,1
1970/01/01 15:13:58,tcp-syn,1
1970/01/01 15:14:06,tcp-syn,1
1970/01/01 15:14:08,tcp-syn,2
1970/01/01 15:14:09,tcp-syn,1
1970/01/01 15:14:23,tcp-syn,1
1970/01/01 15:14:31,tcp-syn,1
1970/01/01 15:14:34,tcp-syn,1
1970/01/01 15:14:43,tcp-syn,1
1970/01/01 15:14:44,tcp-syn,1
1970/01/01 15:15:00,udp,1
1970/01/01 15:15:03,icmp,1
1970/01/01 15:15:04,tcp-syn,1
1970/01/01 15:15:05,tcp-syn,2
1970/01/01 15:15:32,tcp-syn,1
1970/01/01 15:15:33,tcp-syn,1
1970/01/01 15:15:35,tcp-syn,1
1970/01/01 15:15:36,tcp-syn,1
1970/01/01 15:15:37,tcp-syn,1
1970/01/01 15:15:42,udp,1
1970/01/01 15:15:46,tcp-syn,1
1970/01/01 15:15:49,udp,1
1970/01/01 15:15:52,udp,1
1970/01/01 15:15:59,tcp-syn,1
1970/01/01 15:16:10,tcp-syn,1
1970/01/01 15:16:17,tcp-syn,1
1970/01/01 15:16:23,tcp-syn,1
1970/01/01 15:16:35,tcp-syn,1
1970/01/01 15:16:37,tcp-syn,1
1970/01/01 15:16:52,tcp-syn,1
1970/01/01 15:16:54,tcp-syn,4
1970/01/01 15:16:58,tcp-syn,2
1970/01/01 15:17:04,tcp-syn,2
1970/01/01 15:17:06,tcp-syn,1
1970/01/01 15:17:08,icmp,1
1970/01/01 15:17:11,tcp-syn,2
1970/01/01 15:17:13,tcp-syn,1
1970/01/01 15:17:17,tcp-syn,2
1970/01/01 15:17:22,tcp-syn,1
1970/01/01 15:17:28,tcp-syn,1
1970/01/01 15:17:33,tcp-syn,1
1970/01/01 15:17:34,tcp-syn,2
1970/01/01 15:17:36,tcp-syn,1
1970/01/01 15:17:43,tcp-syn,1
1970/01/01 15:17:44,tcp-syn,1
1970/01/01 15:17:49,tcp-syn,2
1970/01/01 15:17:52,tcp-syn,1
1970/01/01 15:17:55,tcp-syn,1
1970/01/01 15:18:02,tcp-syn,2
1970/01/01 15:18:09,udp,2
1970/01/01 15:18:22,tcp-syn,1
1970/01/01 15:18:31,tcp-syn,1
1970/01/01 15:18:32,tcp-syn,1
1970/01/01 15:18:37,tcp-syn,4
1970/01/01 15:19:03,tcp-syn,1
1970/01/01 15:19:05,tcp-syn,1
1970/01/01 15:19:08,tcp-syn,2
1970/01/01 15:19:10,icmp,1
1970/01/01 15:19:13,tcp-syn,1
1970/01/01 15:19:24,tcp-syn,2
1970/01/01 15:19:33,tcp-syn,1
1970/01/01 15:19:36,tcp-syn,1
1970/01/01 15:19:37,tcp-syn,1
1970/01/01 15:19:38,tcp-syn,1
1970/01/01 15:19:47,tcp-syn,2
1970/01/01 15:19:53,tcp-syn,1
1970/01/01 15:20:01,icmp,2
1970/01/01 15:20:06,tcp-syn,2
1970/01/01 15:20:15,tcp-syn,1
1970/01/01 15:20:17,tcp-syn,2
1970/01/01 15:20:19,udp,1
1970/01/01 15:20:25,tcp-syn,1
1970/01/01 15:20:28,tcp-syn,1
1970/01/01 15:20:29,tcp-syn,1
1970/01/01 15:20:33,icmp,1
1970/01/01 15:20:41,tcp-syn,1
1970/01/01 15:20:47,tcp-syn,1
1970/01/01 15:20:51,tcp-syn,1
1970/01/01 15:20:52,tcp-syn,2
1970/01/01 15:20:57,tcp-syn,4
1970/01/01 15:20:59,tcp-syn,1
1970/01/01 15:21:04,tcp-syn,1
1970/01/01 15:21:07,tcp-syn,2
1970/01/01 15:21:19,tcp-syn,1
1970/01/01 15:21:20,tcp-syn,1
1970/01/01 15:21:22,tcp-syn,1
1970/01/01 15:21:23,tcp-syn,1
1970/01/01 15:21:25,tcp-syn,1
1970/01/01 15:21:33,tcp-syn,1
1970/01/01 15:21:37,tcp-syn,1
1970/01/01 15:21:40,tcp-syn,1
1970/01/01 15:21:49,udp,1
1970/01/01 15:22:04,tcp-syn,1
1970/01/01 15:22:05,tcp-syn,2
1970/01/01 15:22:11,tcp-syn,3
1970/01/01 15:22:11,udp,1
1970/01/01 15:22:12,tcp-syn,2
1970/01/01 15:22:15,tcp-syn,4
1970/01/01 15:22:16,tcp-syn,1
1970/01/01 15:22:23,tcp-syn,2
1970/01/01 15:22:24,udp,1
1970/01/01 15:22:30,tcp-syn,1
1970/01/01 15:22:35,tcp-syn,1
1970/01/01 15:22:42,tcp-syn,1
1970/01/01 15:22:46,tcp-syn,1
1970/01/01 15:23:02,tcp-syn,1
1970/01/01 15:23:04,tcp-syn,1
1970/01/01 15:23:07,udp,2
1970/01/01 15:23:26,udp,1
1970/01/01 15:23:29,tcp-syn,1
1970/01/01 15:23:46,tcp-syn,1
1970/01/01 15:24:04,tcp-syn,1
1970/01/01 15:24:14,tcp-syn,2
1970/01/01 15:24:17,udp,1
1970/01/01 15:24:18,tcp-syn,2
1970/01/01 15:24:21,tcp-syn,1
1970/01/01 15:24:38,tcp-syn,2
1970/01/01 15:24:39,tcp-syn,12
1970/01/01 15:24:44,tcp-syn,2
1970/01/01 15:24:46,tcp-syn,1
1970/01/01 15:24:50,tcp-syn,1
1970/01/01 15:24:56,tcp-syn,2
1970/01/01 15:24:58,tcp-syn,2
1970/01/01 15:25:02,tcp-syn,1
1970/01/01 15:25:05,tcp-syn,4
1970/01/01 15:25:12,tcp-syn,1
1970/01/01 15:25:17,tcp-syn,3
1970/01/01 15:25:22,tcp-syn,1
1970/01/01 15:25:24,tcp-syn,1
1970/01/01 15:25:32,tcp-syn,2
1970/01/01 15:25:37,tcp-syn,1
1970/01/01 15:25:38,tcp-syn,1
1970/01/01 15:25:40,tcp-syn,1
1970/01/01 15:25:46,tcp-syn,1
1970/01/01 15:25:55,tcp-syn,1
1970/01/01 15:25:57,tcp-syn,3
1970/01/01 15:26:02,tcp-syn,1
1970/01/01 15:26:09,tcp-syn,1
1970/01/01 15:26:15,tcp-syn,1
1970/01/01 15:26:20,tcp-syn,2
1970/01/01 15:26:23,tcp-syn,1
1970/01/01 15:26:26,tcp-syn,2
1970/01/01 15:26:29,tcp-syn,2
1970/01/01 15:26:34,udp,2
1970/01/01 15:26:38,tcp-syn,2
1970/01/01 15:26:43,tcp-syn,2
1970/01/01 15:26:48,tcp-syn,1
1970/01/01 15:26:52,tcp-syn,1
1970/01/01 15:26:58,tcp-syn,2
1970/01/01 15:27:02,tcp-syn,4
1970/01/01 15:27:09,tcp-syn,2
1970/01/01 15:27:09,icmp,1
1970/01/01 15:27:13,tcp-syn,1
1970/01/01 15:27:14,tcp-syn,2
1970/01/01 15:27:20,tcp-syn,1
1970/01/01 15:27:22,udp,1
1970/01/01 15:27:31,tcp-syn,3
1970/01/01 15:27:41,tcp-syn,1
1970/01/01 15:27:51,tcp-syn,1
1970/01/01 15:27:56,tcp-syn,1
1970/01/01 15:28:04,tcp-syn,1
1970/01/01 15:28:12,tcp-syn,1
1970/01/01 15:28:17,tcp-syn,1
1970/01/01 15:28:20,tcp-syn,1
1970/01/01 15:28:22,tcp-syn,1
1970/01/01 15:28:23,tcp-syn,2
1970/01/01 15:28:23,udp,2
1970/01/01 15:28:27,tcp-syn,1
1970/01/01 15:28:29,tcp-syn,2
1970/01/01 15:28:30,tcp-syn,2
1970/01/01 15:28:31,tcp-syn,1
1970/01/01 15:28:32,tcp-syn,5
1970/01/01 15:28:34,tcp-syn,2
1970/01/01 15:28:38,tcp-syn,1
1970/01/01 15:28:39,tcp-syn,5
1970/01/01 15:28:45,tcp-syn,2
1970/01/01 15:28:49,tcp-syn,1
1970/01/01 15:28:55,tcp-syn,1
1970/01/01 15:28:57,tcp-syn,1
1970/01/01 15:28:59,tcp-syn,1
1970/01/01 15:29:01,tcp-syn,2
1970/01/01 15:29:05,tcp-syn,1
1970/01/01 15:29:07,tcp-syn,1
1970/01/01 15:29:11,tcp-syn,1
1970/01/01 15:29:12,udp,1
1970/01/01 15:29:17,tcp-syn,1
1970/01/01 15:29:25,tcp-syn,1
1970/01/01 15:29:30,tcp-syn,1
1970/01/01 15:29:31,tcp-syn,1
1970/01/01 15:29:53,tcp-syn,1
1970/01/01 15:29:57,tcp-syn,2
1970/01/01 15:30:20,udp,1
1970/01/01 15:30:22,tcp-syn,2
1970/01/01 15:30:27,tcp-syn,1
1970/01/01 15:30:34,tcp-syn,1
1970/01/01 15:30:37,tcp-syn,5
1970/01/01 15:30:38,tcp-syn,2
1970/01/01 15:30:39,tcp-syn,1
1970/01/01 15:30:43,tcp-syn,2
1970/01/01 15:30:49,tcp-syn,1
1970/01/01 15:31:11,tcp-syn,1
1970/01/01 15:31:13,tcp-syn,1
1970/01/01 15:31:13,udp,1
1970/01/01 15:31:15,tcp-syn,2
1970/01/01 15:31:18,tcp-syn,2
1970/01/01 15:31:20,tcp-syn,1
1970/01/01 15:31:25,tcp-syn,1
1970/01/01 15:31:26,udp,1
1970/01/01 15:31:27,tcp-syn,1
1970/01/01 15:31:32,tcp-syn,2
1970/01/01 15:31:37,tcp-syn,2
1970/01/01 15:31:39,tcp-syn,2
1970/01/01 15:31:42,udp,2
1970/01/01 15:31:44,tcp-syn,1
1970/01/01 15:31:44,icmp,2
1970/01/01 15:31:49,tcp-syn,4
1970/01/01 15:31:51,tcp-syn,2
1970/01/01 15:31:57,tcp-syn,1
1970/01/01 15:32:04,icmp,1
1970/01/01 15:32:12,tcp-syn,1
1970/01/01 15:32:16,tcp-syn,2
1970/01/01 15:32:18,tcp-syn,1
1970/01/01 15:32:21,tcp-syn,1
1970/01/01 15:32:22,tcp-syn,1
1970/01/01 15:32:27,tcp-syn,2
1970/01/01 15:32:29,tcp-syn,2
1970/01/01 15:32:33,tcp-syn,2
1970/01/01 15:32:34,udp,1
1970/01/01 15:32:44,tcp-syn,1
1970/01/01 15:32:47,tcp-syn,2
1970/01/01 15:32:51,tcp-syn,1
1970/01/01 15:32:52,tcp-syn,2
1970/01/01 15:33:02,tcp-syn,4
1970/01/01 15:33:09,udp,2
1970/01/01 15:33:13,tcp-syn,1
1970/01/01 15:33:18,tcp-syn,1
1970/01/01 15:33:27,tcp-syn,1
1970/01/01 15:33:28,tcp-syn,1
1970/01/01 15:33:29,tcp-syn,2
1970/01/01 15:33:30,tcp-syn,2
1970/01/01 15:33:34,tcp-syn,2
1970/01/01 15:33:36,tcp-syn,1
1970/01/01 15:33:38,tcp-syn,1
1970/01/01 15:33:48,tcp-syn,1
1970/01/01 15:33:59,tcp-syn,1
1970/01/01 15:34:00,tcp-syn,1
1970/01/01 15:34:11,tcp-syn,1
1970/01/01 15:34:14,tcp-syn,2
1970/01/01 15:34:19,tcp-syn,2
1970/01/01 15:34:36,tcp-syn,1
1970/01/01 15:34:37,tcp-syn,3
1970/01/01 15:34:39,tcp-syn,2
1970/01/01 15:34:44,tcp-syn,1
1970/01/01 15:34:44,udp,1
1970/01/01 15:34:53,tcp-syn,1
1970/01/01 15:34:57,tcp-syn,1
1970/01/01 15:35:01,tcp-syn,1
1970/01/01 15:35:09,tcp-syn,2
1970/01/01 15:35:20,tcp-syn,1
1970/01/01 15:35:25,tcp-syn,1
1970/01/01 15:35:28,tcp-syn,1
1970/01/01 15:35:33,tcp-syn,1
1970/01/01 15:35:37,tcp-syn,1
1970/01/01 15:35:38,tcp-syn,1
1970/01/01 15:35:49,tcp-syn,1
1970/01/01 15:35:53,tcp-syn,1
1970/01/01 15:36:03,tcp-syn,2
1970/01/01 15:36:07,tcp-syn,1
1970/01/01 15:36:09,tcp-syn,2
1970/01/01 15:36:19,tcp-syn,1
1970/01/01 15:36:22,tcp-syn,1
1970/01/01 15:36:28,tcp-syn,2
1970/01/01 15:36:30,tcp-syn,2
1970/01/01 15:36:38,tcp-syn,2
1970/01/01 15:36:42,tcp-syn,1
1970/01/01 15:36:52,tcp-syn,1
1970/01/01 15:36:55,tcp-syn,2
1970/01/01 15:37:05,tcp-syn,1
1970/01/01 15:37:06,tcp-syn,1
1970/01/01 15:37:14,tcp-syn,1
1970/01/01 15:37:18,tcp-syn,2
1970/01/01 15:37:21,udp,1
1970/01/01 15:37:26,tcp-syn,1
1970/01/01 15:37:44,tcp-syn,2
1970/01/01 15:38:04,tcp-syn,1
1970/01/01 15:38:09,udp,2
1970/01/01 15:38:13,tcp-syn,1
1970/01/01 15:38:15,tcp-syn,2
1970/01/01 15:38:17,tcp-syn,1
1970/01/01 15:38:20,tcp-syn,1
1970/01/01 15:38:23,tcp-syn,1
1970/01/01 15:38:24,tcp-syn,1
1970/01/01 15:38:25,tcp-syn,1
1970/01/01 15:38:30,tcp-syn,5
1970/01/01 15:38:30,udp,1
1970/01/01 15:38:32,tcp-syn,1
1970/01/01 15:38:33,icmp,3
1970/01/01 15:38:34,tcp-syn,1
1970/01/01 15:38:36,udp,2
1970/01/01 15:38:41,tcp-syn,2
1970/01/01 15:38:42,tcp-syn,1
1970/01/01 15:38:43,tcp-syn,1
1970/01/01 15:38:53,tcp-syn,2
1970/01/01 15:39:01,tcp-syn,1
1970/01/01 15:39:05,tcp-syn,1
1970/01/01 15:39:08,tcp-syn,1
1970/01/01 15:39:12,tcp-syn,2
1970/01/01 15:39:16,tcp-syn,2
1970/01/01 15:39:23,tcp-syn,1
1970/01/01 15:39:35,udp,5
1970/01/01 15:39:45,tcp-syn,2
1970/01/01 15:39:50,tcp-syn,1
1970/01/01 15:39:56,tcp-syn,2
1970/01/01 15:39:59,tcp-syn,1
1970/01/01 15:40:10,tcp-syn,1
1970/01/01 15:40:13,tcp-syn,1
1970/01/01 15:40:14,tcp-syn,2
1970/01/01 15:40:15,tcp-syn,1
1970/01/01 15:40:16,tcp-syn,1
1970/01/01 15:40:24,tcp-syn,2
1970/01/01 15:40:31,tcp-syn,1
1970/01/01 15:40:40,tcp-syn,2
1970/01/01 15:40:45,tcp-syn,1
1970/01/01 15:40:55,udp,1
1970/01/01 15:41:00,tcp-syn,1
1970/01/01 15:41:06,tcp-syn,5
1970/01/01 15:41:08,tcp-syn,3
1970/01/01 15:41:09,tcp-syn,1
1970/01/01 15:41:10,tcp-syn,1
1970/01/01 15:41:14,tcp-syn,2
1970/01/01 15:41:17,tcp-syn,5
1970/01/01 15:41:23,tcp-syn,1
1970/01/01 15:41:31,tcp-syn,1
1970/01/01 15:41:32,tcp-syn,1
1970/01/01 15:41:33,udp,2
1970/01/01 15:41:54,udp,1
1970/01/01 15:41:56,tcp-syn,3
1970/01/01 15:41:58,tcp-syn,1
1970/01/01 15:42:04,tcp-syn,2
1970/01/01 15:42:13,tcp-syn,5
1970/01/01 15:42:17,tcp-syn,2
1970/01/01 15:42:18,tcp-syn,1
1970/01/01 15:42:22,tcp-syn,2
1970/01/01 15:42:24,tcp-syn,1
1970/01/01 15:42:29,tcp-syn,1
1970/01/01 15:42:31,tcp-syn,1
1970/01/01 15:42:32,tcp-syn,1
1970/01/01 15:42:33,tcp-syn,4
1970/01/01 15:42:36,tcp-syn,1
1970/01/01 15:42:37,tcp-syn,1
1970/01/01 15:42:44,tcp-syn,1
1970/01/01 15:42:47,tcp-syn,1
1970/01/01 15:42:48,tcp-syn,1
1970/01/01 15:42:52,tcp-syn,1
1970/01/01 15:43:03,tcp-syn,1
1970/01/01 15:43:11,tcp-syn,1
1970/01/01 15:43:14,tcp-syn,1
1970/01/01 15:43:24,udp,2
1970/01/01 15:43:33,tcp-syn,1
1970/01/01 15:43:40,tcp-syn,3
1970/01/01 15:43:42,other-ip,1
1970/01/01 15:43:43,tcp-syn,1
1970/01/01 15:43:51,tcp-syn,1
1970/01/01 15:43:54,tcp-syn,2
1970/01/01 15:43:55,icmp,1
1970/01/01 15:43:56,tcp-syn,1
1970/01/01 15:44:06,tcp-syn,1
1970/01/01 15:44:10,tcp-syn,1
1970/01/01 15:44:43,tcp-syn,1
1970/01/01 15:44:45,tcp-syn,1
1970/01/01 15:44:50,tcp-syn,1
1970/01/01 15:44:51,tcp-syn,2
1970/01/01 15:44:57,tcp-syn,1
1970/01/01 15:45:02,udp,2
1970/01/01 15:45:04,tcp-syn,2
1970/01/01 15:45:09,udp,1
1970/01/01 15:45:33,tcp-syn,1
1970/01/01 15:45:41,tcp-syn,1
1970/01/01 15:45:43,tcp-syn,1
1970/01/01 15:45:47,tcp-syn,1
1970/01/01 15:45:49,tcp-syn,2
1970/01/01 15:45:50,tcp-syn,1
1970/01/01 15:45:52,tcp-syn,4
1970/01/01 15:45:53,tcp-syn,1
1970/01/01 15:45:59,tcp-syn,2
1970/01/01 15:46:02,tcp-syn,1
1970/01/01 15:46:03,tcp-syn,2
1970/01/01 15:46:04,tcp-syn,1
1970/01/01 15:46:08,tcp-syn,2
1970/01/01 15:46:08,udp,1
1970/01/01 15:46:12,tcp-syn,2
1970/01/01 15:46:15,tcp-syn,1
1970/01/01 15:46:15,udp,6
1970/01/01 15:46:19,tcp-syn,1
1970/01/01 15:46:27,tcp-syn,2
1970/01/01 15:46:29,tcp-syn,1
1970/01/01 15:46:39,tcp-syn,2
1970/01/01 15:46:42,tcp-syn,2
1970/01/01 15:46:59,tcp-syn,2
1970/01/01 15:47:07,tcp-syn,1
1970/01/01 15:47:20,tcp-syn,1
1970/01/01 15:47:21,tcp-syn,2
1970/01/01 15:47:22,udp,2
1970/01/01 15:47:23,tcp-syn,1
1970/01/01 15:47:26,tcp-syn,1
1970/01/01 15:47:27,tcp-syn,2
1970/01/01 15:47:31,tcp-syn,1
1970/01/01 15:47:32,tcp-syn,2
1970/01/01 15:47:41,tcp-syn,1
1970/01/01 15:47:44,tcp-syn,1
1970/01/01 15:47:44,udp,2
1970/01/01 15:47:47,tcp-syn,1
1970/01/01 15:47:52,tcp-syn,2
1970/01/01 15:48:00,udp,2
1970/01/01 15:48:03,tcp-syn,2
1970/01/01 15:48:11,tcp-syn,1
1970/01/01 15:48:11,udp,1
1970/01/01 15:48:15,tcp-syn,1
1970/01/01 15:48:29,udp,1
1970/01/01 15:48:32,tcp-syn,1
1970/01/01 15:48:45,tcp-syn,2
1970/01/01 15:48:50,tcp-syn,1
1970/01/01 15:48:52,tcp-syn,2
1970/01/01 15:48:55,tcp-syn,4
1970/01/01 15:48:58,tcp-syn,1
1970/01/01 15:48:59,tcp-syn,4
1970/01/01 15:49:00,tcp-syn,1
1970/01/01 15:49:02,tcp-syn,1
1970/01/01 15:49:03,tcp-syn,4
1970/01/01 15:49:04,tcp-syn,1
1970/01/01 15:49:11,tcp-syn,2
1970/01/01 15:49:12,tcp-syn,1
1970/01/01 15:49:14,tcp-syn,1
1970/01/01 15:49:29,udp,2
1970/01/01 15:49:35,tcp-syn,2
1970/01/01 15:49:40,udp,1
1970/01/01 15:49:46,tcp-syn,1
1970/01/01 15:49:53,tcp-syn,1
1970/01/01 15:49:53,udp,1
1970/01/01 15:49:54,tcp-syn,2
1970/01/01 15:50:01,tcp-syn,1
1970/01/01 15:50:06,tcp-syn,1
1970/01/01 15:50:07,tcp-syn,1
1970/01/01 15:50:21,udp,2
1970/01/01 15:50:33,tcp-syn,1
1970/01/01 15:50:35,tcp-syn,4
1970/01/01 15:50:50,tcp-syn,1
1970/01/01 15:50:50,udp,2
1970/01/01 15:50:56,tcp-syn,1
1970/01/01 15:51:03,tcp-syn,2
1970/01/01 15:51:14,tcp-syn,1
1970/01/01 15:51:17,tcp-syn,1
1970/01/01 15:51:25,udp,1
1970/01/01 15:51:33,tcp-syn,2
1970/01/01 15:51:44,tcp-syn,1
1970/01/01 15:51:45,tcp-syn,1
1970/01/01 15:51:54,tcp-syn,1
1970/01/01 15:52:18,tcp-syn,2
1970/01/01 15:52:21,tcp-syn,1
1970/01/01 15:52:32,tcp-syn,1
1970/01/01 15:52:34,udp,1
1970/01/01 15:52:40,tcp-syn,1
1970/01/01 15:52:46,tcp-syn,5
1970/01/01 15:52:48,udp,2
1970/01/01 15:53:00,tcp-syn,1
1970/01/01 15:53:01,tcp-syn,1
1970/01/01 15:53:07,tcp-syn,2
1970/01/01 15:53:16,tcp-syn,1
1970/01/01 15:53:20,tcp-syn,1
1970/01/01 15:53:23,tcp-syn,1
1970/01/01 15:53:29,tcp-syn,2
1970/01/01 15:53:39,tcp-syn,2
1970/01/01 15:53:40,tcp-syn,2
1970/01/01 15:53:43,tcp-syn,1
1970/01/01 15:53:44,tcp-syn,1
1970/01/01 15:53:51,tcp-syn,2
1970/01/01 15:53:59,udp,1
1970/01/01 15:54:12,tcp-syn,5
1970/01/01 15:54:13,tcp-syn,2
1970/01/01 15:54:15,tcp-syn,1
1970/01/01 15:54:17,tcp-syn,1
1970/01/01 15:54:19,tcp-syn,2
1970/01/01 15:54:25,tcp-syn,1
1970/01/01 15:54:29,tcp-syn,1
1970/01/01 15:54:32,tcp-syn,1
1970/01/01 15:54:38,tcp-syn,4
1970/01/01 15:54:40,tcp-syn,1
1970/01/01 15:54:43,tcp-syn,1
1970/01/01 15:55:11,tcp-syn,1
1970/01/01 15:55:13,tcp-syn,5
1970/01/01 15:55:26,tcp-syn,1
1970/01/01 15:55:30,tcp-syn,2
1970/01/01 15:55:32,tcp-syn,1
1970/01/01 15:55:33,tcp-syn,2
1970/01/01 15:55:38,tcp-syn,1
1970/01/01 15:55:47,tcp-syn,1
1970/01/01 15:55:54,tcp-syn,4
1970/01/01 15:55:57,udp,1
1970/01/01 15:55:58,tcp-syn,4
1970/01/01 15:55:58,udp,6
1970/01/01 15:55:59,tcp-syn,1
1970/01/01 15:56:00,tcp-syn,2
1970/01/01 15:56:08,tcp-syn,2
1970/01/01 15:56:08,udp,1
1970/01/01 15:56:13,tcp-syn,4
1970/01/01 15:56:16,tcp-syn,1
1970/01/01 15:56:19,udp,1
1970/01/01 15:56:21,tcp-syn,2
1970/01/01 15:56:28,tcp-syn,2
1970/01/01 15:56:29,tcp-syn,1
1970/01/01 15:56:31,tcp-syn,2
1970/01/01 15:56:35,tcp-syn,2
1970/01/01 15:56:41,udp,2
1970/01/01 15:56:48,tcp-syn,1
1970/01/01 15:56:56,tcp-syn,1
1970/01/01 15:56:58,tcp-syn,1
1970/01/01 15:57:01,tcp-syn,1
1970/01/01 15:57:16,tcp-syn,1
1970/01/01 15:57:26,tcp-syn,1
1970/01/01 15:57:29,tcp-syn,2
1970/01/01 15:57:34,tcp-syn,1
1970/01/01 15:57:39,tcp-syn,1
1970/01/01 15:57:41,tcp-syn,5
1970/01/01 15:57:44,tcp-syn,1
1970/01/01 15:57:47,tcp-syn,1
1970/01/01 15:58:02,tcp-syn,1
1970/01/01 15:58:03,tcp-syn,2
1970/01/01 15:58:18,tcp-syn,1
1970/01/01 15:58:20,udp,1
1970/01/01 15:58:21,tcp-syn,2
1970/01/01 15:58:23,tcp-syn,2
1970/01/01 15:58:34,tcp-syn,1
1970/01/01 15:58:35,tcp-syn,2
1970/01/01 15:58:40,tcp-syn,1
1970/01/01 15:58:44,tcp-syn,1
1970/01/01 15:58:59,tcp-syn,1
1970/01/01 15:59:06,tcp-syn,1
1970/01/01 15:59:07,tcp-syn,5
1970/01/01 15:59:09,tcp-syn,2
1970/01/01 15:59:15,other-ip,1
1970/01/01 15:59:16,tcp-syn,1
1970/01/01 15:59:25,udp,5
1970/01/01 15:59:32,tcp-syn,2
1970/01/01 15:59:37,tcp-syn,2
1970/01/01 15:59:41,tcp-syn,4
1970/01/01 15:59:46,tcp-syn,1
1970/01/01 15:59:49,tcp-syn,1
1970/01/01 15:59:51,tcp-syn,1
1970/01/01 15:59:52,tcp-syn,1
1970/01/01 15:59:53,tcp-syn,4
1970/01/01 15:59:59,tcp-syn,2
1970/01/01 16:00:03,udp,2
1970/01/01 16:00:04,icmp,1
1970/01/01 16:00:06,tcp-syn,1
1970/01/01 16:00:09,tcp-syn,1
1970/01/01 16:00:11,tcp-syn,2
1970/01/01 16:00:13,tcp-syn,2
1970/01/01 16:00:16,tcp-syn,1
1970/01/01 16:00:21,tcp-syn,2
1970/01/01 16:00:23,tcp-syn,1
1970/01/01 16:00:24,tcp-syn,2
1970/01/01 16:00:29,tcp-syn,2
1970/01/01 16:00:29,udp,6
1970/01/01 16:00:36,tcp-syn,1
1970/01/01 16:00:37,tcp-syn,1
1970/01/01 16:00:40,tcp-syn,1
1970/01/01 16:00:45,tcp-syn,1
1970/01/01 16:00:55,tcp-syn,1
1970/01/01 16:00:56,tcp-syn,1
1970/01/01 16:00:57,udp,1
1970/01/01 16:01:03,tcp-syn,1
1970/01/01 16:01:05,tcp-syn,1
1970/01/01 16:01:07,tcp-syn,1
1970/01/01 16:01:10,tcp-syn,2
1970/01/01 16:01:13,tcp-syn,1
1970/01/01 16:01:17,tcp-syn,1
1970/01/01 16:01:26,tcp-syn,2
1970/01/01 16:01:29,tcp-syn,1
1970/01/01 16:01:33,tcp-syn,1
1970/01/01 16:01:36,tcp-syn,1
1970/01/01 16:01:40,tcp-syn,1
1970/01/01 16:01:50,tcp-syn,1
1970/01/01 16:01:51,tcp-syn,1
1970/01/01 16:01:52,tcp-syn,1
1970/01/01 16:02:09,tcp-syn,2
1970/01/01 16:02:15,tcp-syn,1
1970/01/01 16:02:16,tcp-syn,1
1970/01/01 16:02:22,tcp-syn,1
1970/01/01 16:02:32,icmp,1
1970/01/01 16:02:39,tcp-syn,2
1970/01/01 16:02:46,tcp-syn,2
1970/01/01 16:02:51,tcp-syn,1
1970/01/01 16:02:52,tcp-syn,1
1970/01/01 16:02:52,udp,1
1970/01/01 16:02:57,udp,1
1970/01/01 16:03:00,tcp-syn,1
1970/01/01 16:03:07,tcp-syn,1
1970/01/01 16:03:08,tcp-syn,1
1970/01/01 16:03:13,tcp-syn,2
1970/01/01 16:03:17,tcp-syn,1
1970/01/01 16:03:21,tcp-syn,1
1970/01/01 16:03:25,icmp,1
1970/01/01 16:03:29,tcp-syn,2
1970/01/01 16:03:33,tcp-syn,4
1970/01/01 16:03:34,tcp-syn,1
1970/01/01 16:03:43,tcp-syn,1
1970/01/01 16:03:49,tcp-syn,1
1970/01/01 16:03:54,tcp-syn,2
1970/01/01 16:03:56,tcp-syn,1
1970/01/01 16:04:01,udp,2
1970/01/01 16:04:08,tcp-syn,1
1970/01/01 16:04:12,tcp-syn,2
1970/01/01 16:04:16,tcp-syn,1
1970/01/01 16:04:21,tcp-syn,1
1970/01/01 16:04:30,udp,1
1970/01/01 16:04:43,tcp-syn,1
1970/01/01 16:04:49,tcp-syn,1
1970/01/01 16:04:52,tcp-syn,1
1970/01/01 16:04:54,udp,1
1970/01/01 16:04:55,tcp-syn,4
1970/01/01 16:04:57,udp,2
1970/01/01 16:05:02,udp,1
1970/01/01 16:05:04,udp,1
1970/01/01 16:05:12,tcp-syn,1
1970/01/01 16:05:24,tcp-syn,2
1970/01/01 16:05:31,tcp-syn,1
1970/01/01 16:05:32,tcp-syn,1
1970/01/01 16:05:40,tcp-syn,1
1970/01/01 16:05:54,tcp-syn,2
1970/01/01 16:05:59,udp,1
1970/01/01 16:06:04,tcp-syn,1
1970/01/01 16:06:08,tcp-syn,1
1970/01/01 16:06:13,tcp-syn,1
1970/01/01 16:06:16,tcp-syn,3
1970/01/01 16:06:20,tcp-syn,1
1970/01/01 16:06:21,tcp-syn,5
1970/01/01 16:06:22,tcp-syn,1
1970/01/01 16:06:27,tcp-syn,1
1970/01/01 16:06:31,tcp-syn,1
1970/01/01 16:06:31,udp,1
1970/01/01 16:06:34,tcp-syn,2
1970/01/01 16:06:36,tcp-syn,2
1970/01/01 16:06:46,udp,1
1970/01/01 16:06:50,tcp-syn,1
1970/01/01 16:07:01,tcp-syn,3
1970/01/01 16:07:07,tcp-syn,2
1970/01/01 16:07:19,tcp-syn,1
1970/01/01 16:07:22,tcp-syn,2
1970/01/01 16:07:32,tcp-syn,1
1970/01/01 16:07:36,tcp-syn,1
1970/01/01 16:07:41,tcp-syn,2
1970/01/01 16:07:42,tcp-syn,5
1970/01/01 16:07:46,tcp-syn,1
1970/01/01 16:07:52,tcp-syn,1
1970/01/01 16:07:59,tcp-syn,1
1970/01/01 16:08:05,tcp-syn,1
1970/01/01 16:08:22,tcp-syn,2
1970/01/01 16:08:32,tcp-syn,2
1970/01/01 16:08:36,tcp-syn,1
1970/01/01 16:08:37,tcp-syn,2
1970/01/01 16:08:40,tcp-syn,2
1970/01/01 16:08:43,tcp-syn,2
1970/01/01 16:08:46,tcp-syn,1
1970/01/01 16:08:52,tcp-syn,4
1970/01/01 16:09:09,tcp-syn,4
1970/01/01 16:09:27,tcp-syn,3
1970/01/01 16:09:28,tcp-syn,1
1970/01/01 16:09:34,tcp-syn,2
1970/01/01 16:09:35,tcp-syn,1
1970/01/01 16:09:36,tcp-syn,1
1970/01/01 16:09:37,tcp-syn,1
1970/01/01 16:09:37,udp,1
1970/01/01 16:09:53,tcp-syn,1
1970/01/01 16:09:58,tcp-syn,1
1970/01/01 16:10:04,tcp-syn,2
1970/01/01 16:10:05,tcp-syn,1
1970/01/01 16:10:11,tcp-syn,1
1970/01/01 16:10:17,tcp-syn,2
1970/01/01 16:10:25,tcp-syn,5
1970/01/01 16:10:33,tcp-syn,1
1970/01/01 16:10:37,tcp-syn,1
1970/01/01 16:10:45,tcp-syn,1
1970/01/01 16:10:46,tcp-syn,1
1970/01/01 16:10:56,tcp-syn,1
1970/01/01 16:10:59,tcp-syn,2
1970/01/01 16:11:01,tcp-syn,1
1970/01/01 16:11:07,tcp-syn,2
1970/01/01 16:11:10,tcp-syn,1
1970/01/01 16:11:11,udp,1
1970/01/01 16:11:15,tcp-syn,1
1970/01/01 16:11:21,tcp-syn,1
1970/01/01 16:11:22,tcp-syn,1
1970/01/01 16:11:23,tcp-syn,1
1970/01/01 16:11:33,tcp-syn,2
1970/01/01 16:11:35,tcp-syn,1
1970/01/01 16:11:39,tcp-syn,1
1970/01/01 16:11:44,tcp-syn,4
1970/01/01 16:12:08,tcp-syn,1
1970/01/01 16:12:11,tcp-syn,1
1970/01/01 16:12:14,tcp-syn,1
1970/01/01 16:12:19,tcp-syn,2
1970/01/01 16:12:25,udp,1
1970/01/01 16:12:26,tcp-syn,2
1970/01/01 16:12:30,tcp-syn,1
1970/01/01 16:12:37,tcp-syn,1
1970/01/01 16:12:44,tcp-syn,1
1970/01/01 16:12:50,tcp-syn,1
1970/01/01 16:12:55,tcp-syn,1
1970/01/01 16:12:56,tcp-syn,1
1970/01/01 16:13:00,tcp-syn,1
1970/01/01 16:13:09,tcp-syn,1
1970/01/01 16:13:11,tcp-syn,1
1970/01/01 16:13:12,tcp-syn,1
1970/01/01 16:13:13,tcp-syn,1
1970/01/01 16:13:15,tcp-syn,2
1970/01/01 16:13:25,tcp-syn,1
1970/01/01 16:13:27,tcp-syn,2
1970/01/01 16:13:34,tcp-syn,4
1970/01/01 16:13:54,tcp-syn,1
1970/01/01 16:13:55,tcp-syn,1
1970/01/01 16:14:02,tcp-syn,1
1970/01/01 16:14:11,tcp-syn,1
1970/01/01 16:14:13,tcp-syn,2
1970/01/01 16:14:17,tcp-syn,4
1970/01/01 16:14:20,tcp-syn,2
1970/01/01 16:14:22,tcp-syn,1
1970/01/01 16:14:26,tcp-syn,1
1970/01/01 16:14:43,tcp-syn,1
1970/01/01 16:14:44,tcp-syn,2
1970/01/01 16:14:48,tcp-syn,1
1970/01/01 16:14:59,udp,1
1970/01/01 16:15:02,tcp-syn,1
1970/01/01 16:15:11,tcp-syn,1
1970/01/01 16:15:14,tcp-syn,1
1970/01/01 16:15:19,tcp-syn,1
1970/01/01 16:15:21,tcp-syn,1
1970/01/01 16:15:22,tcp-syn,1
1970/01/01 16:15:28,tcp-syn,1
1970/01/01 16:15:32,tcp-syn,4
1970/01/01 16:15:34,tcp-syn,3
1970/01/01 16:15:39,tcp-syn,1
1970/01/01 16:15:42,tcp-syn,5
1970/01/01 16:15:45,tcp-syn,2
1970/01/01 16:15:47,tcp-syn,1
1970/01/01 16:15:49,tcp-syn,2
1970/01/01 16:15:55,udp,1
1970/01/01 16:16:06,tcp-syn,2
1970/01/01 16:16:10,tcp-syn,1
1970/01/01 16:16:23,tcp-syn,2
1970/01/01 16:16:24,tcp-syn,1
1970/01/01 16:16:32,tcp-syn,1
1970/01/01 16:16:43,tcp-syn,2
1970/01/01 16:16:47,tcp-syn,1
1970/01/01 16:17:03,tcp-syn,1
1970/01/01 16:17:05,tcp-syn,1
1970/01/01 16:17:12,tcp-syn,1
1970/01/01 16:17:16,tcp-syn,2
1970/01/01 16:17:20,tcp-syn,5
1970/01/01 16:17:23,tcp-syn,1
1970/01/01 16:17:24,tcp-syn,2
1970/01/01 16:17:32,udp,1
1970/01/01 16:17:39,udp,1
1970/01/01 16:17:40,tcp-syn,1
1970/01/01 16:17:43,tcp-syn,1
1970/01/01 16:17:44,tcp-syn,1
1970/01/01 16:17:46,tcp-syn,2
1970/01/01 16:17:49,tcp-syn,1
1970/01/01 16:17:51,tcp-syn,2
1970/01/01 16:17:54,tcp-syn,5
1970/01/01 16:17:58,tcp-syn,1
1970/01/01 16:18:00,tcp-syn,2
1970/01/01 16:18:03,tcp-syn,2
1970/01/01 16:18:11,tcp-syn,1
1970/01/01 16:18:14,tcp-syn,2
1970/01/01 16:18:16,tcp-syn,1
1970/01/01 16:18:20,tcp-syn,2
1970/01/01 16:18:22,udp,1
1970/01/01 16:18:34,tcp-syn,5
1970/01/01 16:18:36,tcp-syn,1
1970/01/01 16:18:37,tcp-syn,1
1970/01/01 16:18:43,tcp-syn,1
1970/01/01 16:18:51,udp,1
1970/01/01 16:19:05,tcp-syn,1
1970/01/01 16:19:16,tcp-syn,1
1970/01/01 16:19:19,tcp-syn,5
1970/01/01 16:19:21,tcp-syn,2
1970/01/01 16:19:24,tcp-syn,2
1970/01/01 16:19:30,tcp-syn,2
1970/01/01 16:19:33,udp,1
1970/01/01 16:19:34,tcp-syn,1
1970/01/01 16:19:44,tcp-syn,2
1970/01/01 16:19:49,tcp-syn,5
1970/01/01 16:19:51,tcp-syn,1
1970/01/01 16:19:55,tcp-syn,1
1970/01/01 16:19:55,udp,2
1970/01/01 16:20:03,tcp-syn,1
1970/01/01 16:20:06,tcp-syn,1
1970/01/01 16:20:09,tcp-syn,2
1970/01/01 16:20:12,tcp-syn,3
1970/01/01 16:20:18,tcp-syn,2
1970/01/01 16:20:30,tcp-syn,2
1970/01/01 16:20:32,tcp-syn,1
1970/01/01 16:20:40,tcp-syn,2
1970/01/01 16:20:45,tcp-syn,2
1970/01/01 16:20:50,tcp-syn,2
1970/01/01 16:20:50,udp,2
1970/01/01 16:20:50,icmp,1
1970/01/01 16:20:54,tcp-syn,1
1970/01/01 16:21:02,tcp-syn,1
1970/01/01 16:21:03,tcp-syn,2
1970/01/01 16:21:07,tcp-syn,1
1970/01/01 16:21:09,tcp-syn,2
1970/01/01 16:21:12,tcp-syn,1
1970/01/01 16:21:20,tcp-syn,2
1970/01/01 16:21:22,tcp-syn,1
1970/01/01 16:21:25,tcp-syn,2
1970/01/01 16:21:27,tcp-syn,5
1970/01/01 16:21:29,tcp-syn,2
1970/01/01 16:21:32,tcp-syn,1
1970/01/01 16:21:35,tcp-syn,2
1970/01/01 16:21:46,tcp-syn,1
1970/01/01 16:21:48,tcp-syn,1
1970/01/01 16:21:49,tcp-syn,2
1970/01/01 16:21:51,tcp-syn,2
1970/01/01 16:21:57,tcp-syn,2
1970/01/01 16:21:59,tcp-syn,2
1970/01/01 16:22:00,udp,2
1970/01/01 16:22:03,tcp-syn,1
1970/01/01 16:22:04,tcp-syn,1
1970/01/01 16:22:08,tcp-syn,3
1970/01/01 16:22:10,tcp-syn,1
1970/01/01 16:22:17,tcp-syn,1
1970/01/01 16:22:25,udp,1
1970/01/01 16:22:27,tcp-syn,1
1970/01/01 16:22:31,udp,1
1970/01/01 16:22:32,tcp-syn,1
1970/01/01 16:22:33,tcp-syn,2
1970/01/01 16:22:39,tcp-syn,1
1970/01/01 16:22:46,tcp-syn,1
1970/01/01 16:22:47,tcp-syn,1
1970/01/01 16:22:48,tcp-syn,1
1970/01/01 16:22:55,tcp-syn,1
1970/01/01 16:23:00,tcp-syn,1
1970/01/01 16:23:16,tcp-syn,1
1970/01/01 16:23:18,tcp-syn,1
1970/01/01 16:23:22,tcp-syn,1
1970/01/01 16:23:44,tcp-syn,4
1970/01/01 16:23:51,tcp-syn,1
1970/01/01 16:24:03,icmp,2
1970/01/01 16:24:07,tcp-syn,2
1970/01/01 16:24:10,tcp-syn,2
1970/01/01 16:24:16,tcp-syn,1
1970/01/01 16:24:19,tcp-syn,1
1970/01/01 16:24:24,tcp-syn,1
1970/01/01 16:24:25,tcp-syn,3
1970/01/01 16:24:27,tcp-syn,1
1970/01/01 16:24:29,tcp-syn,1
1970/01/01 16:24:43,tcp-syn,2
1970/01/01 16:24:44,tcp-syn,1
1970/01/01 16:24:51,tcp-syn,2
1970/01/01 16:24:53,tcp-syn,1
1970/01/01 16:24:57,tcp-syn,1
1970/01/01 16:24:58,tcp-syn,1
1970/01/01 16:25:14,tcp-syn,1
1970/01/01 16:25:17,tcp-syn,1
1970/01/01 16:25:19,tcp-syn,4
1970/01/01 16:25:20,tcp-syn,1
1970/01/01 16:25:36,tcp-syn,1
1970/01/01 16:25:41,tcp-syn,1
1970/01/01 16:25:47,udp,1
1970/01/01 16:25:51,tcp-syn,1
1970/01/01 16:26:04,tcp-syn,5
1970/01/01 16:26:07,tcp-syn,1
1970/01/01 16:26:10,tcp-syn,1
1970/01/01 16:26:13,tcp-syn,2
1970/01/01 16:26:14,tcp-syn,2
1970/01/01 16:26:18,tcp-syn,2
1970/01/01 16:26:22,tcp-syn,1
1970/01/01 16:26:30,tcp-syn,1
1970/01/01 16:26:37,tcp-syn,2
1970/01/01 16:26:40,tcp-syn,2
1970/01/01 16:26:47,tcp-syn,1
1970/01/01 16:26:50,tcp-syn,1
1970/01/01 16:26:51,tcp-syn,2
1970/01/01 16:26:53,tcp-syn,1
1970/01/01 16:26:55,tcp-syn,1
1970/01/01 16:27:07,tcp-syn,4
1970/01/01 16:27:09,tcp-syn,1
1970/01/01 16:27:11,tcp-syn,1
1970/01/01 16:27:14,tcp-syn,2
1970/01/01 16:27:16,tcp-syn,2
1970/01/01 16:27:24,tcp-syn,1
1970/01/01 16:27:29,tcp-syn,1
1970/01/01 16:27:32,tcp-syn,1
1970/01/01 16:27:34,tcp-syn,1
1970/01/01 16:27:37,tcp-syn,1
1970/01/01 16:27:41,tcp-syn,1
1970/01/01 16:27:43,tcp-syn,1
1970/01/01 16:27:45,tcp-syn,1
1970/01/01 16:28:05,tcp-syn,5
1970/01/01 16:28:07,tcp-syn,1
1970/01/01 16:28:08,tcp-syn,1
1970/01/01 16:28:11,tcp-syn,1
1970/01/01 16:28:15,tcp-syn,1
1970/01/01 16:28:16,udp,1
1970/01/01 16:28:37,tcp-syn,1
1970/01/01 16:28:38,tcp-syn,2
1970/01/01 16:28:42,tcp-syn,1
1970/01/01 16:28:43,tcp-syn,2
1970/01/01 16:28:51,icmp,1
1970/01/01 16:29:01,tcp-syn,2
1970/01/01 16:29:11,tcp-syn,4
1970/01/01 16:29:17,tcp-syn,1
1970/01/01 16:29:28,udp,1
1970/01/01 16:29:31,tcp-syn,1
1970/01/01 16:29:43,tcp-syn,1
1970/01/01 16:29:44,tcp-syn,1
1970/01/01 16:29:47,tcp-syn,2
1970/01/01 16:29:51,tcp-syn,3
1970/01/01 16:29:52,tcp-syn,1
1970/01/01 16:29:57,tcp-syn,1
1970/01/01 16:29:58,tcp-syn,1
1970/01/01 16:30:00,tcp-syn,1
1970/01/01 16:30:04,tcp-syn,1
1970/01/01 16:30:12,tcp-syn,3
1970/01/01 16:30:25,tcp-syn,1
1970/01/01 16:30:26,tcp-syn,1
1970/01/01 16:30:32,tcp-syn,1
1970/01/01 16:30:37,tcp-syn,1
1970/01/01 16:30:49,tcp-syn,1
1970/01/01 16:30:57,tcp-syn,1
1970/01/01 16:31:09,tcp-syn,1
1970/01/01 16:31:10,tcp-syn,1
1970/01/01 16:31:16,tcp-syn,2
1970/01/01 16:31:23,tcp-syn,1
1970/01/01 16:31:24,tcp-syn,1
1970/01/01 16:31:25,tcp-syn,2
1970/01/01 16:31:27,tcp-syn,1
1970/01/01 16:31:30,tcp-syn,1
1970/01/01 16:31:42,tcp-syn,1
1970/01/01 16:31:46,tcp-syn,1
1970/01/01 16:31:47,tcp-syn,3
1970/01/01 16:31:49,tcp-syn,1
1970/01/01 16:31:50,tcp-syn,1
1970/01/01 16:31:54,tcp-syn,1
1970/01/01 16:31:57,tcp-syn,2
1970/01/01 16:32:03,tcp-syn,1
1970/01/01 16:32:07,tcp-syn,2
1970/01/01 16:32:08,tcp-syn,3
1970/01/01 16:32:12,tcp-syn,1
1970/01/01 16:32:26,tcp-syn,1
1970/01/01 16:32:31,tcp-syn,2
1970/01/01 16:32:38,tcp-syn,2
1970/01/01 16:32:43,udp,1
1970/01/01 16:32:55,udp,1
1970/01/01 16:32:57,tcp-syn,2
1970/01/01 16:32:58,tcp-syn,2
1970/01/01 16:33:04,tcp-syn,1
1970/01/01 16:33:16,tcp-syn,1
1970/01/01 16:33:25,tcp-syn,5
1970/01/01 16:33:26,tcp-syn,1
1970/01/01 16:33:28,tcp-syn,1
1970/01/01 16:33:36,tcp-syn,1
1970/01/01 16:33:38,tcp-syn,1
1970/01/01 16:33:41,udp,1
1970/01/01 16:33:46,tcp-syn,5
1970/01/01 16:33:47,tcp-syn,1
1970/01/01 16:33:50,tcp-syn,1
1970/01/01 16:33:51,tcp-syn,1
1970/01/01 16:33:56,udp,2
1970/01/01 16:33:57,tcp-syn,2
1970/01/01 16:34:04,tcp-syn,2
1970/01/01 16:34:04,udp,1
1970/01/01 16:34:05,tcp-syn,2
1970/01/01 16:34:09,tcp-syn,2
1970/01/01 16:34:14,tcp-syn,1
1970/01/01 16:34:15,tcp-syn,1
1970/01/01 16:34:18,tcp-syn,2
1970/01/01 16:34:23,tcp-syn,1
1970/01/01 16:34:33,tcp-syn,1
1970/01/01 16:34:37,tcp-syn,2
1970/01/01 16:34:40,tcp-syn,2
1970/01/01 16:34:41,tcp-syn,2
1970/01/01 16:34:42,tcp-syn,1
1970/01/01 16:34:47,tcp-syn,1
1970/01/01 16:34:49,tcp-syn,5
1970/01/01 16:35:03,tcp-syn,2
1970/01/01 16:35:05,tcp-syn,1
1970/01/01 16:35:15,tcp-syn,1
1970/01/01 16:35:17,tcp-syn,1
1970/01/01 16:35:20,tcp-syn,2
1970/01/01 16:35:23,tcp-syn,1
1970/01/01 16:35:28,tcp-syn,1
1970/01/01 16:35:33,tcp-syn,1
1970/01/01 16:35:37,tcp-syn,1
1970/01/01 16:35:46,tcp-syn,1
1970/01/01 16:35:50,tcp-syn,1
1970/01/01 16:35:53,udp,2
1970/01/01 16:35:56,tcp-syn,1
1970/01/01 16:35:56,udp,1
1970/01/01 16:35:59,tcp-syn,1
1970/01/01 16:36:02,udp,1
1970/01/01 16:36:04,tcp-syn,2
1970/01/01 16:36:09,tcp-syn,1
1970/01/01 16:36:09,udp,2
1970/01/01 16:36:18,tcp-syn,1
1970/01/01 16:36:19,tcp-syn,3
1970/01/01 16:36:34,tcp-syn,1
1970/01/01 16:36:40,tcp-syn,1
1970/01/01 16:36:41,tcp-syn,2
1970/01/01 16:36:48,tcp-syn,1
1970/01/01 16:36:49,udp,1
1970/01/01 16:36:50,tcp-syn,1
1970/01/01 16:36:51,tcp-syn,1
1970/01/01 16:36:54,tcp-syn,1
1970/01/01 16:36:55,tcp-syn,1
1970/01/01 16:37:05,tcp-syn,1
1970/01/01 16:37:15,tcp-syn,3
1970/01/01 16:37:16,tcp-syn,2
1970/01/01 16:37:23,tcp-syn,2
1970/01/01 16:37:25,tcp-syn,2
1970/01/01 16:37:30,tcp-syn,1
1970/01/01 16:37:38,tcp-syn,1
1970/01/01 16:37:39,tcp-syn,1
1970/01/01 16:37:39,udp,2
1970/01/01 16:37:44,tcp-syn,1
1970/01/01 16:37:51,tcp-syn,2
1970/01/01 16:38:06,tcp-syn,1
1970/01/01 16:38:08,tcp-syn,2
1970/01/01 16:38:10,tcp-syn,1
1970/01/01 16:38:11,tcp-syn,4
1970/01/01 16:38:15,tcp-syn,1
1970/01/01 16:38:17,tcp-syn,2
1970/01/01 16:38:25,tcp-syn,2
1970/01/01 16:38:31,tcp-syn,2
1970/01/01 16:38:33,tcp-syn,1
1970/01/01 16:38:39,tcp-syn,1
1970/01/01 16:38:42,tcp-syn,1
1970/01/01 16:38:49,tcp-syn,2
1970/01/01 16:38:54,tcp-syn,1
1970/01/01 16:38:59,udp,1
1970/01/01 16:39:00,tcp-syn,1
1970/01/01 16:39:01,tcp-syn,1
1970/01/01 16:39:07,tcp-syn,5
1970/01/01 16:39:08,tcp-syn,1
1970/01/01 16:39:15,tcp-syn,1
1970/01/01 16:39:16,tcp-syn,1
1970/01/01 16:39:18,tcp-syn,1
1970/01/01 16:39:30,tcp-syn,1
1970/01/01 16:39:33,tcp-syn,1
1970/01/01 16:39:37,tcp-syn,4
1970/01/01 16:39:39,tcp-syn,1
1970/01/01 16:39:53,tcp-syn,1
1970/01/01 16:40:11,tcp-syn,1
1970/01/01 16:40:15,udp,1
1970/01/01 16:40:19,tcp-syn,3
1970/01/01 16:40:23,tcp-syn,2
1970/01/01 16:40:24,tcp-syn,1
1970/01/01 16:40:29,tcp-syn,1
1970/01/01 16:40:32,tcp-syn,1
1970/01/01 16:40:34,tcp-syn,1
1970/01/01 16:40:40,tcp-syn,1
1970/01/01 16:40:43,udp,1
1970/01/01 16:40:45,tcp-syn,1
1970/01/01 16:40:54,tcp-syn,2
1970/01/01 16:41:05,tcp-syn,1
1970/01/01 16:41:16,tcp-syn,2
1970/01/01 16:41:17,tcp-syn,1
1970/01/01 16:41:18,tcp-syn,1
1970/01/01 16:41:23,tcp-syn,1
1970/01/01 16:41:41,tcp-syn,1
1970/01/01 16:41:42,tcp-syn,2
1970/01/01 16:41:46,tcp-syn,2
1970/01/01 16:41:48,tcp-syn,2
1970/01/01 16:42:00,tcp-syn,2
1970/01/01 16:42:06,tcp-syn,2
1970/01/01 16:42:11,tcp-syn,1
1970/01/01 16:42:13,tcp-syn,1
1970/01/01 16:42:17,tcp-syn,1
1970/01/01 16:42:22,tcp-syn,1
1970/01/01 16:42:23,tcp-syn,1
1970/01/01 16:42:29,tcp-syn,2
1970/01/01 16:42:38,tcp-syn,2
1970/01/01 16:42:39,udp,1
1970/01/01 16:42:41,tcp-syn,2
1970/01/01 16:42:43,tcp-syn,2
1970/01/01 16:42:45,tcp-syn,1
1970/01/01 16:42:48,tcp-syn,2
1970/01/01 16:42:50,tcp-syn,2
1970/01/01 16:42:53,udp,1
1970/01/01 16:42:54,tcp-syn,3
1970/01/01 16:42:58,tcp-syn,1
1970/01/01 16:43:00,udp,1
1970/01/01 16:43:02,tcp-syn,2
1970/01/01 16:43:10,tcp-syn,1
1970/01/01 16:43:12,udp,2
1970/01/01 16:43:16,tcp-syn,2
1970/01/01 16:43:20,tcp-syn,1
1970/01/01 16:43:22,tcp-syn,1
1970/01/01 16:43:23,tcp-syn,1
1970/01/01 16:43:32,tcp-syn,1
1970/01/01 16:43:36,tcp-syn,2
1970/01/01 16:43:38,tcp-syn,1
1970/01/01 16:43:45,tcp-syn,1
1970/01/01 16:43:46,tcp-syn,2
1970/01/01 16:43:49,tcp-syn,1
1970/01/01 16:43:50,tcp-syn,1
1970/01/01 16:43:52,tcp-syn,1
1970/01/01 16:43:53,tcp-syn,2
1970/01/01 16:43:56,udp,1
1970/01/01 16:43:58,udp,1
1970/01/01 16:44:07,tcp-syn,2
1970/01/01 16:44:10,tcp-syn,1
1970/01/01 16:44:18,tcp-syn,4
1970/01/01 16:44:21,tcp-syn,1
1970/01/01 16:44:25,tcp-syn,2
1970/01/01 16:44:30,tcp-syn,2
1970/01/01 16:44:45,tcp-syn,1
1970/01/01 16:44:48,tcp-syn,1
1970/01/01 16:44:49,tcp-syn,1
1970/01/01 16:45:01,tcp-syn,1
1970/01/01 16:45:06,udp,1
1970/01/01 16:45:12,tcp-syn,1
1970/01/01 16:45:20,tcp-syn,1
1970/01/01 16:45:22,tcp-syn,1
1970/01/01 16:45:23,tcp-syn,1
1970/01/01 16:45:28,tcp-syn,1
1970/01/01 16:45:32,tcp-syn,1
1970/01/01 16:45:35,tcp-syn,1
1970/01/01 16:45:36,tcp-syn,1
1970/01/01 16:45:38,tcp-syn,1
1970/01/01 16:45:44,tcp-syn,2
1970/01/01 16:45:46,tcp-syn,2
1970/01/01 16:45:49,tcp-syn,1
1970/01/01 16:45:56,tcp-syn,1
1970/01/01 16:46:04,tcp-syn,1
1970/01/01 16:46:07,tcp-syn,3
1970/01/01 16:46:16,tcp-syn,1
1970/01/01 16:46:20,tcp-syn,1
1970/01/01 16:46:21,tcp-syn,1
1970/01/01 16:46:22,tcp-syn,3
1970/01/01 16:46:27,tcp-syn,1
1970/01/01 16:46:41,tcp-syn,2
1970/01/01 16:46:43,tcp-syn,1
1970/01/01 16:46:47,tcp-syn,1
1970/01/01 16:46:53,tcp-syn,3
1970/01/01 16:47:10,tcp-syn,2
1970/01/01 16:47:22,tcp-syn,1
1970/01/01 16:47:27,tcp-syn,1
1970/01/01 16:47:38,udp,2
1970/01/01 16:47:43,tcp-syn,1
1970/01/01 16:47:51,tcp-syn,1
1970/01/01 16:47:52,tcp-syn,1
1970/01/01 16:48:01,udp,1
1970/01/01 16:48:05,tcp-syn,1
1970/01/01 16:48:08,tcp-syn,1
1970/01/01 16:48:09,tcp-syn,2
1970/01/01 16:48:15,tcp-syn,1
1970/01/01 16:48:16,udp,1
1970/01/01 16:48:19,tcp-syn,1
1970/01/01 16:48:22,tcp-syn,2
1970/01/01 16:48:25,udp,1
1970/01/01 16:48:26,tcp-syn,2
1970/01/01 16:48:31,tcp-syn,2
1970/01/01 16:48:35,tcp-syn,1
1970/01/01 16:48:45,tcp-syn,2
1970/01/01 16:48:46,tcp-syn,2
1970/01/01 16:48:48,tcp-syn,1
1970/01/01 16:48:50,udp,4
1970/01/01 16:48:54,tcp-syn,1
1970/01/01 16:49:00,tcp-syn,2
1970/01/01 16:49:05,tcp-syn,1
1970/01/01 16:49:06,tcp-syn,1
1970/01/01 16:49:15,icmp,1
1970/01/01 16:49:16,tcp-syn,1
1970/01/01 16:49:17,tcp-syn,1
1970/01/01 16:49:19,tcp-syn,2
1970/01/01 16:49:23,tcp-syn,1
1970/01/01 16:49:24,udp,1
1970/01/01 16:49:27,tcp-syn,1
1970/01/01 16:49:32,tcp-syn,1
1970/01/01 16:49:35,tcp-syn,1
1970/01/01 16:49:36,tcp-syn,1
1970/01/01 16:49:40,tcp-syn,2
1970/01/01 16:49:47,tcp-syn,1
1970/01/01 16:49:50,udp,1
1970/01/01 16:49:51,tcp-syn,1
1970/01/01 16:49:57,tcp-syn,1
1970/01/01 16:50:01,tcp-syn,1
1970/01/01 16:50:16,tcp-syn,1
1970/01/01 16:50:21,tcp-syn,1
1970/01/01 16:50:22,tcp-syn,1
1970/01/01 16:50:24,tcp-syn,1
1970/01/01 16:50:29,tcp-syn,1
1970/01/01 16:50:30,udp,2
1970/01/01 16:50:33,udp,2
1970/01/01 16:50:40,tcp-syn,2
1970/01/01 16:50:49,tcp-syn,1
1970/01/01 16:50:51,tcp-syn,2
1970/01/01 16:50:52,tcp-syn,1
1970/01/01 16:50:57,tcp-syn,4
1970/01/01 16:50:58,udp,2
1970/01/01 16:51:00,tcp-syn,1
1970/01/01 16:51:01,udp,1
1970/01/01 16:51:15,tcp-syn,1
1970/01/01 16:51:15,udp,1
1970/01/01 16:51:31,tcp-syn,2
1970/01/01 16:51:34,tcp-syn,1
1970/01/01 16:51:40,tcp-syn,2
1970/01/01 16:51:43,tcp-syn,2
1970/01/01 16:51:46,tcp-syn,2
1970/01/01 16:51:50,udp,1
1970/01/01 16:51:54,tcp-syn,2
1970/01/01 16:51:58,tcp-syn,5
1970/01/01 16:51:58,udp,2
1970/01/01 16:52:04,tcp-syn,1
1970/01/01 16:52:10,tcp-syn,1
1970/01/01 16:52:13,tcp-syn,1
1970/01/01 16:52:14,tcp-syn,1
1970/01/01 16:52:19,tcp-syn,1
1970/01/01 16:52:24,tcp-syn,1
1970/01/01 16:52:39,tcp-syn,1
1970/01/01 16:52:41,udp,2
1970/01/01 16:52:43,tcp-syn,2
1970/01/01 16:52:49,tcp-syn,1
1970/01/01 16:52:50,tcp-syn,1
1970/01/01 16:52:56,tcp-syn,2
1970/01/01 16:52:59,tcp-syn,1
1970/01/01 16:53:00,tcp-syn,1
1970/01/01 16:53:01,tcp-syn,1
1970/01/01 16:53:03,tcp-syn,1
1970/01/01 16:53:04,tcp-syn,1
1970/01/01 16:53:05,tcp-syn,1
1970/01/01 16:53:08,tcp-syn,2
1970/01/01 16:53:08,udp,2
1970/01/01 16:53:14,tcp-syn,1
1970/01/01 16:53:14,udp,2
1970/01/01 16:53:15,tcp-syn,2
1970/01/01 16:53:21,tcp-syn,1
1970/01/01 16:53:23,udp,2
1970/01/01 16:53:28,tcp-syn,1
1970/01/01 16:53:28,udp,1
1970/01/01 16:53:29,tcp-syn,1
1970/01/01 16:53:34,tcp-syn,2
1970/01/01 16:53:37,udp,1
1970/01/01 16:53:43,tcp-syn,2
1970/01/01 16:53:48,tcp-syn,1
1970/01/01 16:53:53,tcp-syn,2
1970/01/01 16:53:58,tcp-syn,1
1970/01/01 16:54:03,tcp-syn,1
1970/01/01 16:54:05,tcp-syn,2
1970/01/01 16:54:11,tcp-syn,1
1970/01/01 16:54:12,tcp-syn,1
1970/01/01 16:54:21,tcp-syn,1
1970/01/01 16:54:27,tcp-syn,1
1970/01/01 16:54:37,tcp-syn,1
1970/01/01 16:54:40,tcp-syn,2
1970/01/01 16:54:52,tcp-syn,1
1970/01/01 16:55:00,tcp-syn,1
1970/01/01 16:55:02,tcp-syn,1
1970/01/01 16:55:07,tcp-syn,1
1970/01/01 16:55:15,tcp-syn,2
1970/01/01 16:55:21,tcp-syn,1
1970/01/01 16:55:27,udp,1
1970/01/01 16:55:35,tcp-syn,1
1970/01/01 16:55:36,tcp-syn,2
1970/01/01 16:55:37,tcp-syn,3
1970/01/01 16:55:39,tcp-syn,1
1970/01/01 16:55:41,tcp-syn,1
1970/01/01 16:55:50,tcp-syn,2
1970/01/01 16:55:51,tcp-syn,1
1970/01/01 16:56:06,tcp-syn,3
1970/01/01 16:56:11,tcp-syn,3
1970/01/01 16:56:17,tcp-syn,1
1970/01/01 16:56:18,udp,1
1970/01/01 16:56:32,tcp-syn,1
1970/01/01 16:56:35,tcp-syn,1
1970/01/01 16:56:36,tcp-syn,1
1970/01/01 16:56:38,tcp-syn,1
1970/01/01 16:56:44,tcp-syn,1
1970/01/01 16:56:45,tcp-syn,1
1970/01/01 16:56:53,tcp-syn,1
1970/01/01 16:57:07,tcp-syn,1
1970/01/01 16:57:12,tcp-syn,1
1970/01/01 16:57:15,tcp-syn,1
1970/01/01 16:57:20,tcp-syn,1
1970/01/01 16:57:27,tcp-syn,1
1970/01/01 16:57:30,tcp-syn,1
1970/01/01 16:57:40,tcp-syn,2
1970/01/01 16:57:49,tcp-syn,1
1970/01/01 16:57:50,tcp-syn,1
1970/01/01 16:57:51,tcp-syn,1
1970/01/01 16:57:55,tcp-syn,1
1970/01/01 16:58:13,tcp-syn,1
1970/01/01 16:58:14,tcp-syn,2
1970/01/01 16:58:18,tcp-syn,1
1970/01/01 16:58:21,tcp-syn,1
1970/01/01 16:58:25,tcp-syn,1
1970/01/01 16:58:34,tcp-syn,1
1970/01/01 16:58:35,tcp-syn,1
1970/01/01 16:58:36,tcp-syn,1
1970/01/01 16:58:40,icmp,1
1970/01/01 16:58:41,tcp-syn,2
1970/01/01 16:58:42,tcp-syn,1
1970/01/01 16:58:44,tcp-syn,1
1970/01/01 16:58:48,tcp-syn,1
1970/01/01 16:58:50,tcp-syn,1
1970/01/01 16:58:55,udp,4
1970/01/01 16:59:01,udp,1
1970/01/01 16:59:09,tcp-syn,1
1970/01/01 16:59:18,tcp-syn,1
1970/01/01 16:59:20,tcp-syn,1
1970/01/01 16:59:22,tcp-syn,1
1970/01/01 16:59:26,udp,2
1970/01/01 16:59:35,tcp-syn,1
1970/01/01 16:59:37,tcp-syn,1
1970/01/01 16:59:43,tcp-syn,2
1970/01/01 16:59:44,tcp-syn,1
1970/01/01 16:59:47,tcp-syn,2
1970/01/01 16:59:48,tcp-syn,1
1970/01/01 16:59:49,tcp-syn,5
1970/01/01 16:59:54,tcp-syn,1
1970/01/01 16:59:57,tcp-syn,1
1970/01/01 16:59:59,tcp-syn,1
1970/01/01 17:00:02,tcp-syn,3
1970/01/01 17:00:11,tcp-syn,1
1970/01/01 17:00:12,tcp-syn,5
1970/01/01 17:00:28,tcp-syn,1
1970/01/01 17:00:31,tcp-syn,2
1970/01/01 17:00:32,tcp-syn,1
1970/01/01 17:00:34,tcp-syn,1
1970/01/01 17:00:37,tcp-syn,2
1970/01/01 17:00:38,tcp-syn,1
1970/01/01 17:00:48,tcp-syn,2
1970/01/01 17:00:48,udp,1
1970/01/01 17:00:51,udp,1
1970/01/01 17:00:53,tcp-syn,2
1970/01/01 17:01:03,tcp-syn,2
1970/01/01 17:01:10,tcp-syn,3
1970/01/01 17:01:15,tcp-syn,1
1970/01/01 17:01:21,udp,2
1970/01/01 17:01:25,tcp-syn,2
1970/01/01 17:01:27,tcp-syn,1
1970/01/01 17:01:31,tcp-syn,2
1970/01/01 17:01:34,udp,2
1970/01/01 17:01:37,tcp-syn,1
1970/01/01 17:01:39,tcp-syn,1
1970/01/01 17:01:40,tcp-syn,1
1970/01/01 17:01:41,tcp-syn,3
1970/01/01 17:01:44,tcp-syn,1
1970/01/01 17:01:49,tcp-syn,1
1970/01/01 17:01:50,tcp-syn,1
1970/01/01 17:01:51,tcp-syn,1
1970/01/01 17:01:53,tcp-syn,2
1970/01/01 17:02:00,tcp-syn,4
1970/01/01 17:02:04,udp,2
1970/01/01 17:02:08,tcp-syn,1
1970/01/01 17:02:22,tcp-syn,2
1970/01/01 17:02:27,tcp-syn,1
1970/01/01 17:02:29,tcp-syn,1
1970/01/01 17:02:35,tcp-syn,1
1970/01/01 17:02:37,tcp-syn,2
1970/01/01 17:02:41,tcp-syn,2
1970/01/01 17:02:43,tcp-syn,1
1970/01/01 17:02:49,tcp-syn,2
1970/01/01 17:03:03,tcp-syn,1
1970/01/01 17:03:09,tcp-syn,1
1970/01/01 17:03:10,tcp-syn,1
1970/01/01 17:03:12,tcp-syn,1
1970/01/01 17:03:14,tcp-syn,2
1970/01/01 17:03:24,udp,1
1970/01/01 17:03:25,tcp-syn,1
1970/01/01 17:03:35,tcp-syn,1
1970/01/01 17:03:41,tcp-syn,1
1970/01/01 17:03:43,tcp-syn,1
1970/01/01 17:03:45,tcp-syn,1
1970/01/01 17:03:46,tcp-syn,2
1970/01/01 17:03:49,tcp-syn,1
1970/01/01 17:04:00,tcp-syn,1
1970/01/01 17:04:02,udp,6
1970/01/01 17:04:04,tcp-syn,1
1970/01/01 17:04:08,tcp-syn,1
1970/01/01 17:04:14,tcp-syn,2
1970/01/01 17:04:15,tcp-syn,1
1970/01/01 17:04:19,tcp-syn,1
1970/01/01 17:04:21,tcp-syn,2
1970/01/01 17:04:23,tcp-syn,1
1970/01/01 17:04:26,tcp-syn,2
1970/01/01 17:04:35,udp,2
1970/01/01 17:04:37,udp,2
1970/01/01 17:04:46,tcp-syn,1
1970/01/01 17:04:48,tcp-syn,2
1970/01/01 17:04:49,tcp-syn,1
1970/01/01 17:04:58,tcp-syn,1
1970/01/01 17:05:01,tcp-syn,1
1970/01/01 17:05:03,tcp-syn,1
1970/01/01 17:05:25,udp,2
1970/01/01 17:05:27,tcp-syn,1
1970/01/01 17:05:29,tcp-syn,1
1970/01/01 17:05:31,tcp-syn,1
1970/01/01 17:05:35,tcp-syn,1
1970/01/01 17:05:36,tcp-syn,1
1970/01/01 17:05:37,tcp-syn,2
1970/01/01 17:05:47,tcp-syn,1
1970/01/01 17:05:48,udp,1
1970/01/01 17:06:06,tcp-syn,1
1970/01/01 17:06:08,tcp-syn,2
1970/01/01 17:06:12,tcp-syn,1
1970/01/01 17:06:23,tcp-syn,2
1970/01/01 17:06:29,tcp-syn,1
1970/01/01 17:07:05,tcp-syn,1
1970/01/01 17:07:06,tcp-syn,2
1970/01/01 17:07:09,tcp-syn,1
1970/01/01 17:07:09,udp,1
1970/01/01 17:07:17,tcp-syn,2
1970/01/01 17:07:18,udp,1
1970/01/01 17:07:25,tcp-syn,1
1970/01/01 17:07:35,tcp-syn,1
1970/01/01 17:07:39,tcp-syn,1
1970/01/01 17:07:43,tcp-syn,1
1970/01/01 17:07:44,tcp-syn,1
1970/01/01 17:07:45,tcp-syn,1
1970/01/01 17:07:47,tcp-syn,1
1970/01/01 17:07:51,tcp-syn,1
1970/01/01 17:08:02,tcp-syn,1
1970/01/01 17:08:08,tcp-syn,1
1970/01/01 17:08:20,tcp-syn,2
1970/01/01 17:08:24,tcp-syn,2
1970/01/01 17:08:25,tcp-syn,2
1970/01/01 17:08:26,tcp-syn,3
1970/01/01 17:08:27,tcp-syn,1
1970/01/01 17:08:32,tcp-syn,1
1970/01/01 17:08:33,tcp-syn,1
1970/01/01 17:08:37,tcp-syn,1
1970/01/01 17:08:40,tcp-syn,2
1970/01/01 17:08:45,tcp-syn,2
1970/01/01 17:09:04,udp,2
1970/01/01 17:09:06,tcp-syn,1
1970/01/01 17:09:12,tcp-syn,2
1970/01/01 17:09:16,udp,1
1970/01/01 17:09:23,tcp-syn,1
1970/01/01 17:09:26,tcp-syn,1
1970/01/01 17:09:28,tcp-syn,1
1970/01/01 17:09:28,udp,1
1970/01/01 17:09:29,tcp-syn,1
1970/01/01 17:09:36,tcp-syn,1
1970/01/01 17:09:45,tcp-syn,1
1970/01/01 17:09:46,tcp-syn,1
1970/01/01 17:09:48,tcp-syn,3
1970/01/01 17:09:52,tcp-syn,2
1970/01/01 17:09:56,tcp-syn,1
1970/01/01 17:10:15,tcp-syn,1
1970/01/01 17:10:17,tcp-syn,1
1970/01/01 17:10:19,tcp-syn,3
1970/01/01 17:10:21,tcp-syn,1
1970/01/01 17:10:22,tcp-syn,4
1970/01/01 17:10:25,tcp-syn,2
1970/01/01 17:10:27,tcp-syn,1
1970/01/01 17:10:28,tcp-syn,5
1970/01/01 17:10:29,tcp-syn,1
1970/01/01 17:10:29,udp,1
1970/01/01 17:10:33,tcp-syn,1
1970/01/01 17:10:35,tcp-syn,1
1970/01/01 17:10:37,tcp-syn,1
1970/01/01 17:10:41,tcp-syn,1
1970/01/01 17:10:43,tcp-syn,3
1970/01/01 17:10:52,tcp-syn,1
1970/01/01 17:10:54,tcp-syn,1
1970/01/01 17:10:57,tcp-syn,2
1970/01/01 17:10:58,tcp-syn,1
1970/01/01 17:11:00,udp,2
1970/01/01 17:11:00,icmp,1
1970/01/01 17:11:07,tcp-syn,3
1970/01/01 17:11:09,tcp-syn,1
1970/01/01 17:11:10,tcp-syn,1
1970/01/01 17:11:11,tcp-syn,1
1970/01/01 17:11:18,tcp-syn,1
1970/01/01 17:11:26,tcp-syn,1
1970/01/01 17:11:33,tcp-syn,1
1970/01/01 17:11:45,tcp-syn,2
1970/01/01 17:11:56,tcp-syn,1
1970/01/01 17:12:00,tcp-syn,2
1970/01/01 17:12:04,tcp-syn,1
1970/01/01 17:12:06,tcp-syn,1
1970/01/01 17:12:25,tcp-syn,1
1970/01/01 17:12:26,tcp-syn,2
1970/01/01 17:12:28,tcp-syn,1
1970/01/01 17:12:30,tcp-syn,1
1970/01/01 17:12:45,tcp-syn,1
1970/01/01 17:12:47,udp,1
1970/01/01 17:12:51,udp,2
1970/01/01 17:12:54,tcp-syn,2
1970/01/01 17:12:58,tcp-syn,1
1970/01/01 17:13:16,tcp-syn,1
1970/01/01 17:13:30,tcp-syn,1
1970/01/01 17:13:31,tcp-syn,1
1970/01/01 17:13:45,icmp,1
1970/01/01 17:13:46,tcp-syn,1
1970/01/01 17:13:51,tcp-syn,2
1970/01/01 17:13:52,icmp,1
1970/01/01 17:13:56,tcp-syn,1
1970/01/01 17:14:00,tcp-syn,1
1970/01/01 17:14:01,udp,1
1970/01/01 17:14:03,tcp-syn,1
1970/01/01 17:14:16,tcp-syn,2
1970/01/01 17:14:22,udp,2
1970/01/01 17:14:28,tcp-syn,1
1970/01/01 17:14:37,tcp-syn,1
1970/01/01 17:14:38,tcp-syn,2
1970/01/01 17:14:44,tcp-syn,1
1970/01/01 17:14:48,tcp-syn,2
1970/01/01 17:14:50,tcp-syn,1
1970/01/01 17:14:56,tcp-syn,2
1970/01/01 17:15:07,tcp-syn,1
1970/01/01 17:15:09,tcp-syn,1
1970/01/01 17:15:13,tcp-syn,1
1970/01/01 17:15:15,tcp-syn,2
1970/01/01 17:15:16,tcp-syn,2
1970/01/01 17:15:17,tcp-syn,1
1970/01/01 17:15:20,tcp-syn,2
1970/01/01 17:15:33,tcp-syn,1
1970/01/01 17:15:34,tcp-syn,1
1970/01/01 17:15:36,tcp-syn,2
1970/01/01 17:15:40,tcp-syn,1
1970/01/01 17:15:42,tcp-syn,2
1970/01/01 17:15:46,tcp-syn,1
1970/01/01 17:15:51,tcp-syn,3
1970/01/01 17:15:56,tcp-syn,3
1970/01/01 17:15:57,udp,2
1970/01/01 17:16:00,tcp-syn,1
1970/01/01 17:16:18,tcp-syn,2
1970/01/01 17:16:22,tcp-syn,1
1970/01/01 17:16:39,tcp-syn,1
1970/01/01 17:16:42,tcp-syn,2
1970/01/01 17:16:45,tcp-syn,2
1970/01/01 17:16:47,tcp-syn,5
1970/01/01 17:16:55,tcp-syn,2
1970/01/01 17:16:58,tcp-syn,2
1970/01/01 17:16:59,tcp-syn,1
1970/01/01 17:17:26,tcp-syn,2
1970/01/01 17:17:27,udp,1
1970/01/01 17:17:29,tcp-syn,2
1970/01/01 17:17:35,tcp-syn,1
1970/01/01 17:17:40,tcp-syn,1
1970/01/01 17:17:41,tcp-syn,1
1970/01/01 17:17:52,tcp-syn,1
1970/01/01 17:17:55,tcp-syn,1
1970/01/01 17:18:01,tcp-syn,1
1970/01/01 17:18:06,tcp-syn,2
1970/01/01 17:18:11,tcp-syn,1
1970/01/01 17:18:18,tcp-syn,1
1970/01/01 17:18:18,udp,1
1970/01/01 17:18:19,tcp-syn,1
1970/01/01 17:18:20,udp,1
1970/01/01 17:18:21,tcp-syn,2
1970/01/01 17:18:50,tcp-syn,1
1970/01/01 17:19:00,tcp-syn,1
1970/01/01 17:19:05,tcp-syn,1
1970/01/01 17:19:07,udp,3
1970/01/01 17:19:12,tcp-syn,1
1970/01/01 17:19:16,tcp-syn,1
1970/01/01 17:19:19,tcp-syn,1
1970/01/01 17:19:32,tcp-syn,2
1970/01/01 17:19:39,tcp-syn,1
1970/01/01 17:19:49,tcp-syn,2
1970/01/01 17:19:50,tcp-syn,2
1970/01/01 17:19:56,tcp-syn,1
1970/01/01 17:20:00,tcp-syn,1
1970/01/01 17:20:03,tcp-syn,2
1970/01/01 17:20:04,tcp-syn,1
1970/01/01 17:20:09,tcp-syn,3
1970/01/01 17:20:21,tcp-syn,2
1970/01/01 17:20:23,tcp-syn,2
1970/01/01 17:20:31,tcp-syn,1
1970/01/01 17:20:32,tcp-syn,2
1970/01/01 17:20:40,tcp-syn,2
1970/01/01 17:20:42,tcp-syn,1
1970/01/01 17:20:49,tcp-syn,1
1970/01/01 17:20:56,tcp-syn,3
1970/01/01 17:21:00,tcp-syn,1
1970/01/01 17:21:04,tcp-syn,1
1970/01/01 17:21:05,tcp-syn,1
1970/01/01 17:21:08,tcp-syn,1
1970/01/01 17:21:18,udp,1
1970/01/01 17:21:28,tcp-syn,1
1970/01/01 17:21:30,tcp-syn,1
1970/01/01 17:22:07,tcp-syn,1
1970/01/01 17:22:09,tcp-syn,2
1970/01/01 17:22:25,tcp-syn,1
1970/01/01 17:22:28,tcp-syn,1
1970/01/01 17:22:30,tcp-syn,1
1970/01/01 17:22:31,tcp-syn,1
1970/01/01 17:22:33,tcp-syn,2
1970/01/01 17:22:36,tcp-syn,1
1970/01/01 17:22:42,tcp-syn,1
1970/01/01 17:22:47,tcp-syn,1
1970/01/01 17:22:56,tcp-syn,1
1970/01/01 17:23:05,tcp-syn,2
1970/01/01 17:23:06,tcp-syn,2
1970/01/01 17:23:20,tcp-syn,1
1970/01/01 17:23:23,tcp-syn,1
1970/01/01 17:23:24,tcp-syn,1
1970/01/01 17:23:35,tcp-syn,1
1970/01/01 17:23:35,other-ip,1
1970/01/01 17:23:59,tcp-syn,1
1970/01/01 17:24:10,tcp-syn,2
1970/01/01 17:24:11,tcp-syn,1
1970/01/01 17:24:16,tcp-syn,1
1970/01/01 17:24:19,tcp-syn,1
1970/01/01 17:24:27,tcp-syn,1
1970/01/01 17:24:35,tcp-syn,1
1970/01/01 17:24:40,tcp-syn,1
1970/01/01 17:24:41,icmp,1
1970/01/01 17:24:44,udp,2
1970/01/01 17:24:46,tcp-syn,1
1970/01/01 17:24:49,tcp-syn,2
1970/01/01 17:25:00,tcp-syn,5
1970/01/01 17:25:10,tcp-syn,2
1970/01/01 17:25:15,tcp-syn,1
1970/01/01 17:25:18,tcp-syn,1
1970/01/01 17:25:21,tcp-syn,5
1970/01/01 17:25:28,tcp-syn,1
1970/01/01 17:25:45,tcp-syn,1
1970/01/01 17:25:48,tcp-syn,1
1970/01/01 17:26:22,tcp-syn,1
1970/01/01 17:26:27,udp,1
1970/01/01 17:26:29,tcp-syn,1
1970/01/01 17:26:42,tcp-syn,5
1970/01/01 17:26:49,tcp-syn,3
1970/01/01 17:26:50,tcp-syn,1
1970/01/01 17:26:53,tcp-syn,1
1970/01/01 17:26:54,tcp-syn,2
1970/01/01 17:27:07,tcp-syn,2
1970/01/01 17:27:09,tcp-syn,1
1970/01/01 17:27:14,tcp-syn,2
1970/01/01 17:27:20,tcp-syn,1
1970/01/01 17:27:36,tcp-syn,2
1970/01/01 17:27:37,tcp-syn,1
1970/01/01 17:27:43,tcp-syn,1
1970/01/01 17:27:48,tcp-syn,2
1970/01/01 17:27:50,tcp-syn,1
1970/01/01 17:27:51,tcp-syn,1
1970/01/01 17:27:59,udp,1
1970/01/01 17:28:00,tcp-syn,1
1970/01/01 17:28:02,tcp-syn,1
1970/01/01 17:28:03,udp,2
1970/01/01 17:28:12,tcp-syn,1
1970/01/01 17:28:12,icmp,1
1970/01/01 17:28:14,tcp-syn,2
1970/01/01 17:28:28,tcp-syn,1
1970/01/01 17:28:36,tcp-syn,2
1970/01/01 17:28:52,tcp-syn,1
1970/01/01 17:29:05,tcp-syn,5
1970/01/01 17:29:08,tcp-syn,1
1970/01/01 17:29:11,tcp-syn,1
1970/01/01 17:29:13,tcp-syn,2
1970/01/01 17:29:25,icmp,2
1970/01/01 17:29:29,udp,4
1970/01/01 17:29:33,tcp-syn,2
1970/01/01 17:29:40,udp,2
1970/01/01 17:29:43,icmp,1
1970/01/01 17:29:46,tcp-syn,1
1970/01/01 17:29:57,tcp-syn,2
1970/01/01 17:30:07,tcp-syn,1
1970/01/01 17:30:08,tcp-syn,2
1970/01/01 17:30:10,tcp-syn,1
1970/01/01 17:30:11,tcp-syn,2
1970/01/01 17:30:22,tcp-syn,2
1970/01/01 17:30:24,tcp-syn,1
1970/01/01 17:30:51,tcp-syn,1
1970/01/01 17:30:52,udp,1
1970/01/01 17:30:52,icmp,1
1970/01/01 17:30:54,tcp-syn,5
1970/01/01 17:30:55,tcp-syn,1
1970/01/01 17:30:56,tcp-syn,1
1970/01/01 17:31:02,tcp-syn,2
1970/01/01 17:31:04,tcp-syn,2
1970/01/01 17:31:05,tcp-syn,1
1970/01/01 17:31:07,tcp-syn,2
1970/01/01 17:31:07,udp,1
1970/01/01 17:31:08,tcp-syn,1
1970/01/01 17:31:11,tcp-syn,1
1970/01/01 17:31:16,tcp-syn,1
1970/01/01 17:31:32,tcp-syn,2
1970/01/01 17:31:49,tcp-syn,2
1970/01/01 17:31:51,tcp-syn,1
1970/01/01 17:31:57,tcp-syn,2
1970/01/01 17:32:00,tcp-syn,2
1970/01/01 17:32:03,tcp-syn,1
1970/01/01 17:32:04,tcp-syn,1
1970/01/01 17:32:05,tcp-syn,2
1970/01/01 17:32:14,tcp-syn,2
1970/01/01 17:32:32,udp,2
1970/01/01 17:32:36,tcp-syn,2
1970/01/01 17:32:39,tcp-syn,2
1970/01/01 17:32:55,udp,1
1970/01/01 17:33:00,tcp-syn,1
1970/01/01 17:33:02,tcp-syn,1
1970/01/01 17:33:05,tcp-syn,1
1970/01/01 17:33:07,tcp-syn,2
1970/01/01 17:33:21,tcp-syn,1
1970/01/01 17:33:26,tcp-syn,1
1970/01/01 17:33:28,tcp-syn,1
1970/01/01 17:33:31,tcp-syn,3
1970/01/01 17:33:33,udp,1
1970/01/01 17:33:35,tcp-syn,1
1970/01/01 17:33:38,tcp-syn,2
1970/01/01 17:33:39,tcp-syn,1
1970/01/01 17:33:45,tcp-syn,1
1970/01/01 17:33:48,tcp-syn,1
1970/01/01 17:33:50,tcp-syn,5
1970/01/01 17:33:55,tcp-syn,1
1970/01/01 17:34:08,tcp-syn,1
1970/01/01 17:34:09,tcp-syn,2
1970/01/01 17:34:14,tcp-syn,1
1970/01/01 17:34:15,tcp-syn,1
1970/01/01 17:34:18,tcp-syn,2
1970/01/01 17:34:24,tcp-syn,1
1970/01/01 17:34:29,tcp-syn,1
1970/01/01 17:34:33,tcp-syn,1
1970/01/01 17:34:34,tcp-syn,1
1970/01/01 17:34:36,tcp-syn,1
1970/01/01 17:34:39,tcp-syn,1
1970/01/01 17:34:40,tcp-syn,5
1970/01/01 17:34:46,tcp-syn,1
1970/01/01 17:34:50,tcp-syn,2
1970/01/01 17:34:51,tcp-syn,2
1970/01/01 17:35:02,tcp-syn,2
1970/01/01 17:35:03,tcp-syn,1
1970/01/01 17:35:11,tcp-syn,1
1970/01/01 17:35:14,tcp-syn,4
1970/01/01 17:35:20,tcp-syn,1
1970/01/01 17:35:24,tcp-syn,2
1970/01/01 17:35:27,tcp-syn,2
1970/01/01 17:35:28,udp,2
1970/01/01 17:35:31,tcp-syn,1
1970/01/01 17:35:37,tcp-syn,2
1970/01/01 17:35:42,tcp-syn,2
1970/01/01 17:35:48,tcp-syn,2
1970/01/01 17:35:54,tcp-syn,1
1970/01/01 17:35:56,tcp-syn,2
1970/01/01 17:35:57,tcp-syn,1
1970/01/01 17:35:59,tcp-syn,1
1970/01/01 17:36:11,tcp-syn,2
1970/01/01 17:36:17,tcp-syn,1
1970/01/01 17:36:21,tcp-syn,1
1970/01/01 17:36:22,tcp-syn,1
1970/01/01 17:36:23,tcp-syn,1
1970/01/01 17:36:31,tcp-syn,1
1970/01/01 17:36:34,tcp-syn,1
1970/01/01 17:36:43,tcp-syn,1
1970/01/01 17:36:45,tcp-syn,1
1970/01/01 17:36:46,tcp-syn,1
1970/01/01 17:36:49,udp,1
1970/01/01 17:36:50,udp,2
1970/01/01 17:36:52,tcp-syn,1
1970/01/01 17:36:53,tcp-syn,2
1970/01/01 17:36:58,tcp-syn,1
1970/01/01 17:37:01,tcp-syn,1
1970/01/01 17:37:03,tcp-syn,2
1970/01/01 17:37:08,tcp-syn,1
1970/01/01 17:37:09,tcp-syn,1
1970/01/01 17:37:14,tcp-syn,2
1970/01/01 17:37:18,tcp-syn,1
1970/01/01 17:37:24,tcp-syn,1
1970/01/01 17:37:26,tcp-syn,1
1970/01/01 17:37:28,tcp-syn,1
1970/01/01 17:37:31,tcp-syn,1
1970/01/01 17:37:36,tcp-syn,1
1970/01/01 17:37:44,tcp-syn,1
1970/01/01 17:37:46,tcp-syn,1
1970/01/01 17:37:54,tcp-syn,2
1970/01/01 17:38:05,tcp-syn,1
1970/01/01 17:38:12,tcp-syn,1
1970/01/01 17:38:15,tcp-syn,1
1970/01/01 17:38:19,tcp-syn,1
1970/01/01 17:38:26,tcp-syn,1
1970/01/01 17:38:27,tcp-syn,1
1970/01/01 17:38:30,tcp-syn,1
1970/01/01 17:38:31,tcp-syn,2
1970/01/01 17:38:36,tcp-syn,2
1970/01/01 17:38:42,tcp-syn,1
1970/01/01 17:38:50,tcp-syn,2
1970/01/01 17:39:07,tcp-syn,2
1970/01/01 17:39:12,tcp-syn,1
1970/01/01 17:39:15,tcp-syn,1
1970/01/01 17:39:18,tcp-syn,1
1970/01/01 17:39:19,tcp-syn,1
1970/01/01 17:39:26,tcp-syn,2
1970/01/01 17:39:31,udp,1
1970/01/01 17:39:34,tcp-syn,2
1970/01/01 17:39:37,tcp-syn,2
1970/01/01 17:39:41,udp,1
1970/01/01 17:39:47,tcp-syn,1
1970/01/01 17:39:50,udp,1
1970/01/01 17:39:56,tcp-syn,2
1970/01/01 17:39:58,tcp-syn,1
1970/01/01 17:40:00,tcp-syn,1
1970/01/01 17:40:12,tcp-syn,1
1970/01/01 17:40:17,tcp-syn,1
1970/01/01 17:40:18,tcp-syn,1
1970/01/01 17:40:25,tcp-syn,1
1970/01/01 17:40:27,tcp-syn,1
1970/01/01 17:40:33,tcp-syn,1
1970/01/01 17:40:35,tcp-syn,3
1970/01/01 17:40:46,tcp-syn,1
1970/01/01 17:40:49,udp,2
1970/01/01 17:41:02,tcp-syn,1
1970/01/01 17:41:17,tcp-syn,1
1970/01/01 17:41:20,udp,1
1970/01/01 17:41:21,tcp-syn,1
1970/01/01 17:41:26,udp,1
1970/01/01 17:41:29,tcp-syn,1
1970/01/01 17:41:31,tcp-syn,1
1970/01/01 17:41:41,tcp-syn,1
1970/01/01 17:41:51,tcp-syn,1
1970/01/01 17:41:59,tcp-syn,1
1970/01/01 17:42:07,tcp-syn,1
1970/01/01 17:42:21,tcp-syn,1
1970/01/01 17:42:28,tcp-syn,1
1970/01/01 17:42:29,tcp-syn,2
1970/01/01 17:42:30,tcp-syn,1
1970/01/01 17:42:35,tcp-syn,1
1970/01/01 17:42:41,tcp-syn,1
1970/01/01 17:42:43,tcp-syn,1
1970/01/01 17:42:46,tcp-syn,5
1970/01/01 17:42:58,tcp-syn,1
1970/01/01 17:43:05,tcp-syn,1
1970/01/01 17:43:20,tcp-syn,1
1970/01/01 17:43:22,tcp-syn,1
1970/01/01 17:43:26,tcp-syn,2
1970/01/01 17:43:28,tcp-syn,1
1970/01/01 17:43:29,udp,2
1970/01/01 17:43:41,tcp-syn,5
1970/01/01 17:43:43,tcp-syn,1
1970/01/01 17:43:50,tcp-syn,2
1970/01/01 17:43:50,icmp,1
1970/01/01 17:43:54,tcp-syn,1
1970/01/01 17:44:02,tcp-syn,1
1970/01/01 17:44:08,tcp-syn,2
1970/01/01 17:44:10,tcp-syn,1
1970/01/01 17:44:11,tcp-syn,2
1970/01/01 17:44:12,tcp-syn,1
1970/01/01 17:44:13,tcp-syn,2
1970/01/01 17:44:23,tcp-syn,1
1970/01/01 17:44:35,tcp-syn,1
1970/01/01 17:44:37,tcp-syn,1
1970/01/01 17:44:43,tcp-syn,1
1970/01/01 17:44:48,tcp-syn,1
1970/01/01 17:44:49,tcp-syn,2
1970/01/01 17:44:55,tcp-syn,2
1970/01/01 17:45:01,tcp-syn,2
1970/01/01 17:45:06,tcp-syn,2
1970/01/01 17:45:08,tcp-syn,2
1970/01/01 17:45:11,tcp-syn,1
1970/01/01 17:45:12,tcp-syn,2
1970/01/01 17:45:18,tcp-syn,1
1970/01/01 17:45:20,tcp-syn,1
1970/01/01 17:45:27,tcp-syn,1
1970/01/01 17:45:30,tcp-syn,1
1970/01/01 17:45:37,tcp-syn,1
1970/01/01 17:45:40,tcp-syn,2
1970/01/01 17:45:45,tcp-syn,1
1970/01/01 17:45:47,udp,2
1970/01/01 17:45:50,tcp-syn,1
1970/01/01 17:45:52,tcp-syn,1
1970/01/01 17:46:01,tcp-syn,2
1970/01/01 17:46:08,tcp-syn,1
1970/01/01 17:46:16,tcp-syn,1
1970/01/01 17:46:21,tcp-syn,1
1970/01/01 17:46:36,tcp-syn,2
1970/01/01 17:46:39,tcp-syn,2
1970/01/01 17:46:40,tcp-syn,1
1970/01/01 17:46:41,tcp-syn,1
1970/01/01 17:46:45,udp,1
1970/01/01 17:46:50,tcp-syn,1
1970/01/01 17:46:53,tcp-syn,3
1970/01/01 17:46:58,tcp-syn,1
1970/01/01 17:47:00,udp,1
1970/01/01 17:47:03,tcp-syn,1
1970/01/01 17:47:09,tcp-syn,2
1970/01/01 17:47:17,tcp-syn,5
1970/01/01 17:47:20,tcp-syn,1
1970/01/01 17:47:22,tcp-syn,2
1970/01/01 17:47:23,tcp-syn,1
1970/01/01 17:47:45,tcp-syn,2
1970/01/01 17:47:46,tcp-syn,1
1970/01/01 17:47:49,tcp-syn,2
1970/01/01 17:47:50,tcp-syn,1
1970/01/01 17:47:52,tcp-syn,2
1970/01/01 17:48:02,tcp-syn,2
1970/01/01 17:48:04,tcp-syn,2
1970/01/01 17:48:06,tcp-syn,2
1970/01/01 17:48:07,tcp-syn,4
1970/01/01 17:48:12,tcp-syn,1
1970/01/01 17:48:16,tcp-syn,1
1970/01/01 17:48:17,tcp-syn,1
1970/01/01 17:48:18,tcp-syn,1
1970/01/01 17:48:23,tcp-syn,1
1970/01/01 17:48:28,tcp-syn,2
1970/01/01 17:48:30,tcp-syn,1
1970/01/01 17:48:41,tcp-syn,1
1970/01/01 17:48:47,tcp-syn,1
1970/01/01 17:48:48,tcp-syn,1
1970/01/01 17:49:04,tcp-syn,1
1970/01/01 17:49:19,tcp-syn,2
1970/01/01 17:49:40,tcp-syn,1
1970/01/01 17:49:54,tcp-syn,1
1970/01/01 17:49:58,tcp-syn,1
1970/01/01 17:50:06,tcp-syn,1
1970/01/01 17:50:15,tcp-syn,1
1970/01/01 17:50:18,tcp-syn,1
1970/01/01 17:50:26,tcp-syn,2
1970/01/01 17:50:29,tcp-syn,2
1970/01/01 17:50:34,tcp-syn,1
1970/01/01 17:50:37,tcp-syn,1
1970/01/01 17:50:39,tcp-syn,1
1970/01/01 17:50:41,tcp-syn,1
1970/01/01 17:50:42,tcp-syn,2
1970/01/01 17:50:46,tcp-syn,2
1970/01/01 17:50:50,tcp-syn,2
1970/01/01 17:50:52,tcp-syn,1
1970/01/01 17:50:57,tcp-syn,1
1970/01/01 17:50:59,tcp-syn,1
1970/01/01 17:51:01,tcp-syn,1
1970/01/01 17:51:08,tcp-syn,1
1970/01/01 17:51:09,tcp-syn,1
1970/01/01 17:51:17,tcp-syn,1
1970/01/01 17:51:25,tcp-syn,2
1970/01/01 17:51:26,tcp-syn,1
1970/01/01 17:51:34,tcp-syn,1
1970/01/01 17:51:40,icmp,1
1970/01/01 17:51:44,tcp-syn,1
1970/01/01 17:51:47,tcp-syn,1
1970/01/01 17:51:50,tcp-syn,1
1970/01/01 17:51:50,udp,2
1970/01/01 17:52:01,tcp-syn,2
1970/01/01 17:52:03,tcp-syn,3
1970/01/01 17:52:15,tcp-syn,1
1970/01/01 17:52:28,tcp-syn,2
1970/01/01 17:52:31,tcp-syn,2
1970/01/01 17:52:32,tcp-syn,1
1970/01/01 17:52:33,tcp-syn,1
1970/01/01 17:52:39,other-ip,1
1970/01/01 17:52:43,tcp-syn,1
1970/01/01 17:52:57,tcp-syn,2
1970/01/01 17:52:59,tcp-syn,1
1970/01/01 17:53:04,tcp-syn,1
1970/01/01 17:53:12,tcp-syn,1
1970/01/01 17:53:16,tcp-syn,1
1970/01/01 17:53:21,tcp-syn,1
1970/01/01 17:53:24,tcp-syn,1
1970/01/01 17:53:26,tcp-syn,1
1970/01/01 17:53:28,tcp-syn,1
1970/01/01 17:53:32,tcp-syn,1
1970/01/01 17:53:38,tcp-syn,1
1970/01/01 17:53:40,udp,2
1970/01/01 17:53:42,tcp-syn,1
1970/01/01 17:53:46,udp,1
1970/01/01 17:53:47,tcp-syn,22
1970/01/01 17:53:48,tcp-syn,5
1970/01/01 17:53:49,icmp,1
1970/01/01 17:53:51,tcp-syn,1
1970/01/01 17:53:55,tcp-syn,1
1970/01/01 17:53:56,tcp-syn,1
1970/01/01 17:54:00,tcp-syn,1
1970/01/01 17:54:02,tcp-syn,1
1970/01/01 17:54:04,udp,1
1970/01/01 17:54:07,tcp-syn,2
1970/01/01 17:54:08,tcp-syn,1
1970/01/01 17:54:12,tcp-syn,1
1970/01/01 17:54:15,tcp-syn,2
1970/01/01 17:54:15,icmp,1
1970/01/01 17:54:17,tcp-syn,5
1970/01/01 17:54:24,tcp-syn,2
1970/01/01 17:54:29,tcp-syn,2
1970/01/01 17:54:30,tcp-syn,1
1970/01/01 17:54:33,udp,1
1970/01/01 17:54:54,tcp-syn,1
1970/01/01 17:55:04,tcp-syn,1
1970/01/01 17:55:07,tcp-syn,1
1970/01/01 17:55:10,tcp-syn,1
1970/01/01 17:55:13,tcp-syn,1
1970/01/01 17:55:22,tcp-syn,1
1970/01/01 17:55:24,tcp-syn,1
1970/01/01 17:55:25,tcp-syn,2
1970/01/01 17:55:30,tcp-syn,2
1970/01/01 17:55:32,tcp-syn,2
1970/01/01 17:55:36,tcp-syn,1
1970/01/01 17:55:38,tcp-syn,2
1970/01/01 17:55:40,tcp-syn,1
1970/01/01 17:55:41,tcp-syn,1
1970/01/01 17:55:47,tcp-syn,1
1970/01/01 17:55:56,tcp-syn,1
1970/01/01 17:55:58,icmp,1
1970/01/01 17:56:00,udp,1
1970/01/01 17:56:14,tcp-syn,1
1970/01/01 17:56:15,tcp-syn,1
1970/01/01 17:56:23,tcp-syn,1
1970/01/01 17:56:24,tcp-syn,1
1970/01/01 17:56:30,udp,1
1970/01/01 17:56:33,udp,1
1970/01/01 17:56:36,udp,6
1970/01/01 17:56:40,tcp-syn,5
1970/01/01 17:56:41,udp,2
1970/01/01 17:56:42,tcp-syn,3
1970/01/01 17:56:46,tcp-syn,1
1970/01/01 17:56:59,tcp-syn,1
1970/01/01 17:57:05,tcp-syn,1
1970/01/01 17:57:10,tcp-syn,2
1970/01/01 17:57:11,tcp-syn,1
1970/01/01 17:57:13,tcp-syn,2
1970/01/01 17:57:16,tcp-syn,1
1970/01/01 17:57:18,tcp-syn,1
1970/01/01 17:57:22,tcp-syn,1
1970/01/01 17:57:28,tcp-syn,1
1970/01/01 17:57:29,tcp-syn,1
1970/01/01 17:57:34,tcp-syn,1
1970/01/01 17:57:35,tcp-syn,2
1970/01/01 17:57:39,tcp-syn,2
1970/01/01 17:57:42,tcp-syn,2
1970/01/01 17:57:45,tcp-syn,1
1970/01/01 17:57:50,tcp-syn,1
1970/01/01 17:57:59,tcp-syn,1
1970/01/01 17:58:04,tcp-syn,1
1970/01/01 17:58:14,tcp-syn,4
1970/01/01 17:58:22,udp,1
1970/01/01 17:58:25,tcp-syn,2
1970/01/01 17:58:33,tcp-syn,2
1970/01/01 17:58:34,udp,2
1970/01/01 17:58:38,tcp-syn,1
1970/01/01 17:58:41,tcp-syn,2
1970/01/01 17:58:42,tcp-syn,1
1970/01/01 17:58:44,tcp-syn,1
1970/01/01 17:58:44,udp,1
1970/01/01 17:58:46,udp,1
1970/01/01 17:58:48,tcp-syn,1
1970/01/01 17:59:04,tcp-syn,2
1970/01/01 17:59:09,tcp-syn,1
1970/01/01 17:59:11,tcp-syn,1
1970/01/01 17:59:13,tcp-syn,2
1970/01/01 17:59:14,tcp-syn,1
1970/01/01 17:59:17,tcp-syn,2
1970/01/01 17:59:22,tcp-syn,1
1970/01/01 17:59:27,tcp-syn,1
1970/01/01 17:59:30,tcp-syn,1
1970/01/01 17:59:34,tcp-syn,1
1970/01/01 17:59:37,tcp-syn,1
1970/01/01 17:59:42,udp,2
1970/01/01 17:59:43,tcp-syn,1
1970/01/01 17:59:47,udp,2
1970/01/01 17:59:56,tcp-syn,1
1970/01/01 17:59:57,tcp-syn,1
1970/01/01 17:59:58,tcp-syn,2
